Timestamp,Open,High,Low,Close,Volume
2025-12-08 07:45:00.000,182.86,182.94,182.86,182.94,3258
2025-12-08 07:50:00.000,182.949,182.949,182.88,182.88,3279
2025-12-08 07:55:00.000,182.88,182.88,182.79,182.86,4250
2025-12-08 08:00:00.000,182.0,183.13,181.86,182.93,369053
2025-12-08 08:05:00.000,182.93,182.94,182.8221,182.86,14116
2025-12-08 08:10:00.000,182.86,182.89,182.61,182.77,26746
2025-12-08 08:15:00.000,182.77,182.77,182.5607,182.7,28996
2025-12-08 08:20:00.000,182.6501,183.02,182.29,182.39,68015
2025-12-08 08:25:00.000,182.41,182.52,182.36,182.4655,21073
2025-12-08 08:30:00.000,182.5,182.5,182.31,182.38,31424
2025-12-08 08:35:00.000,182.36,182.49,182.36,182.43,19123
2025-12-08 08:40:00.000,182.42,182.6397,182.38,182.6,29383
2025-12-08 08:45:00.000,182.5901,182.61,182.49,182.52,20895
2025-12-08 08:50:00.000,182.52,182.52,182.41,182.46,14778
2025-12-08 08:55:00.000,182.47,182.52,182.43,182.43,20146
2025-12-08 09:00:00.000,182.43,182.64,182.43,182.6399,16839
2025-12-08 09:05:00.000,182.64,182.64,182.52,182.5295,15258
2025-12-08 09:10:00.000,182.5201,182.5498,182.43,182.4399,33543
2025-12-08 09:15:00.000,182.4395,182.45,182.3606,182.4,30393
2025-12-08 09:20:00.000,182.4,182.47,182.35,182.35,21341
2025-12-08 09:25:00.000,182.35,182.86,182.23,182.68,78900
2025-12-08 09:30:00.000,182.68,185.7,182.52,184.4453,6391016
2025-12-08 09:35:00.000,184.44,185.69,184.24,185.18,2890265
2025-12-08 09:40:00.000,185.168,185.29,184.3535,185.16,2291043
2025-12-08 09:45:00.000,185.16,185.48,184.0201,184.37,2236226
2025-12-08 09:50:00.000,184.38,184.64,183.5349,183.74,1877654
2025-12-08 09:55:00.000,183.73,183.7992,183.23,183.325,1645152
2025-12-08 10:00:00.000,183.325,183.77,183.3,183.48,1336966
2025-12-08 10:05:00.000,183.48,183.48,182.9,183.085,1606629
2025-12-08 10:10:00.000,183.0901,183.36,182.74,183.3599,1317559
2025-12-08 10:15:00.000,183.36,183.45,182.905,182.92,1176861
2025-12-08 10:20:00.000,182.9365,183.07,182.68,182.905,1202587
2025-12-08 10:25:00.000,182.915,183.1226,182.4,183.0506,1469354
2025-12-08 10:30:00.000,183.05,183.75,182.86,183.65,1620098
2025-12-08 10:35:00.000,183.65,183.91,183.47,183.637,1389467
2025-12-08 10:40:00.000,183.645,184.13,183.56,184.025,1259937
2025-12-08 10:45:00.000,184.02,184.5399,184.015,184.1949,1559743
2025-12-08 10:50:00.000,184.2,184.205,183.7,183.85,1043853
2025-12-08 10:55:00.000,183.85,183.99,183.5,183.6401,1062611
2025-12-08 11:00:00.000,183.64,183.65,183.3,183.43,872117
2025-12-08 11:05:00.000,183.43,183.58,183.12,183.42,949735
2025-12-08 11:10:00.000,183.415,183.68,183.36,183.4401,782783
2025-12-08 11:15:00.000,183.43,183.63,183.22,183.42,725639
2025-12-08 11:20:00.000,183.39,183.815,183.39,183.5787,807417
2025-12-08 11:25:00.000,183.58,183.64,183.36,183.485,730779
2025-12-08 11:30:00.000,183.47,183.55,183.22,183.31,634177
2025-12-08 11:35:00.000,183.315,183.47,183.1702,183.38,603792
2025-12-08 11:40:00.000,183.405,183.5383,183.155,183.32,730324
2025-12-08 11:45:00.000,183.315,183.5,183.205,183.31,515931
2025-12-08 11:50:00.000,183.3099,183.6899,183.3099,183.605,638474
2025-12-08 11:55:00.000,183.615,183.68,183.47,183.57,544489
2025-12-08 12:00:00.000,183.57,183.58,182.91,183.0759,941398
2025-12-08 12:05:00.000,183.07,183.475,183.04,183.465,574941
2025-12-08 12:10:00.000,183.465,183.52,183.0712,183.235,623644
2025-12-08 12:15:00.000,183.23,183.45,183.14,183.225,465221
2025-12-08 12:20:00.000,183.225,183.42,183.2,183.33,367396
2025-12-08 12:25:00.000,183.345,183.4399,183.18,183.405,499361
2025-12-08 12:30:00.000,183.4039,183.485,183.32,183.3912,523310
2025-12-08 12:35:00.000,183.39,183.55,183.345,183.345,597807
2025-12-08 12:40:00.000,183.34,183.5,183.135,183.135,573486
2025-12-08 12:45:00.000,183.145,183.27,182.9,183.125,769578
2025-12-08 12:50:00.000,183.1299,183.37,183.089,183.245,565500
2025-12-08 12:55:00.000,183.25,186.49,183.13,185.83,4982103
2025-12-08 13:00:00.000,185.85,186.74,185.6,185.93,3688778
2025-12-08 13:05:00.000,185.93,187.5,185.77,187.455,3106121
2025-12-08 13:10:00.000,187.4499,187.99,187.02,187.41,3183896
2025-12-08 13:15:00.000,187.4017,187.8399,186.6125,186.7749,2309575
2025-12-08 13:20:00.000,186.77,187.7,186.7,186.86,1972313
2025-12-08 13:25:00.000,186.86,186.94,185.81,185.8941,1978571
2025-12-08 13:30:00.000,185.88,186.08,185.219,185.33,1635911
2025-12-08 13:35:00.000,185.32,185.99,185.22,185.77,1417920
2025-12-08 13:40:00.000,185.7856,185.79,185.075,185.44,1254253
2025-12-08 13:45:00.000,185.43,185.75,185.18,185.26,1132772
2025-12-08 13:50:00.000,185.265,185.34,184.9215,185.021,1007754
2025-12-08 13:55:00.000,185.03,185.05,184.23,184.43,1399713
2025-12-08 14:00:00.000,184.44,184.48,183.73,183.98,1433147
2025-12-08 14:05:00.000,183.98,184.275,183.85,184.055,1102337
2025-12-08 14:10:00.000,184.06,184.26,183.85,184.24,827876
2025-12-08 14:15:00.000,184.2474,184.58,184.19,184.435,1063248
2025-12-08 14:20:00.000,184.48,184.65,184.38,184.4298,879283
2025-12-08 14:25:00.000,184.425,184.74,184.3908,184.7065,815175
2025-12-08 14:30:00.000,184.7001,184.97,184.56,184.91,936187
2025-12-08 14:35:00.000,184.925,185.08,184.68,184.7099,941485
2025-12-08 14:40:00.000,184.695,184.7799,184.51,184.68,656606
2025-12-08 14:45:00.000,184.69,184.695,184.32,184.545,712706
2025-12-08 14:50:00.000,184.545,184.93,184.48,184.8145,775747
2025-12-08 14:55:00.000,184.81,184.81,184.3102,184.375,776397
2025-12-08 15:00:00.000,184.38,184.73,184.38,184.645,807298
2025-12-08 15:05:00.000,184.65,184.67,184.39,184.59,602800
2025-12-08 15:10:00.000,184.59,184.74,184.425,184.7341,648188
2025-12-08 15:15:00.000,184.74,184.84,184.425,184.67,936865
2025-12-08 15:20:00.000,184.68,184.9499,184.61,184.61,879483
2025-12-08 15:25:00.000,184.61,184.99,184.52,184.885,867860
2025-12-08 15:30:00.000,184.9,184.945,184.61,184.665,685496
2025-12-08 15:35:00.000,184.6615,184.68,184.305,184.3599,1027042
2025-12-08 15:40:00.000,184.36,184.57,184.23,184.5601,891122
2025-12-08 15:45:00.000,184.57,184.74,184.42,184.6,932881
2025-12-08 15:50:00.000,184.62,185.18,184.595,184.93,1837365
2025-12-08 15:55:00.000,184.94,185.6,184.78,185.58,3177951
2025-12-08 16:00:00.000,185.585,185.66,185.5,185.6199,16266426
2025-12-08 16:05:00.000,185.6101,185.73,185.55,185.7184,285154
2025-12-08 16:10:00.000,185.71,185.77,185.66,185.71,72931
2025-12-08 16:15:00.000,185.69,185.72,185.58,185.6001,34263
2025-12-08 16:20:00.000,185.55,185.6591,185.55,185.65,101077
2025-12-08 16:25:00.000,185.641,187.45,185.55,186.89,187509
2025-12-08 16:30:00.000,186.96,188.35,186.83,187.37,472054
2025-12-08 16:35:00.000,187.32,187.99,185.55,187.89,352423
2025-12-08 16:40:00.000,187.8817,189.55,185.55,189.512,527672
2025-12-08 16:45:00.000,189.51,189.99,189.21,189.7909,570636
2025-12-08 16:50:00.000,189.81,189.9,188.9,189.12,442299
2025-12-08 16:55:00.000,189.13,189.39,188.78,189.1999,202284
2025-12-08 17:00:00.000,189.15,189.86,189.1,189.52,281377
2025-12-08 17:05:00.000,189.5201,189.85,189.51,189.6,197814
2025-12-08 17:10:00.000,189.62,190.24,185.55,190.2107,244287
2025-12-08 17:15:00.000,190.21,190.58,185.55,190.3068,331921
2025-12-08 17:20:00.000,190.3076,190.99,190.3076,190.91,336276
2025-12-08 17:25:00.000,190.95,190.99,190.21,190.26,235505
2025-12-08 17:30:00.000,190.2501,190.3138,189.73,189.8303,190008
2025-12-08 17:35:00.000,189.87,189.92,189.63,189.7701,142605
2025-12-08 17:40:00.000,189.76,189.85,189.6299,189.7106,98501
2025-12-08 17:45:00.000,189.73,189.8,189.71,189.75,64745
2025-12-08 17:50:00.000,189.7498,190.14,189.5,190.1,214255
2025-12-08 17:55:00.000,190.1,190.3713,190.08,190.2074,178414
2025-12-08 18:00:00.000,190.14,190.28,185.55,190.0,286063
2025-12-08 18:05:00.000,190.0,190.05,189.9,190.03,87810
2025-12-08 18:10:00.000,190.03,190.08,189.6,189.6,82654
2025-12-08 18:15:00.000,189.6016,189.7,189.45,189.64,134382
2025-12-08 18:20:00.000,189.65,189.65,189.12,189.28,100920
2025-12-08 18:25:00.000,189.2804,189.55,189.2507,189.52,64664
2025-12-08 18:30:00.000,189.51,189.53,185.55,189.3679,199983
2025-12-08 18:35:00.000,189.37,189.37,189.2,189.21,61388
2025-12-08 18:40:00.000,189.2,189.3,189.16,189.2401,48310
2025-12-08 18:45:00.000,189.25,189.55,189.24,189.47,68488
2025-12-08 18:50:00.000,189.45,189.68,189.4,189.68,98085
2025-12-08 18:55:00.000,189.7,189.7,189.46,189.48,73541
2025-12-08 19:00:00.000,189.4932,189.58,189.4704,189.56,33750
2025-12-08 19:05:00.000,189.59,189.66,189.56,189.62,62093
2025-12-08 19:10:00.000,189.63,189.639,189.53,189.5301,20886
2025-12-08 19:15:00.000,189.52,189.58,189.4301,189.46,22790
2025-12-08 19:20:00.000,189.4801,189.6,189.4801,189.52,25651
2025-12-08 19:25:00.000,189.5391,189.6,189.5129,189.5899,28155
2025-12-08 19:30:00.000,189.5897,189.6,189.58,189.6,27017
2025-12-08 19:35:00.000,189.6,189.74,189.59,189.72,40721
2025-12-08 19:40:00.000,189.7284,189.96,189.7284,189.9599,40048
2025-12-08 19:45:00.000,189.9697,189.97,189.7,189.75,66384
2025-12-08 19:50:00.000,189.7479,189.9,189.738,189.89,78486
2025-12-08 19:55:00.000,189.9,189.94,189.8105,189.8987,94737
2025-12-08 20:00:00.000,189.93,190.18,189.9,190.04,2296
2025-12-08 20:05:00.000,189.9,189.97,189.53,189.97,2549
2025-12-08 20:10:00.000,189.92,189.92,189.74,189.76,1876
2025-12-08 20:15:00.000,189.76,189.92,189.74,189.89,1577
2025-12-08 20:20:00.000,189.9,189.96,189.81,189.81,2511
2025-12-08 20:25:00.000,189.87,189.87,189.69,189.7,1358
2025-12-08 20:30:00.000,189.68,189.68,189.32,189.32,2674
2025-12-08 20:35:00.000,189.31,189.43,189.31,189.33,2226
2025-12-08 20:40:00.000,189.3,189.62,189.27,189.44,3828
2025-12-08 20:45:00.000,189.48,189.54,189.37,189.48,2131
2025-12-08 20:50:00.000,189.46,189.61,189.44,189.53,2138
2025-12-08 20:55:00.000,189.55,189.57,189.48,189.56,1402
2025-12-08 21:00:00.000,189.56,189.58,189.49,189.53,1157
2025-12-08 21:05:00.000,189.45,189.52,189.44,189.5,1062
2025-12-08 21:10:00.000,189.51,189.52,189.42,189.47,1258
2025-12-08 21:15:00.000,189.49,189.54,189.49,189.52,613
2025-12-08 21:20:00.000,189.52,189.54,189.51,189.53,688
2025-12-08 21:25:00.000,189.49,189.49,189.46,189.46,418
2025-12-08 21:30:00.000,189.46,189.46,189.35,189.38,1211
2025-12-08 21:35:00.000,189.35,189.35,189.26,189.26,956
2025-12-08 21:40:00.000,189.29,189.3,189.25,189.29,801
2025-12-08 21:45:00.000,189.3,189.35,189.3,189.33,454
2025-12-08 21:50:00.000,189.31,189.35,189.31,189.35,840
2025-12-08 21:55:00.000,189.35,189.36,189.26,189.26,633
2025-12-08 22:00:00.000,189.26,189.26,188.96,188.98,1354
2025-12-08 22:05:00.000,188.99,189.03,188.89,189.01,3468
2025-12-08 22:10:00.000,188.96,188.98,188.83,188.86,1276
2025-12-08 22:15:00.000,188.84,188.99,188.78,188.97,4926
2025-12-08 22:20:00.000,188.97,188.97,188.71,188.72,1180
2025-12-08 22:25:00.000,188.69,188.74,188.57,188.57,1370
2025-12-08 22:30:00.000,188.59,188.94,188.59,188.8,2587
2025-12-08 22:35:00.000,188.84,188.91,188.77,188.91,584
2025-12-08 22:40:00.000,188.93,189.0,188.93,188.97,969
2025-12-08 22:45:00.000,189.03,189.25,189.03,189.19,2832
2025-12-08 22:50:00.000,189.2,189.44,189.19,189.43,1980
2025-12-08 22:55:00.000,189.36,189.42,189.36,189.37,733
2025-12-08 23:00:00.000,189.36,189.45,189.36,189.45,838
2025-12-08 23:05:00.000,189.46,189.46,189.42,189.44,836
2025-12-08 23:10:00.000,189.43,189.43,189.43,189.43,2
2025-12-08 23:15:00.000,189.44,189.47,189.37,189.45,604
2025-12-08 23:20:00.000,189.46,189.5,189.46,189.48,351
2025-12-08 23:25:00.000,189.42,189.62,189.42,189.61,631
2025-12-08 23:30:00.000,189.6,189.7,189.58,189.65,2176
2025-12-08 23:35:00.000,189.66,189.67,189.59,189.59,370
2025-12-08 23:40:00.000,189.66,189.69,189.66,189.69,208
2025-12-08 23:45:00.000,189.66,189.67,189.61,189.67,1031
2025-12-08 23:50:00.000,189.65,189.66,189.65,189.66,13
2025-12-08 23:55:00.000,189.66,189.76,189.66,189.76,1122
2025-12-09 00:00:00.000,189.73,189.74,189.7,189.7,584
2025-12-09 00:05:00.000,189.65,189.66,189.52,189.52,1003
2025-12-09 00:10:00.000,189.51,189.51,189.32,189.32,866
2025-12-09 00:15:00.000,189.3,189.3,189.2,189.2,1796
2025-12-09 00:20:00.000,189.25,189.25,189.18,189.18,592
2025-12-09 00:25:00.000,189.18,189.22,189.14,189.22,1446
2025-12-09 00:30:00.000,189.21,189.35,189.21,189.35,2010
2025-12-09 00:35:00.000,189.33,189.57,189.33,189.57,1236
2025-12-09 00:40:00.000,189.54,189.56,189.51,189.51,1211
2025-12-09 00:45:00.000,189.54,189.54,189.37,189.4,901
2025-12-09 00:50:00.000,189.42,189.47,189.39,189.4,844
2025-12-09 00:55:00.000,189.42,189.47,189.34,189.47,1194
2025-12-09 01:00:00.000,189.45,189.45,189.34,189.35,478
2025-12-09 01:05:00.000,189.37,189.38,189.35,189.38,571
2025-12-09 01:10:00.000,189.4,189.47,189.4,189.47,666
2025-12-09 01:15:00.000,189.49,189.49,189.44,189.48,1153
2025-12-09 01:20:00.000,189.52,189.54,189.48,189.5,829
2025-12-09 01:25:00.000,189.5,189.5,189.47,189.48,403
2025-12-09 01:30:00.000,189.51,189.51,189.46,189.5,1440
2025-12-09 01:35:00.000,189.5,189.52,189.49,189.52,529
2025-12-09 01:40:00.000,189.49,189.69,189.49,189.69,1298
2025-12-09 01:45:00.000,189.69,189.74,189.6,189.6,682
2025-12-09 01:50:00.000,189.73,189.8,189.73,189.8,34
2025-12-09 01:55:00.000,189.82,189.86,189.82,189.86,957
2025-12-09 02:00:00.000,189.86,189.91,189.86,189.9,2845
2025-12-09 02:05:00.000,189.9,189.92,189.88,189.9,2778
2025-12-09 02:10:00.000,189.87,189.87,189.67,189.67,1495
2025-12-09 02:15:00.000,189.61,189.62,189.59,189.59,503
2025-12-09 02:20:00.000,189.58,189.63,189.58,189.62,344
2025-12-09 02:25:00.000,189.64,189.68,189.57,189.6,396
2025-12-09 02:30:00.000,189.58,189.7,189.58,189.7,937
2025-12-09 02:35:00.000,189.75,189.75,189.71,189.72,252
2025-12-09 02:40:00.000,189.73,189.73,189.67,189.69,188
2025-12-09 02:45:00.000,189.74,189.78,189.74,189.78,421
2025-12-09 02:50:00.000,189.81,189.85,189.81,189.82,498
2025-12-09 02:55:00.000,189.81,189.81,189.74,189.74,3063
2025-12-09 03:00:00.000,189.74,189.84,189.74,189.8,1008
2025-12-09 03:05:00.000,189.8,189.8,189.61,189.61,419
2025-12-09 03:10:00.000,189.62,189.62,189.48,189.48,925
2025-12-09 03:15:00.000,189.48,189.53,189.48,189.5,719
2025-12-09 03:20:00.000,189.54,189.64,189.54,189.64,1114
2025-12-09 03:25:00.000,189.58,189.6,189.48,189.52,1051
2025-12-09 03:30:00.000,189.44,189.5,189.4,189.5,783
2025-12-09 03:35:00.000,189.5,189.55,189.5,189.55,251
2025-12-09 03:40:00.000,189.52,189.52,189.52,189.52,74
2025-12-09 03:45:00.000,189.49,189.49,189.49,189.49,19
2025-12-09 03:50:00.000,189.48,189.48,189.48,189.48,1
2025-12-09 04:00:00.000,189.53,189.56,189.04,189.04,7129
2025-12-09 04:05:00.000,189.05,189.08,188.65,188.8,14946
2025-12-09 04:10:00.000,188.83,189.0,188.81,188.81,8409
2025-12-09 04:15:00.000,188.7,188.74,188.54,188.56,9984
2025-12-09 04:20:00.000,188.54,188.62,188.35,188.56,11590
2025-12-09 04:25:00.000,188.6,188.6,188.34,188.35,3214
2025-12-09 04:30:00.000,188.52,188.72,188.52,188.62,3803
2025-12-09 04:35:00.000,188.62,188.62,188.32,188.32,3138
2025-12-09 04:40:00.000,188.25,188.54,188.2,188.49,3422
2025-12-09 04:45:00.000,188.55,188.56,188.48,188.53,2660
2025-12-09 04:50:00.000,188.49,188.52,188.44,188.52,1323
2025-12-09 04:55:00.000,188.45,188.57,188.31,188.57,2780
2025-12-09 05:00:00.000,188.49,188.49,188.4,188.46,966
2025-12-09 05:05:00.000,188.5,188.53,188.26,188.38,3423
2025-12-09 05:10:00.000,188.47,188.72,188.47,188.56,4664
2025-12-09 05:15:00.000,188.55,188.93,188.55,188.67,3848
2025-12-09 05:20:00.000,188.72,188.95,188.7,188.95,7469
2025-12-09 05:25:00.000,188.97,189.0,188.9,189.0,10845
2025-12-09 05:30:00.000,188.97,189.25,188.97,189.03,5421
2025-12-09 05:35:00.000,189.01,189.13,187.68,187.83,38472
2025-12-09 05:40:00.000,187.61,188.33,186.68,187.48,65302
2025-12-09 05:45:00.000,187.48,187.71,186.26,186.58,31698
2025-12-09 05:50:00.000,186.78,187.1,186.35,186.78,47430
2025-12-09 05:55:00.000,186.84,186.88,186.38,186.41,20606
2025-12-09 06:00:00.000,186.41,186.41,185.71,186.1,45005
2025-12-09 06:05:00.000,186.12,186.36,185.98,186.15,18936
2025-12-09 06:10:00.000,186.1,186.15,185.0,185.3,61831
2025-12-09 06:15:00.000,185.42,185.72,184.8,185.58,41797
2025-12-09 06:20:00.000,185.53,185.8,185.28,185.28,36254
2025-12-09 06:25:00.000,185.42,185.81,185.37,185.8,27869
2025-12-09 06:30:00.000,185.8,185.83,185.57,185.75,20237
2025-12-09 06:35:00.000,185.85,185.88,185.71,185.84,6933
2025-12-09 06:40:00.000,185.8,186.48,185.76,186.3,29919
2025-12-09 06:45:00.000,186.33,186.66,186.33,186.55,17594
2025-12-09 06:50:00.000,186.54,186.69,186.39,186.66,18274
2025-12-09 06:55:00.000,186.63,186.87,186.4,186.66,13637
2025-12-09 07:00:00.000,186.67,187.43,186.67,187.36,42850
2025-12-09 07:05:00.000,187.32,187.6,187.26,187.48,36511
2025-12-09 07:10:00.000,187.45,187.64,187.29,187.29,26548
2025-12-09 07:15:00.000,187.28,187.4,187.12,187.15,14440
2025-12-09 07:20:00.000,187.21,187.46,187.03,187.21,17784
2025-12-09 07:25:00.000,187.29,187.35,187.11,187.35,9696
2025-12-09 07:30:00.000,187.38,187.47,187.26,187.3,13730
2025-12-09 07:35:00.000,187.3,187.3,187.19,187.27,14995
2025-12-09 07:40:00.000,187.279,187.279,187.089,187.14,8884
2025-12-09 07:45:00.000,187.14,187.2,187.0,187.18,11378
2025-12-09 07:50:00.000,187.18,187.27,187.18,187.27,9262
2025-12-09 07:55:00.000,187.27,187.36,187.22,187.29,29989
2025-12-09 08:00:00.000,187.4,189.92,184.96,187.16,1199043
2025-12-09 08:05:00.000,187.1816,187.3691,187.14,187.19,117581
2025-12-09 08:10:00.000,187.19,187.19,187.04,187.1,56589
2025-12-09 08:15:00.000,187.1,187.2,186.93,187.15,42719
2025-12-09 08:20:00.000,187.1305,187.2,186.87,186.99,54340
2025-12-09 08:25:00.000,186.9501,187.1,186.8914,186.9,44980
2025-12-09 08:30:00.000,186.8901,186.9,186.31,186.4,118584
2025-12-09 08:35:00.000,186.32,186.45,185.86,186.42,195980
2025-12-09 08:40:00.000,186.42,186.45,186.06,186.0632,79560
2025-12-09 08:45:00.000,186.08,186.25,185.93,186.1303,94335
2025-12-09 08:50:00.000,186.1,186.24,186.0809,186.1132,63796
2025-12-09 08:55:00.000,186.1487,186.62,186.11,186.58,76561
2025-12-09 09:00:00.000,186.53,186.67,186.46,186.6199,104533
2025-12-09 09:05:00.000,186.58,186.6,186.13,186.26,110121
2025-12-09 09:10:00.000,186.26,186.45,186.12,186.4,64310
2025-12-09 09:15:00.000,186.36,186.44,186.1737,186.32,65136
2025-12-09 09:20:00.000,186.3501,186.44,185.88,186.0768,105723
2025-12-09 09:25:00.000,186.08,186.51,185.49,185.57,241695
2025-12-09 09:30:00.000,185.57,185.5925,183.32,183.96,5715930
2025-12-09 09:35:00.000,183.96,185.0,183.65,184.7753,2801276
2025-12-09 09:40:00.000,184.79,185.02,184.06,184.41,2047116
2025-12-09 09:45:00.000,184.435,185.07,184.095,184.5941,2181770
2025-12-09 09:50:00.000,184.61,184.94,183.84,183.96,1829219
2025-12-09 09:55:00.000,183.97,184.3,183.75,184.07,1397054
2025-12-09 10:00:00.000,184.1,184.8725,183.96,184.605,1768382
2025-12-09 10:05:00.000,184.585,184.91,184.43,184.7999,1246364
2025-12-09 10:10:00.000,184.7954,184.8,184.46,184.5301,1045229
2025-12-09 10:15:00.000,184.5165,184.56,184.01,184.195,1352064
2025-12-09 10:20:00.000,184.19,184.4299,184.0234,184.42,1178488
2025-12-09 10:25:00.000,184.42,184.72,184.2295,184.63,1394543
2025-12-09 10:30:00.000,184.641,184.84,184.36,184.4501,1498829
2025-12-09 10:35:00.000,184.4579,184.5095,184.15,184.47,1054403
2025-12-09 10:40:00.000,184.475,185.15,184.45,185.0841,1903647
2025-12-09 10:45:00.000,185.0918,185.12,184.41,184.62,1442054
2025-12-09 10:50:00.000,184.61,185.3,184.61,185.1951,1528745
2025-12-09 10:55:00.000,185.195,185.3,184.93,185.195,930910
2025-12-09 11:00:00.000,185.19,185.7167,185.16,185.38,1449761
2025-12-09 11:05:00.000,185.3999,185.6182,184.93,185.1651,1348818
2025-12-09 11:10:00.000,185.155,185.17,184.825,185.0,808064
2025-12-09 11:15:00.000,184.995,185.22,184.95,185.0899,742167
2025-12-09 11:20:00.000,185.09,185.12,184.78,184.9341,941623
2025-12-09 11:25:00.000,184.94,185.2,184.89,185.07,741060
2025-12-09 11:30:00.000,185.08,185.15,184.87,184.9851,523245
2025-12-09 11:35:00.000,184.98,185.1424,184.85,184.88,703530
2025-12-09 11:40:00.000,184.8946,184.92,184.28,184.435,1278237
2025-12-09 11:45:00.000,184.44,184.7,184.3541,184.6025,790519
2025-12-09 11:50:00.000,184.6,184.82,184.6,184.8101,675594
2025-12-09 11:55:00.000,184.81,184.835,184.575,184.63,535398
2025-12-09 12:00:00.000,184.625,184.89,184.5,184.8551,698213
2025-12-09 12:05:00.000,184.855,184.95,184.65,184.9259,730470
2025-12-09 12:10:00.000,184.9299,184.95,184.735,184.8418,449910
2025-12-09 12:15:00.000,184.85,184.89,184.67,184.793,572383
2025-12-09 12:20:00.000,184.7951,184.9001,184.73,184.83,519463
2025-12-09 12:25:00.000,184.83,185.07,184.81,184.888,907166
2025-12-09 12:30:00.000,184.89,185.01,184.8478,184.925,429393
2025-12-09 12:35:00.000,184.925,185.11,184.78,185.0523,580018
2025-12-09 12:40:00.000,185.055,185.18,184.865,184.965,647368
2025-12-09 12:45:00.000,184.955,184.96,184.78,184.83,458952
2025-12-09 12:50:00.000,184.83,184.9799,184.815,184.95,389417
2025-12-09 12:55:00.000,184.95,185.1083,184.88,185.085,492067
2025-12-09 13:00:00.000,185.095,185.1295,184.86,184.9552,508867
2025-12-09 13:05:00.000,184.955,184.995,184.895,184.945,322444
2025-12-09 13:10:00.000,184.95,185.02,184.77,184.89,533020
2025-12-09 13:15:00.000,184.8732,184.97,184.7801,184.925,416823
2025-12-09 13:20:00.000,184.925,184.9301,184.75,184.85,382187
2025-12-09 13:25:00.000,184.84,184.93,184.76,184.8582,332772
2025-12-09 13:30:00.000,184.85,184.9,184.675,184.715,396904
2025-12-09 13:35:00.000,184.715,184.8498,184.535,184.79,613863
2025-12-09 13:40:00.000,184.8,184.8459,184.5201,184.629,547783
2025-12-09 13:45:00.000,184.64,184.7999,184.48,184.77,670678
2025-12-09 13:50:00.000,184.775,184.9599,184.72,184.8901,457613
2025-12-09 13:55:00.000,184.8897,184.98,184.755,184.76,392003
2025-12-09 14:00:00.000,184.7652,184.8,184.525,184.59,535618
2025-12-09 14:05:00.000,184.6,184.7,184.53,184.6903,523581
2025-12-09 14:10:00.000,184.6949,184.775,184.5301,184.565,388920
2025-12-09 14:15:00.000,184.565,184.68,184.52,184.6651,444878
2025-12-09 14:20:00.000,184.66,184.76,184.58,184.66,398678
2025-12-09 14:25:00.000,184.667,184.73,184.5,184.545,384523
2025-12-09 14:30:00.000,184.535,184.75,184.48,184.685,673694
2025-12-09 14:35:00.000,184.685,184.725,184.51,184.52,432873
2025-12-09 14:40:00.000,184.525,184.56,184.36,184.37,499216
2025-12-09 14:45:00.000,184.385,184.41,184.26,184.32,608180
2025-12-09 14:50:00.000,184.3267,184.51,184.32,184.425,553092
2025-12-09 14:55:00.000,184.42,184.43,184.11,184.225,732647
2025-12-09 15:00:00.000,184.22,184.2599,184.02,184.205,726078
2025-12-09 15:05:00.000,184.21,184.4,184.1366,184.34,692298
2025-12-09 15:10:00.000,184.34,184.4151,184.29,184.3218,454915
2025-12-09 15:15:00.000,184.325,184.33,184.16,184.245,566091
2025-12-09 15:20:00.000,184.25,184.35,184.19,184.3059,437910
2025-12-09 15:25:00.000,184.3,184.3782,184.25,184.33,452477
2025-12-09 15:30:00.000,184.32,184.41,184.225,184.235,597338
2025-12-09 15:35:00.000,184.23,184.52,184.1948,184.39,678665
2025-12-09 15:40:00.000,184.385,184.515,184.28,184.4745,675435
2025-12-09 15:45:00.000,184.47,184.58,184.37,184.535,708051
2025-12-09 15:50:00.000,184.54,184.94,184.46,184.68,1406997
2025-12-09 15:55:00.000,184.7,185.17,184.7,184.97,2031753
2025-12-09 16:00:00.000,184.97,185.11,184.87,184.902,13163674
2025-12-09 16:05:00.000,184.92,184.97,184.7,184.7601,44802
2025-12-09 16:10:00.000,184.78,184.8,184.71,184.7899,29355
2025-12-09 16:15:00.000,184.7901,184.85,184.66,184.73,35780
2025-12-09 16:20:00.000,184.97,184.97,184.71,184.76,35098
2025-12-09 16:25:00.000,184.76,184.97,184.7,184.7,145096
2025-12-09 16:30:00.000,184.7,184.8,184.7,184.76,6288
2025-12-09 16:35:00.000,184.7275,184.73,184.28,184.7,25321
2025-12-09 16:40:00.000,184.7,184.73,184.522,184.522,18736
2025-12-09 16:45:00.000,184.52,184.57,184.4711,184.5118,16754
2025-12-09 16:50:00.000,184.51,184.56,184.51,184.52,8198
2025-12-09 16:55:00.000,184.56,184.57,184.51,184.5484,9339
2025-12-09 17:00:00.000,184.55,184.65,184.53,184.6199,14786
2025-12-09 17:05:00.000,184.62,184.65,184.6099,184.63,10147
2025-12-09 17:10:00.000,184.62,184.71,184.62,184.7,7306
2025-12-09 17:15:00.000,184.7008,184.97,184.67,184.7012,8091
2025-12-09 17:20:00.000,184.68,184.7,184.64,184.6433,4041
2025-12-09 17:25:00.000,184.64,184.67,184.64,184.65,4191
2025-12-09 17:30:00.000,184.66,184.7,184.65,184.69,6820
2025-12-09 17:35:00.000,184.69,184.88,184.6803,184.6803,24258
2025-12-09 17:40:00.000,184.66,184.97,184.51,184.97,101955
2025-12-09 17:45:00.000,184.5997,184.97,184.53,184.58,55560
2025-12-09 17:50:00.000,184.5801,184.5996,184.53,184.5996,5981
2025-12-09 17:55:00.000,184.5808,184.6,184.53,184.5752,4246
2025-12-09 18:00:00.000,184.58,184.7,184.56,184.66,15864
2025-12-09 18:05:00.000,184.68,184.7,184.63,184.66,13884
2025-12-09 18:10:00.000,184.65,184.65,184.58,184.5992,3828
2025-12-09 18:15:00.000,184.5855,184.6,184.5204,184.53,5297
2025-12-09 18:20:00.000,184.56,184.56,184.52,184.52,9224
2025-12-09 18:25:00.000,184.51,184.5597,184.51,184.5597,5779
2025-12-09 18:30:00.000,184.54,184.56,184.52,184.53,7377
2025-12-09 18:35:00.000,184.53,184.55,184.51,184.5201,8399
2025-12-09 18:40:00.000,184.5211,184.54,184.51,184.52,5626
2025-12-09 18:45:00.000,184.56,184.56,184.51,184.51,6160
2025-12-09 18:50:00.000,184.51,184.52,184.5,184.5,8729
2025-12-09 18:55:00.000,184.51,184.52,184.5,184.5001,16144
2025-12-09 19:00:00.000,184.5,184.52,184.46,184.47,13802
2025-12-09 19:05:00.000,184.45,184.51,184.45,184.51,13330
2025-12-09 19:10:00.000,184.4801,184.53,184.4801,184.5253,5969
2025-12-09 19:15:00.000,184.52,184.5294,184.41,184.43,17122
2025-12-09 19:20:00.000,184.4499,184.48,184.4,184.4,9354
2025-12-09 19:25:00.000,184.36,184.41,184.29,184.3326,14128
2025-12-09 19:30:00.000,184.3314,184.34,184.29,184.29,8547
2025-12-09 19:35:00.000,184.29,184.3,184.2501,184.26,16163
2025-12-09 19:40:00.000,184.27,184.3,184.23,184.29,9400
2025-12-09 19:45:00.000,184.27,184.3,184.2101,184.23,14939
2025-12-09 19:50:00.000,184.23,184.24,184.2,184.2001,14712
2025-12-09 19:55:00.000,184.2003,184.3268,184.2,184.32,40450
2025-12-09 20:00:00.000,184.29,184.32,184.24,184.3,1185
2025-12-09 20:05:00.000,184.28,184.32,184.19,184.19,1340
2025-12-09 20:10:00.000,184.16,184.19,184.12,184.15,1816
2025-12-09 20:15:00.000,184.16,184.16,184.0,184.03,3342
2025-12-09 20:20:00.000,184.06,184.2,184.06,184.19,2112
2025-12-09 20:25:00.000,184.15,184.22,184.14,184.22,516
2025-12-09 20:30:00.000,184.22,184.22,184.08,184.08,1730
2025-12-09 20:35:00.000,184.09,184.14,184.09,184.09,631
2025-12-09 20:40:00.000,184.07,184.13,184.06,184.06,1660
2025-12-09 20:45:00.000,184.03,184.05,184.01,184.02,1438
2025-12-09 20:50:00.000,184.02,184.06,184.02,184.05,1686
2025-12-09 20:55:00.000,184.05,184.1,184.05,184.06,1296
2025-12-09 21:00:00.000,184.05,184.1,184.03,184.06,1710
2025-12-09 21:05:00.000,184.04,184.04,184.01,184.04,601
2025-12-09 21:10:00.000,184.04,184.11,184.03,184.11,1063
2025-12-09 21:15:00.000,184.12,184.16,184.1,184.16,1169
2025-12-09 21:20:00.000,184.18,184.21,184.08,184.09,2412
2025-12-09 21:25:00.000,184.08,184.09,184.03,184.05,663
2025-12-09 21:30:00.000,184.04,184.07,184.01,184.07,84
2025-12-09 21:35:00.000,184.06,184.06,184.06,184.06,20
2025-12-09 21:45:00.000,184.04,184.06,184.04,184.05,641
2025-12-09 21:50:00.000,184.1,184.14,184.08,184.11,515
2025-12-09 21:55:00.000,184.1,184.11,184.07,184.11,329
2025-12-09 22:00:00.000,184.13,184.14,184.12,184.12,452
2025-12-09 22:05:00.000,184.13,184.16,184.13,184.16,156
2025-12-09 22:10:00.000,184.16,184.17,184.1,184.16,921
2025-12-09 22:15:00.000,184.16,184.16,184.11,184.11,1141
2025-12-09 22:20:00.000,184.12,184.15,184.1,184.13,1341
2025-12-09 22:25:00.000,184.13,184.13,184.09,184.09,865
2025-12-09 22:30:00.000,184.09,184.12,184.08,184.11,360
2025-12-09 22:35:00.000,184.11,184.12,184.11,184.12,201
2025-12-09 22:40:00.000,184.12,184.12,184.06,184.12,701
2025-12-09 22:45:00.000,184.13,184.14,184.13,184.14,399
2025-12-09 22:50:00.000,184.13,184.13,184.11,184.11,304
2025-12-09 22:55:00.000,184.13,184.14,184.13,184.14,404
2025-12-09 23:00:00.000,184.15,184.19,184.15,184.16,1082
2025-12-09 23:05:00.000,184.16,184.19,184.15,184.19,492
2025-12-09 23:10:00.000,184.19,184.19,184.19,184.19,587
2025-12-09 23:15:00.000,184.19,184.23,184.18,184.23,1285
2025-12-09 23:20:00.000,184.22,184.22,184.22,184.22,1
2025-12-09 23:25:00.000,184.23,184.23,184.19,184.19,250
2025-12-09 23:30:00.000,184.21,184.24,184.21,184.24,346
2025-12-09 23:35:00.000,184.25,184.3,184.25,184.3,803
2025-12-09 23:40:00.000,184.28,184.28,184.27,184.27,124
2025-12-09 23:45:00.000,184.27,184.29,184.27,184.29,120
2025-12-09 23:50:00.000,184.29,184.29,184.27,184.27,180
2025-12-09 23:55:00.000,184.28,184.28,184.23,184.23,280
2025-12-10 00:00:00.000,184.24,184.27,184.24,184.27,43
2025-12-10 00:05:00.000,184.26,184.26,184.24,184.24,130
2025-12-10 00:10:00.000,184.22,184.23,184.22,184.23,421
2025-12-10 00:15:00.000,184.25,184.25,184.23,184.23,75
2025-12-10 00:20:00.000,184.23,184.25,184.22,184.22,410
2025-12-10 00:25:00.000,184.22,184.27,184.2,184.27,642
2025-12-10 00:35:00.000,184.31,184.31,184.24,184.24,393
2025-12-10 00:40:00.000,184.19,184.24,184.17,184.22,1043
2025-12-10 00:45:00.000,184.21,184.26,184.21,184.26,1022
2025-12-10 00:50:00.000,184.27,184.29,184.27,184.29,111
2025-12-10 00:55:00.000,184.27,184.28,184.27,184.27,140
2025-12-10 01:00:00.000,184.27,184.29,184.27,184.29,162
2025-12-10 01:05:00.000,184.29,184.46,184.29,184.42,1648
2025-12-10 01:10:00.000,184.42,184.44,184.39,184.41,1331
2025-12-10 01:15:00.000,184.44,184.51,184.44,184.48,885
2025-12-10 01:20:00.000,184.47,184.53,184.47,184.53,743
2025-12-10 01:25:00.000,184.53,184.54,184.53,184.54,501
2025-12-10 01:30:00.000,184.56,184.64,184.56,184.63,880
2025-12-10 01:35:00.000,184.62,184.65,184.61,184.65,637
2025-12-10 01:40:00.000,184.66,184.68,184.64,184.64,646
2025-12-10 01:45:00.000,184.63,184.68,184.63,184.68,823
2025-12-10 01:50:00.000,184.68,184.68,184.6,184.6,975
2025-12-10 01:55:00.000,184.61,184.61,184.57,184.58,1192
2025-12-10 02:00:00.000,184.63,184.66,184.6,184.62,676
2025-12-10 02:05:00.000,184.63,184.67,184.63,184.67,753
2025-12-10 02:10:00.000,184.67,184.68,184.66,184.68,584
2025-12-10 02:15:00.000,184.68,184.71,184.68,184.71,397
2025-12-10 02:20:00.000,184.71,184.84,184.71,184.84,600
2025-12-10 02:25:00.000,184.87,184.87,184.81,184.83,876
2025-12-10 02:30:00.000,184.83,184.89,184.83,184.89,330
2025-12-10 02:35:00.000,184.91,184.96,184.91,184.96,210
2025-12-10 02:40:00.000,184.97,184.97,184.95,184.95,413
2025-12-10 02:45:00.000,184.94,184.94,184.9,184.94,418
2025-12-10 02:50:00.000,184.93,184.94,184.88,184.88,275
2025-12-10 02:55:00.000,184.87,184.87,184.81,184.84,1198
2025-12-10 03:00:00.000,184.83,184.87,184.83,184.85,377
2025-12-10 03:05:00.000,184.87,184.99,184.87,184.99,1930
2025-12-10 03:10:00.000,184.97,184.99,184.93,184.93,758
2025-12-10 03:15:00.000,184.99,185.14,184.98,185.12,1109
2025-12-10 03:20:00.000,185.11,185.21,185.09,185.21,1707
2025-12-10 03:25:00.000,185.21,185.21,185.08,185.08,3982
2025-12-10 03:30:00.000,185.06,185.06,184.92,184.92,941
2025-12-10 03:35:00.000,184.93,184.97,184.93,184.94,48
2025-12-10 03:40:00.000,184.89,184.97,184.89,184.94,58
2025-12-10 03:45:00.000,184.89,184.89,184.81,184.82,108
2025-12-10 03:50:00.000,184.8,184.8,184.75,184.75,153
2025-12-10 03:55:00.000,184.78,184.78,184.78,184.78,1
2025-12-10 04:00:00.000,184.81,184.81,184.5,184.6,4148
2025-12-10 04:05:00.000,184.66,184.76,184.66,184.76,864
2025-12-10 04:10:00.000,184.68,184.76,184.68,184.76,1754
2025-12-10 04:15:00.000,184.7,184.7,184.65,184.68,1777
2025-12-10 04:20:00.000,184.7,184.71,184.69,184.69,569
2025-12-10 04:30:00.000,184.65,184.65,184.65,184.65,125
2025-12-10 04:35:00.000,184.7,184.7,184.67,184.67,321
2025-12-10 04:40:00.000,184.71,184.71,184.71,184.71,453
2025-12-10 04:55:00.000,184.79,184.81,184.79,184.8,600
2025-12-10 05:00:00.000,184.8,185.7,184.8,185.35,21240
2025-12-10 05:05:00.000,185.35,185.39,185.0,185.15,3707
2025-12-10 05:10:00.000,185.11,185.23,185.11,185.15,2425
2025-12-10 05:15:00.000,185.05,185.11,184.9,184.91,4840
2025-12-10 05:20:00.000,185.05,185.06,184.87,184.97,2155
2025-12-10 05:25:00.000,184.8,184.8,184.49,184.49,4168
2025-12-10 05:30:00.000,184.5,184.54,184.3,184.54,8313
2025-12-10 05:35:00.000,184.5,184.6,184.45,184.6,2316
2025-12-10 05:40:00.000,184.56,184.6,184.56,184.6,300
2025-12-10 05:45:00.000,184.56,184.56,184.47,184.55,2724
2025-12-10 05:50:00.000,184.6,184.69,184.6,184.63,2259
2025-12-10 05:55:00.000,184.55,184.7,184.55,184.61,2475
2025-12-10 06:00:00.000,184.55,186.0,184.36,184.81,46555
2025-12-10 06:05:00.000,184.84,184.91,184.77,184.91,6047
2025-12-10 06:10:00.000,184.92,185.5,184.88,185.31,16767
2025-12-10 06:15:00.000,185.29,185.45,185.19,185.2,5762
2025-12-10 06:20:00.000,185.11,185.11,185.1,185.1,620
2025-12-10 06:25:00.000,185.15,185.2,185.05,185.05,1670
2025-12-10 06:30:00.000,185.03,185.11,185.03,185.11,4264
2025-12-10 06:35:00.000,185.15,185.6,185.15,185.55,12381
2025-12-10 06:40:00.000,185.42,185.52,185.28,185.32,9396
2025-12-10 06:45:00.000,185.25,185.31,185.2,185.2,4635
2025-12-10 06:50:00.000,185.39,185.7,185.39,185.54,2784
2025-12-10 06:55:00.000,185.5,185.53,185.5,185.53,833
2025-12-10 07:00:00.000,185.43,185.46,185.01,185.17,13079
2025-12-10 07:05:00.000,185.11,185.39,184.98,185.28,9680
2025-12-10 07:10:00.000,185.27,185.35,185.25,185.27,3286
2025-12-10 07:15:00.000,185.2,185.23,185.06,185.19,3199
2025-12-10 07:20:00.000,185.22,185.25,185.15,185.16,3393
2025-12-10 07:25:00.000,185.17,185.24,185.08,185.24,6562
2025-12-10 07:30:00.000,185.25,185.31,185.2,185.3,8611
2025-12-10 07:35:00.000,185.29,185.36,185.22,185.22,8932
2025-12-10 07:40:00.000,185.15,185.7,185.15,185.33,19531
2025-12-10 07:45:00.000,185.29,185.32,185.21,185.32,2549
2025-12-10 07:50:00.000,185.33,185.36,185.24,185.3,8327
2025-12-10 07:55:00.000,185.28,185.42,185.28,185.42,2850
2025-12-10 08:00:00.000,185.44,186.0,184.17,185.3729,409024
2025-12-10 08:05:00.000,185.41,185.68,185.3301,185.6012,56893
2025-12-10 08:10:00.000,185.6012,185.64,185.45,185.52,40484
2025-12-10 08:15:00.000,185.52,185.56,185.44,185.48,20809
2025-12-10 08:20:00.000,185.5,185.64,185.45,185.55,29143
2025-12-10 08:25:00.000,185.58,185.68,185.5,185.56,31149
2025-12-10 08:30:00.000,185.54,185.54,185.4,185.49,18870
2025-12-10 08:35:00.000,185.44,185.47,185.31,185.44,31969
2025-12-10 08:40:00.000,185.45,185.5,185.4,185.4,36459
2025-12-10 08:45:00.000,185.42,185.42,185.32,185.37,30554
2025-12-10 08:50:00.000,185.35,185.44,185.27,185.41,26954
2025-12-10 08:55:00.000,185.38,185.4,184.46,185.3,29554
2025-12-10 09:00:00.000,185.3,185.4101,184.8,185.24,91873
2025-12-10 09:05:00.000,185.2,185.2607,184.5,184.9926,66748
2025-12-10 09:10:00.000,184.9963,185.0352,184.87,184.9568,26464
2025-12-10 09:15:00.000,184.96,185.06,184.88,184.88,36990
2025-12-10 09:20:00.000,184.8899,185.0,184.8,184.9,27981
2025-12-10 09:25:00.000,184.93,185.4,184.88,184.94,80767
2025-12-10 09:30:00.000,184.99,185.48,184.55,184.61,2975777
2025-12-10 09:35:00.000,184.61,184.73,183.66,184.495,2386136
2025-12-10 09:40:00.000,184.48,185.27,184.35,185.0745,1664585
2025-12-10 09:45:00.000,185.08,185.33,184.35,184.45,1549268
2025-12-10 09:50:00.000,184.44,184.69,184.16,184.4601,1235379
2025-12-10 09:55:00.000,184.44,184.495,183.85,184.325,1467654
2025-12-10 10:00:00.000,184.31,184.48,183.96,184.3399,1319559
2025-12-10 10:05:00.000,184.3383,184.49,183.925,183.9345,1092297
2025-12-10 10:10:00.000,183.9358,184.25,183.87,184.0299,1073362
2025-12-10 10:15:00.000,184.035,184.25,183.9212,184.13,929306
2025-12-10 10:20:00.000,184.11,184.155,183.8,183.985,1027110
2025-12-10 10:25:00.000,183.985,184.0401,183.72,183.8596,1024597
2025-12-10 10:30:00.000,183.85,184.02,183.53,183.605,1035400
2025-12-10 10:35:00.000,183.6088,183.67,182.99,183.295,1795567
2025-12-10 10:40:00.000,183.31,183.315,182.91,182.9103,1171620
2025-12-10 10:45:00.000,182.9199,183.42,182.84,183.3999,1257946
2025-12-10 10:50:00.000,183.395,183.43,182.905,182.905,1000134
2025-12-10 10:55:00.000,182.9099,182.94,182.61,182.765,1087854
2025-12-10 11:00:00.000,182.78,182.815,182.035,182.27,1769869
2025-12-10 11:05:00.000,182.2651,182.49,182.07,182.4,1102958
2025-12-10 11:10:00.000,182.41,182.73,182.27,182.7052,1120766
2025-12-10 11:15:00.000,182.71,182.94,182.57,182.89,1107624
2025-12-10 11:20:00.000,182.885,182.94,182.72,182.7418,965531
2025-12-10 11:25:00.000,182.74,182.96,182.585,182.8455,815940
2025-12-10 11:30:00.000,182.84,182.94,182.79,182.9345,600198
2025-12-10 11:35:00.000,182.935,182.94,182.58,182.73,704304
2025-12-10 11:40:00.000,182.7398,182.74,182.2,182.31,1015480
2025-12-10 11:45:00.000,182.305,182.505,182.1401,182.505,980019
2025-12-10 11:50:00.000,182.505,182.64,182.43,182.635,753944
2025-12-10 11:55:00.000,182.63,182.64,182.46,182.6,595202
2025-12-10 12:00:00.000,182.59,182.87,182.53,182.735,660839
2025-12-10 12:05:00.000,182.73,182.78,182.65,182.6799,512550
2025-12-10 12:10:00.000,182.67,182.68,182.38,182.5501,761159
2025-12-10 12:15:00.000,182.5401,182.65,182.435,182.57,615938
2025-12-10 12:20:00.000,182.5741,182.74,182.38,182.68,528467
2025-12-10 12:25:00.000,182.68,182.75,182.53,182.57,434581
2025-12-10 12:30:00.000,182.565,182.85,182.445,182.79,524873
2025-12-10 12:35:00.000,182.77,182.97,182.77,182.785,546612
2025-12-10 12:40:00.000,182.78,182.905,182.71,182.845,493679
2025-12-10 12:45:00.000,182.84,182.92,182.77,182.9001,459909
2025-12-10 12:50:00.000,182.9017,183.28,182.89,183.245,787461
2025-12-10 12:55:00.000,183.245,183.43,183.11,183.22,724872
2025-12-10 13:00:00.000,183.223,183.27,183.02,183.0201,601774
2025-12-10 13:05:00.000,183.025,183.08,182.85,182.9735,663970
2025-12-10 13:10:00.000,182.975,182.9855,182.67,182.82,559735
2025-12-10 13:15:00.000,182.812,182.87,182.7025,182.7407,495574
2025-12-10 13:20:00.000,182.73,182.7458,182.47,182.5599,649263
2025-12-10 13:25:00.000,182.5558,182.65,182.36,182.61,844261
2025-12-10 13:30:00.000,182.61,182.7159,182.45,182.625,644969
2025-12-10 13:35:00.000,182.625,182.9001,182.59,182.8702,599176
2025-12-10 13:40:00.000,182.87,182.92,182.671,182.745,650929
2025-12-10 13:45:00.000,182.7401,182.99,182.7,182.95,537009
2025-12-10 13:50:00.000,182.95,182.95,182.715,182.7251,719836
2025-12-10 13:55:00.000,182.725,182.95,182.611,182.815,565778
2025-12-10 14:00:00.000,182.815,183.86,182.71,182.8954,1562536
2025-12-10 14:05:00.000,182.905,183.708,182.905,183.4499,1550975
2025-12-10 14:10:00.000,183.48,183.58,183.05,183.2742,1022955
2025-12-10 14:15:00.000,183.28,183.625,183.125,183.29,881294
2025-12-10 14:20:00.000,183.29,183.34,182.8,182.855,720730
2025-12-10 14:25:00.000,182.88,183.1042,182.61,183.0958,921612
2025-12-10 14:30:00.000,183.13,183.81,182.996,183.6742,1315333
2025-12-10 14:35:00.000,183.68,183.95,183.119,183.57,1279881
2025-12-10 14:40:00.000,183.56,183.65,182.495,183.03,1333918
2025-12-10 14:45:00.000,183.03,183.6299,182.98,183.37,1029105
2025-12-10 14:50:00.000,183.35,184.17,183.2501,183.96,1379118
2025-12-10 14:55:00.000,183.99,184.61,183.92,184.55,2183395
2025-12-10 15:00:00.000,184.54,184.7,184.13,184.49,1504034
2025-12-10 15:05:00.000,184.495,184.5301,183.9501,184.2,1029492
2025-12-10 15:10:00.000,184.21,184.32,183.91,184.105,968440
2025-12-10 15:15:00.000,184.1,184.18,183.85,183.925,888707
2025-12-10 15:20:00.000,183.91,184.2,183.71,183.8,989500
2025-12-10 15:25:00.000,183.8,184.09,183.76,183.79,873971
2025-12-10 15:30:00.000,183.79,183.9558,183.62,183.74,854624
2025-12-10 15:35:00.000,183.745,183.8799,183.6442,183.815,766600
2025-12-10 15:40:00.000,183.815,183.86,183.5,183.57,863790
2025-12-10 15:45:00.000,183.565,183.76,183.5,183.64,874855
2025-12-10 15:50:00.000,183.63,183.97,183.465,183.8068,1496854
2025-12-10 15:55:00.000,183.8,184.05,183.59,183.78,2981682
2025-12-10 16:00:00.000,183.77,183.78,183.2313,183.33,22538775
2025-12-10 16:05:00.000,183.34,183.78,182.06,182.34,550488
2025-12-10 16:10:00.000,182.35,183.78,181.9,182.4001,298709
2025-12-10 16:15:00.000,182.4,182.6903,182.01,182.05,119955
2025-12-10 16:20:00.000,183.78,183.78,181.82,181.9497,335745
2025-12-10 16:25:00.000,181.94,182.38,181.8,182.258,93710
2025-12-10 16:30:00.000,182.26,182.2886,182.0,182.02,60767
2025-12-10 16:35:00.000,182.02,182.0612,181.57,181.6635,91772
2025-12-10 16:40:00.000,181.6041,181.9,181.44,181.8185,102503
2025-12-10 16:45:00.000,181.83,183.78,181.74,181.9999,58667
2025-12-10 16:50:00.000,181.99,182.09,181.97,182.09,43005
2025-12-10 16:55:00.000,182.0897,183.78,181.95,182.08,31028
2025-12-10 17:00:00.000,182.1,182.17,182.07,182.17,37598
2025-12-10 17:05:00.000,182.17,183.78,182.0,182.15,230055
2025-12-10 17:10:00.000,182.137,182.24,181.42,181.55,93616
2025-12-10 17:15:00.000,181.5844,181.7,181.4,181.4,49205
2025-12-10 17:20:00.000,181.49,181.75,181.38,181.6,67212
2025-12-10 17:25:00.000,181.57,181.62,181.3,181.35,77501
2025-12-10 17:30:00.000,181.3212,181.68,181.31,181.52,63775
2025-12-10 17:35:00.000,181.53,181.67,181.45,181.4829,38524
2025-12-10 17:40:00.000,181.5,181.57,181.47,181.5,30501
2025-12-10 17:45:00.000,181.4799,181.5,181.4,181.4836,27332
2025-12-10 17:50:00.000,181.48,181.6,181.4,181.56,36846
2025-12-10 17:55:00.000,181.5524,181.67,181.3,181.41,73874
2025-12-10 18:00:00.000,181.41,183.78,181.41,181.47,83353
2025-12-10 18:05:00.000,181.47,183.78,181.4167,181.53,32231
2025-12-10 18:10:00.000,181.53,181.53,181.3,181.3,40715
2025-12-10 18:15:00.000,181.3,181.39,181.25,181.33,34612
2025-12-10 18:20:00.000,181.3268,181.439,181.2668,181.43,18971
2025-12-10 18:25:00.000,181.41,181.5,181.41,181.45,26528
2025-12-10 18:30:00.000,181.459,181.4875,181.4,181.45,25630
2025-12-10 18:35:00.000,181.45,181.47,181.36,181.44,19213
2025-12-10 18:40:00.000,181.449,181.46,181.4,181.45,14104
2025-12-10 18:45:00.000,181.46,181.62,181.4521,181.56,19745
2025-12-10 18:50:00.000,181.5416,181.56,181.51,181.5299,19633
2025-12-10 18:55:00.000,181.5297,181.5298,181.4,181.47,26692
2025-12-10 19:00:00.000,181.49,181.5,181.39,181.4,28189
2025-12-10 19:05:00.000,181.39,181.43,181.35,181.3501,20712
2025-12-10 19:10:00.000,181.36,181.36,181.32,181.36,18121
2025-12-10 19:15:00.000,181.38,181.41,181.35,181.38,24629
2025-12-10 19:20:00.000,181.38,181.45,181.3702,181.45,10361
2025-12-10 19:25:00.000,181.4101,181.45,181.3932,181.43,16454
2025-12-10 19:30:00.000,181.47,181.47,181.35,181.39,16248
2025-12-10 19:35:00.000,181.4,181.43,181.36,181.3706,9943
2025-12-10 19:40:00.000,181.39,181.4,181.28,181.28,33256
2025-12-10 19:45:00.000,181.26,181.33,181.23,181.24,30118
2025-12-10 19:50:00.000,181.23,181.2499,181.2,181.2103,45230
2025-12-10 19:55:00.000,181.22,181.28,181.2,181.27,35388
2025-12-10 20:00:00.000,181.21,181.32,181.21,181.25,1600
2025-12-10 20:05:00.000,181.29,181.34,181.26,181.34,1395
2025-12-10 20:10:00.000,181.38,181.44,181.37,181.42,3358
2025-12-10 20:15:00.000,181.43,181.43,181.32,181.32,1983
2025-12-10 20:20:00.000,181.31,181.31,181.24,181.24,1644
2025-12-10 20:25:00.000,181.22,181.22,181.16,181.2,1204
2025-12-10 20:30:00.000,181.19,181.23,181.18,181.23,617
2025-12-10 20:35:00.000,181.23,181.29,181.23,181.26,1290
2025-12-10 20:40:00.000,181.27,181.27,181.16,181.16,1427
2025-12-10 20:45:00.000,181.19,181.19,181.11,181.11,2619
2025-12-10 20:50:00.000,181.11,181.13,181.08,181.1,1246
2025-12-10 20:55:00.000,181.12,181.12,181.06,181.07,586
2025-12-10 21:00:00.000,181.06,181.06,181.04,181.04,949
2025-12-10 21:05:00.000,181.04,181.04,180.58,180.64,4263
2025-12-10 21:10:00.000,180.64,180.75,180.55,180.75,1691
2025-12-10 21:15:00.000,180.77,180.91,180.75,180.9,2926
2025-12-10 21:20:00.000,180.9,181.0,180.83,181.0,2851
2025-12-10 21:25:00.000,180.98,180.98,180.78,180.78,2757
2025-12-10 21:30:00.000,180.78,180.8,180.66,180.7,2217
2025-12-10 21:35:00.000,180.69,180.69,180.34,180.34,3536
2025-12-10 21:40:00.000,180.34,180.37,180.28,180.32,1668
2025-12-10 21:45:00.000,180.28,180.31,180.17,180.27,2271
2025-12-10 21:50:00.000,180.23,180.25,179.78,179.82,5532
2025-12-10 21:55:00.000,179.81,180.17,179.62,180.09,3230
2025-12-10 22:00:00.000,180.03,180.04,179.34,179.34,4844
2025-12-10 22:05:00.000,179.31,179.47,178.94,178.94,3990
2025-12-10 22:10:00.000,178.9,179.29,178.9,178.93,2940
2025-12-10 22:15:00.000,179.01,179.53,179.0,179.41,3212
2025-12-10 22:20:00.000,179.38,179.79,179.38,179.79,2147
2025-12-10 22:25:00.000,179.76,179.77,179.54,179.74,2397
2025-12-10 22:30:00.000,179.66,179.66,179.36,179.37,2072
2025-12-10 22:35:00.000,179.44,179.55,179.34,179.54,2591
2025-12-10 22:40:00.000,179.56,179.65,179.5,179.5,1316
2025-12-10 22:45:00.000,179.63,179.73,179.56,179.73,990
2025-12-10 22:50:00.000,179.83,180.03,179.83,180.0,1546
2025-12-10 22:55:00.000,179.95,179.95,179.79,179.83,1243
2025-12-10 23:00:00.000,179.82,179.86,179.68,179.86,2808
2025-12-10 23:05:00.000,179.87,179.99,179.87,179.99,1462
2025-12-10 23:10:00.000,180.0,180.17,180.0,180.06,2033
2025-12-10 23:15:00.000,180.03,180.05,180.01,180.02,839
2025-12-10 23:20:00.000,180.01,180.04,179.95,179.95,593
2025-12-10 23:25:00.000,179.86,179.9,179.86,179.89,487
2025-12-10 23:30:00.000,179.82,179.82,179.77,179.79,276
2025-12-10 23:35:00.000,179.77,179.87,179.77,179.87,355
2025-12-10 23:40:00.000,179.89,179.94,179.83,179.94,496
2025-12-10 23:45:00.000,179.93,180.04,179.9,179.98,419
2025-12-10 23:50:00.000,180.02,180.21,180.02,180.18,1366
2025-12-10 23:55:00.000,180.19,180.21,180.18,180.18,277
2025-12-11 00:00:00.000,180.19,180.19,180.19,180.19,1
2025-12-11 00:05:00.000,180.21,180.21,180.16,180.2,85
2025-12-11 00:10:00.000,180.2,180.23,180.2,180.23,157
2025-12-11 00:15:00.000,180.23,180.24,180.23,180.24,253
2025-12-11 00:20:00.000,180.22,180.22,180.2,180.2,298
2025-12-11 00:25:00.000,180.17,180.17,180.09,180.09,286
2025-12-11 00:30:00.000,180.09,180.1,180.06,180.06,391
2025-12-11 00:35:00.000,180.03,180.05,180.02,180.05,75
2025-12-11 00:40:00.000,180.05,180.08,179.94,179.97,989
2025-12-11 00:45:00.000,180.01,180.07,179.98,180.06,483
2025-12-11 00:50:00.000,180.08,180.16,180.08,180.14,565
2025-12-11 00:55:00.000,180.17,180.25,180.15,180.25,650
2025-12-11 01:00:00.000,180.3,180.51,180.3,180.41,211
2025-12-11 01:05:00.000,180.4,180.41,180.28,180.28,606
2025-12-11 01:10:00.000,180.18,180.18,180.18,180.18,2
2025-12-11 01:15:00.000,180.17,180.17,180.07,180.08,744
2025-12-11 01:20:00.000,180.06,180.06,179.98,179.98,1212
2025-12-11 01:25:00.000,179.99,179.99,179.76,179.79,296
2025-12-11 01:30:00.000,179.72,179.81,179.72,179.81,492
2025-12-11 01:35:00.000,179.97,180.05,179.97,180.01,368
2025-12-11 01:40:00.000,180.01,180.01,179.97,179.97,153
2025-12-11 01:45:00.000,179.96,179.99,179.91,179.91,257
2025-12-11 01:50:00.000,179.84,179.84,179.8,179.82,554
2025-12-11 01:55:00.000,179.86,179.89,179.86,179.89,121
2025-12-11 02:00:00.000,179.85,179.85,179.75,179.78,1832
2025-12-11 02:05:00.000,179.78,179.87,179.78,179.86,1347
2025-12-11 02:10:00.000,179.84,179.84,179.78,179.78,1227
2025-12-11 02:15:00.000,179.69,179.71,179.69,179.71,377
2025-12-11 02:20:00.000,179.82,179.82,179.8,179.82,248
2025-12-11 02:25:00.000,179.82,179.9,179.78,179.86,470
2025-12-11 02:30:00.000,179.86,179.87,179.78,179.83,1263
2025-12-11 02:35:00.000,179.86,179.98,179.86,179.98,486
2025-12-11 02:40:00.000,180.03,180.07,179.95,179.97,2167
2025-12-11 02:45:00.000,179.98,180.09,179.98,180.09,546
2025-12-11 02:50:00.000,180.05,180.05,179.96,179.96,287
2025-12-11 02:55:00.000,179.97,180.1,179.96,180.05,433
2025-12-11 03:00:00.000,180.09,180.15,179.99,179.99,778
2025-12-11 03:05:00.000,180.01,180.01,179.78,179.78,263
2025-12-11 03:10:00.000,179.78,179.9,179.78,179.9,383
2025-12-11 03:15:00.000,179.83,179.86,179.83,179.86,178
2025-12-11 03:20:00.000,179.81,179.81,179.81,179.81,251
2025-12-11 03:25:00.000,179.71,179.86,179.71,179.86,151
2025-12-11 03:30:00.000,179.82,179.82,179.81,179.81,5
2025-12-11 03:35:00.000,179.81,179.86,179.81,179.86,713
2025-12-11 03:50:00.000,180.2,180.4,180.2,180.4,450
2025-12-11 04:00:00.000,180.45,180.49,180.25,180.26,8367
2025-12-11 04:05:00.000,180.29,180.79,180.29,180.49,4892
2025-12-11 04:10:00.000,180.52,180.75,180.51,180.68,5299
2025-12-11 04:15:00.000,180.73,180.75,180.55,180.75,4862
2025-12-11 04:20:00.000,180.75,181.1,180.68,180.91,7636
2025-12-11 04:25:00.000,180.99,181.01,180.78,180.83,5651
2025-12-11 04:30:00.000,180.89,180.89,180.8,180.8,2680
2025-12-11 04:35:00.000,180.7,180.86,180.69,180.86,929
2025-12-11 04:40:00.000,180.85,180.86,180.7,180.7,2825
2025-12-11 04:45:00.000,180.72,180.72,180.53,180.6,3897
2025-12-11 04:50:00.000,180.62,180.73,180.55,180.55,1903
2025-12-11 04:55:00.000,180.57,180.57,180.25,180.35,4160
2025-12-11 05:00:00.000,180.44,180.44,180.33,180.35,1967
2025-12-11 05:05:00.000,180.37,180.39,180.27,180.37,7911
2025-12-11 05:10:00.000,180.35,180.42,180.16,180.33,5858
2025-12-11 05:15:00.000,180.38,180.55,180.36,180.5,3902
2025-12-11 05:20:00.000,180.44,180.47,180.37,180.47,3518
2025-12-11 05:25:00.000,180.39,180.4,180.35,180.4,861
2025-12-11 05:30:00.000,180.46,180.51,180.43,180.51,1060
2025-12-11 05:35:00.000,180.58,180.62,180.57,180.58,2011
2025-12-11 05:40:00.000,180.54,180.63,180.49,180.63,6443
2025-12-11 05:45:00.000,180.64,180.72,180.56,180.69,6098
2025-12-11 05:50:00.000,180.78,180.85,180.69,180.74,3399
2025-12-11 05:55:00.000,180.77,180.79,180.72,180.77,445
2025-12-11 06:00:00.000,180.65,180.8,180.65,180.8,1314
2025-12-11 06:05:00.000,180.86,180.87,180.61,180.65,1352
2025-12-11 06:10:00.000,180.62,180.62,180.5,180.5,445
2025-12-11 06:15:00.000,180.45,180.59,180.42,180.53,4781
2025-12-11 06:20:00.000,180.5,180.5,180.48,180.48,600
2025-12-11 06:25:00.000,180.51,180.54,180.46,180.54,1808
2025-12-11 06:30:00.000,180.55,180.58,180.45,180.46,1972
2025-12-11 06:35:00.000,180.5,180.5,180.44,180.5,6274
2025-12-11 06:40:00.000,180.49,180.52,180.46,180.52,7533
2025-12-11 06:45:00.000,180.54,180.73,180.54,180.71,11397
2025-12-11 06:50:00.000,180.8,180.83,180.73,180.77,10338
2025-12-11 06:55:00.000,180.77,180.81,180.71,180.76,6645
2025-12-11 07:00:00.000,180.73,181.16,180.62,181.111,11766
2025-12-11 07:05:00.000,181.07,181.15,181.001,181.11,8957
2025-12-11 07:10:00.000,181.13,181.3,181.12,181.25,28151
2025-12-11 07:15:00.000,181.25,181.29,180.97,181.13,13050
2025-12-11 07:20:00.000,181.179,181.311,181.151,181.18,8939
2025-12-11 07:25:00.000,181.24,181.35,181.2,181.25,9712
2025-12-11 07:30:00.000,181.27,181.5,181.25,181.47,14071
2025-12-11 07:35:00.000,181.5,181.5,181.3,181.35,5124
2025-12-11 07:40:00.000,181.369,181.38,181.15,181.35,9640
2025-12-11 07:45:00.000,181.29,181.31,181.16,181.2,5453
2025-12-11 07:50:00.000,181.25,181.35,181.24,181.26,11154
2025-12-11 07:55:00.000,181.3,181.4,181.3,181.35,12659
2025-12-11 08:00:00.000,180.68,181.55,179.71,181.41,512664
2025-12-11 08:05:00.000,181.41,181.44,181.1,181.1,27446
2025-12-11 08:10:00.000,181.1001,181.3,181.1001,181.2784,23877
2025-12-11 08:15:00.000,181.27,181.36,181.1001,181.2,18471
2025-12-11 08:20:00.000,181.1301,181.2,181.07,181.07,18581
2025-12-11 08:25:00.000,181.06,181.2241,181.0,181.2,24729
2025-12-11 08:30:00.000,181.2,181.21,180.9614,180.9614,44764
2025-12-11 08:35:00.000,180.99,181.03,180.68,180.8551,109174
2025-12-11 08:40:00.000,180.86,180.97,180.71,180.72,58752
2025-12-11 08:45:00.000,180.73,181.0,180.7,180.93,46646
2025-12-11 08:50:00.000,180.9053,181.29,180.9053,181.22,59518
2025-12-11 08:55:00.000,181.21,181.22,180.84,180.87,28118
2025-12-11 09:00:00.000,180.93,180.96,180.85,180.85,40447
2025-12-11 09:05:00.000,180.85,180.91,180.78,180.84,73356
2025-12-11 09:10:00.000,180.84,181.2401,180.8336,181.0499,43507
2025-12-11 09:15:00.000,181.0303,181.1,180.92,180.9331,27027
2025-12-11 09:20:00.000,180.93,180.9499,180.8,180.8781,22143
2025-12-11 09:25:00.000,180.84,180.89,180.2,180.27,181096
2025-12-11 09:30:00.000,180.29,180.42,178.24,178.48,5680147
2025-12-11 09:35:00.000,178.49,179.16,178.292,178.7799,2890085
2025-12-11 09:40:00.000,178.76,178.92,177.87,178.44,2859239
2025-12-11 09:45:00.000,178.44,178.69,177.6101,177.74,2360347
2025-12-11 09:50:00.000,177.73,177.9799,177.25,177.285,2008366
2025-12-11 09:55:00.000,177.28,177.68,176.8018,176.865,2238436
2025-12-11 10:00:00.000,176.8675,177.72,176.62,177.54,2117681
2025-12-11 10:05:00.000,177.54,178.095,177.48,177.941,2045288
2025-12-11 10:10:00.000,177.95,178.16,177.52,177.855,1650327
2025-12-11 10:15:00.000,177.85,178.09,177.655,177.975,1226245
2025-12-11 10:20:00.000,177.97,178.68,177.9,178.54,1776061
2025-12-11 10:25:00.000,178.52,178.65,178.0,178.085,1560872
2025-12-11 10:30:00.000,178.1,178.27,177.95,177.97,1124868
2025-12-11 10:35:00.000,177.99,177.99,177.43,177.58,1544669
2025-12-11 10:40:00.000,177.58,177.58,176.9701,177.1945,1585480
2025-12-11 10:45:00.000,177.195,177.74,177.06,177.2142,1393910
2025-12-11 10:50:00.000,177.21,177.38,176.832,177.295,1566082
2025-12-11 10:55:00.000,177.29,177.68,177.245,177.49,1121536
2025-12-11 11:00:00.000,177.47,177.78,177.34,177.59,914593
2025-12-11 11:05:00.000,177.5801,177.59,177.09,177.14,921551
2025-12-11 11:10:00.000,177.15,177.4,177.01,177.25,852411
2025-12-11 11:15:00.000,177.25,177.36,177.14,177.1582,871365
2025-12-11 11:20:00.000,177.16,177.49,177.05,177.485,878028
2025-12-11 11:25:00.000,177.485,177.53,176.94,177.0599,1044897
2025-12-11 11:30:00.000,177.05,177.215,176.925,177.02,652112
2025-12-11 11:35:00.000,177.02,177.46,177.005,177.4248,702600
2025-12-11 11:40:00.000,177.42,177.7699,177.348,177.61,1112792
2025-12-11 11:45:00.000,177.63,178.0,177.6,177.8898,1019612
2025-12-11 11:50:00.000,177.91,177.93,177.62,177.6799,709200
2025-12-11 11:55:00.000,177.69,177.745,177.42,177.62,679471
2025-12-11 12:00:00.000,177.61,178.07,177.23,177.9842,1186670
2025-12-11 12:05:00.000,178.0,178.12,177.845,178.01,803929
2025-12-11 12:10:00.000,178.01,178.405,177.87,178.31,1071543
2025-12-11 12:15:00.000,178.315,178.41,178.1951,178.3399,673517
2025-12-11 12:20:00.000,178.335,178.72,178.295,178.63,941825
2025-12-11 12:25:00.000,178.63,178.77,178.42,178.4862,772793
2025-12-11 12:30:00.000,178.49,178.8394,178.49,178.82,662871
2025-12-11 12:35:00.000,178.82,179.13,178.7501,179.0398,897863
2025-12-11 12:40:00.000,179.0385,179.135,178.88,178.9799,714554
2025-12-11 12:45:00.000,178.98,179.05,178.66,178.735,704133
2025-12-11 12:50:00.000,178.72,178.89,178.61,178.8845,612009
2025-12-11 12:55:00.000,178.89,178.9,178.51,178.765,629929
2025-12-11 13:00:00.000,178.76,178.9499,178.6882,178.845,582985
2025-12-11 13:05:00.000,178.83,178.96,178.7799,178.7952,468624
2025-12-11 13:10:00.000,178.7876,179.145,178.785,178.995,675564
2025-12-11 13:15:00.000,179.0,179.008,178.88,178.9401,413809
2025-12-11 13:20:00.000,178.94,179.485,178.9,179.38,986514
2025-12-11 13:25:00.000,179.36,179.771,179.25,179.305,1384480
2025-12-11 13:30:00.000,179.3,179.33,179.02,179.285,795425
2025-12-11 13:35:00.000,179.2901,179.9451,179.259,179.945,1158416
2025-12-11 13:40:00.000,179.94,180.1,179.86,179.945,1038262
2025-12-11 13:45:00.000,179.95,180.15,179.7301,179.97,1118168
2025-12-11 13:50:00.000,179.98,180.05,179.84,179.9451,623205
2025-12-11 13:55:00.000,179.95,180.105,179.77,179.86,790693
2025-12-11 14:00:00.000,179.84,179.96,179.7,179.88,678065
2025-12-11 14:05:00.000,179.88,179.9736,179.84,179.965,446924
2025-12-11 14:10:00.000,179.9648,180.23,179.95,180.1482,783746
2025-12-11 14:15:00.000,180.14,180.625,180.1217,180.5003,985038
2025-12-11 14:20:00.000,180.5,180.99,180.37,180.885,1352335
2025-12-11 14:25:00.000,180.88,180.99,180.77,180.9065,823229
2025-12-11 14:30:00.000,180.91,181.05,180.72,181.03,1097304
2025-12-11 14:35:00.000,181.025,181.32,180.92,180.935,1254191
2025-12-11 14:40:00.000,180.935,180.94,180.68,180.74,866626
2025-12-11 14:45:00.000,180.74,180.8301,180.57,180.74,672451
2025-12-11 14:50:00.000,180.75,180.88,180.445,180.5,942662
2025-12-11 14:55:00.000,180.49,180.62,180.37,180.47,700009
2025-12-11 15:00:00.000,180.4585,180.76,180.41,180.58,608059
2025-12-11 15:05:00.000,180.5752,180.7,180.4,180.59,668135
2025-12-11 15:10:00.000,180.585,180.66,179.97,180.0301,945881
2025-12-11 15:15:00.000,180.03,180.45,180.0001,180.375,1023814
2025-12-11 15:20:00.000,180.38,180.68,180.3501,180.6315,776683
2025-12-11 15:25:00.000,180.62,180.645,180.28,180.3699,582027
2025-12-11 15:30:00.000,180.36,180.47,180.1342,180.325,701764
2025-12-11 15:35:00.000,180.3296,180.4,180.1405,180.2301,523979
2025-12-11 15:40:00.000,180.23,180.45,180.205,180.32,642342
2025-12-11 15:45:00.000,180.29,180.47,180.1701,180.4199,567634
2025-12-11 15:50:00.000,180.42,180.955,180.42,180.63,1584426
2025-12-11 15:55:00.000,180.62,181.09,180.59,180.9355,2242486
2025-12-11 16:00:00.000,180.93,181.1,180.83,180.91,17361210
2025-12-11 16:05:00.000,180.9,181.05,180.9,181.0,50312
2025-12-11 16:10:00.000,180.98,181.03,180.9,181.03,40961
2025-12-11 16:15:00.000,181.03,181.86,180.93,181.5616,362842
2025-12-11 16:20:00.000,181.59,181.59,180.93,181.21,79204
2025-12-11 16:25:00.000,181.2,181.5,181.16,181.4,58511
2025-12-11 16:30:00.000,181.43,181.45,181.09,181.1041,66753
2025-12-11 16:35:00.000,181.09,181.1801,180.83,180.92,74059
2025-12-11 16:40:00.000,180.9,180.92,180.28,180.77,93021
2025-12-11 16:45:00.000,180.8,181.01,180.7,180.89,32897
2025-12-11 16:50:00.000,180.95,181.15,180.8597,181.09,30821
2025-12-11 16:55:00.000,181.0007,181.1396,180.95,181.0,21896
2025-12-11 17:00:00.000,180.99,181.0,180.85,180.85,15652
2025-12-11 17:05:00.000,180.9,180.93,180.64,180.6998,154343
2025-12-11 17:10:00.000,180.93,181.1,180.4,180.56,43389
2025-12-11 17:15:00.000,180.5705,180.6,179.63,179.83,73103
2025-12-11 17:20:00.000,180.93,180.93,179.61,179.93,90499
2025-12-11 17:25:00.000,179.83,180.3659,179.2,180.18,99289
2025-12-11 17:30:00.000,180.1801,180.5,180.05,180.381,49194
2025-12-11 17:35:00.000,180.3701,180.5,180.16,180.21,51587
2025-12-11 17:40:00.000,180.15,180.15,179.75,180.07,43634
2025-12-11 17:45:00.000,180.01,180.93,179.97,180.2,124174
2025-12-11 17:50:00.000,180.13,180.93,180.04,180.1307,127399
2025-12-11 17:55:00.000,180.23,180.784,180.23,180.51,43762
2025-12-11 18:00:00.000,180.6,181.0,180.6,180.75,40644
2025-12-11 18:05:00.000,180.75,180.93,180.28,180.54,97374
2025-12-11 18:10:00.000,180.5367,180.93,180.31,180.32,89001
2025-12-11 18:15:00.000,180.41,180.45,180.3,180.45,18845
2025-12-11 18:20:00.000,180.45,180.93,180.35,180.35,16275
2025-12-11 18:25:00.000,180.3452,180.93,180.33,180.45,19979
2025-12-11 18:30:00.000,180.38,180.44,180.38,180.4121,8332
2025-12-11 18:35:00.000,180.38,180.44,180.17,180.19,15225
2025-12-11 18:40:00.000,180.1991,180.38,180.1991,180.34,22272
2025-12-11 18:45:00.000,180.25,180.44,180.2465,180.326,6712
2025-12-11 18:50:00.000,180.4,180.4,180.2497,180.2497,21067
2025-12-11 18:55:00.000,180.2499,180.31,180.2,180.22,9607
2025-12-11 19:00:00.000,180.24,180.24,180.05,180.15,27825
2025-12-11 19:05:00.000,180.13,180.17,180.0717,180.12,6271
2025-12-11 19:10:00.000,180.1,180.12,179.99,180.03,14622
2025-12-11 19:15:00.000,180.05,180.05,179.91,179.95,23702
2025-12-11 19:20:00.000,179.9103,180.0,179.9,179.9101,19306
2025-12-11 19:25:00.000,179.94,179.97,179.92,179.96,11048
2025-12-11 19:30:00.000,179.96,180.19,179.96,180.15,16456
2025-12-11 19:35:00.000,180.17,180.17,179.97,180.0014,13286
2025-12-11 19:40:00.000,180.01,180.08,179.95,179.964,11320
2025-12-11 19:45:00.000,179.99,180.03,179.95,179.98,7985
2025-12-11 19:50:00.000,179.96,180.0062,179.96,179.9608,17056
2025-12-11 19:55:00.000,179.96,179.96,179.79,179.8199,19405
2025-12-11 20:00:00.000,179.88,180.0,179.88,179.99,537
2025-12-11 20:05:00.000,179.91,179.91,179.84,179.85,731
2025-12-11 20:10:00.000,179.87,179.93,179.87,179.92,515
2025-12-11 20:15:00.000,180.03,180.05,180.02,180.05,310
2025-12-11 20:20:00.000,180.08,180.2,180.08,180.2,1104
2025-12-11 20:25:00.000,180.2,180.2,180.09,180.09,318
2025-12-11 20:30:00.000,180.12,180.12,180.05,180.07,643
2025-12-11 20:40:00.000,180.09,180.09,180.02,180.06,922
2025-12-11 20:45:00.000,180.1,180.1,180.08,180.08,161
2025-12-11 20:50:00.000,180.05,180.05,180.05,180.05,161
2025-12-11 20:55:00.000,180.09,180.15,180.08,180.15,67
2025-12-11 21:00:00.000,180.14,180.51,180.14,180.42,2335
2025-12-11 21:05:00.000,180.42,180.64,180.42,180.51,537
2025-12-11 21:10:00.000,180.6,180.79,180.59,180.79,1132
2025-12-11 21:15:00.000,180.78,180.83,180.64,180.64,951
2025-12-11 21:20:00.000,180.63,180.69,180.63,180.65,524
2025-12-11 21:25:00.000,180.69,180.69,180.69,180.69,1
2025-12-11 21:30:00.000,180.68,180.73,180.68,180.73,266
2025-12-11 21:35:00.000,180.7,180.7,180.69,180.69,303
2025-12-11 21:40:00.000,180.76,180.76,180.76,180.76,35
2025-12-11 21:45:00.000,180.7,180.74,180.7,180.74,252
2025-12-11 21:50:00.000,180.69,180.69,180.65,180.65,200
2025-12-11 21:55:00.000,180.65,180.65,180.65,180.65,251
2025-12-11 22:00:00.000,180.58,180.58,180.32,180.33,1368
2025-12-11 22:05:00.000,180.24,180.33,180.22,180.27,620
2025-12-11 22:10:00.000,180.26,180.49,180.26,180.49,905
2025-12-11 22:15:00.000,180.57,180.58,180.55,180.55,184
2025-12-11 22:20:00.000,180.4,180.47,180.4,180.47,319
2025-12-11 22:25:00.000,180.37,180.37,180.37,180.37,3
2025-12-11 22:30:00.000,180.41,180.41,180.41,180.41,60
2025-12-11 22:35:00.000,180.55,180.55,180.5,180.55,40
2025-12-11 22:40:00.000,180.58,180.58,180.58,180.58,1
2025-12-11 22:45:00.000,180.48,180.48,180.48,180.48,40
2025-12-11 22:50:00.000,180.46,180.48,180.43,180.48,27
2025-12-11 22:55:00.000,180.41,180.41,180.41,180.41,14
2025-12-11 23:00:00.000,180.38,180.38,180.31,180.31,440
2025-12-11 23:05:00.000,180.26,180.26,180.26,180.26,2
2025-12-11 23:10:00.000,180.25,180.3,180.25,180.3,26
2025-12-11 23:15:00.000,180.29,180.29,180.28,180.28,27
2025-12-11 23:20:00.000,180.25,180.25,180.21,180.25,513
2025-12-11 23:30:00.000,180.24,180.24,180.22,180.22,55
2025-12-11 23:35:00.000,180.27,180.27,180.22,180.23,284
2025-12-11 23:45:00.000,180.25,180.25,180.25,180.25,267
2025-12-11 23:55:00.000,180.27,180.27,180.27,180.27,252
2025-12-12 00:10:00.000,180.35,180.35,180.35,180.35,249
2025-12-12 00:20:00.000,180.33,180.33,180.33,180.33,182
2025-12-12 00:25:00.000,180.33,180.34,180.33,180.34,57
2025-12-12 00:30:00.000,180.46,180.46,180.46,180.46,1
2025-12-12 00:35:00.000,180.48,180.48,180.48,180.48,7
2025-12-12 00:40:00.000,180.63,180.63,180.61,180.61,72
2025-12-12 00:45:00.000,180.6,180.6,180.51,180.51,46
2025-12-12 00:50:00.000,180.6,180.6,180.52,180.52,324
2025-12-12 00:55:00.000,180.5,180.58,180.5,180.58,420
2025-12-12 01:00:00.000,180.62,180.66,180.62,180.66,299
2025-12-12 01:10:00.000,180.66,180.66,180.61,180.61,312
2025-12-12 01:15:00.000,180.57,180.57,180.48,180.48,494
2025-12-12 01:20:00.000,180.49,180.53,180.49,180.49,492
2025-12-12 01:30:00.000,180.44,180.45,180.38,180.38,726
2025-12-12 01:40:00.000,180.29,180.29,180.29,180.29,282
2025-12-12 01:45:00.000,180.34,180.34,180.34,180.34,66
2025-12-12 01:50:00.000,180.32,180.32,180.31,180.31,320
2025-12-12 01:55:00.000,180.3,180.32,180.3,180.32,251
2025-12-12 02:00:00.000,180.32,180.34,180.31,180.34,614
2025-12-12 02:05:00.000,180.38,180.41,180.38,180.4,431
2025-12-12 02:10:00.000,180.46,180.46,180.44,180.45,284
2025-12-12 02:15:00.000,180.41,180.41,180.39,180.39,200
2025-12-12 02:20:00.000,180.38,180.38,180.38,180.38,125
2025-12-12 02:25:00.000,180.33,180.33,180.33,180.33,20
2025-12-12 02:30:00.000,180.34,180.34,180.34,180.34,3
2025-12-12 02:35:00.000,180.31,180.31,180.31,180.31,100
2025-12-12 02:40:00.000,180.33,180.34,180.32,180.34,501
2025-12-12 02:45:00.000,180.33,180.35,180.33,180.35,167
2025-12-12 02:50:00.000,180.34,180.34,180.31,180.31,552
2025-12-12 02:55:00.000,180.29,180.3,180.27,180.27,391
2025-12-12 03:00:00.000,180.2,180.23,180.18,180.19,491
2025-12-12 03:05:00.000,180.14,180.14,180.05,180.11,919
2025-12-12 03:10:00.000,180.12,180.12,180.1,180.1,213
2025-12-12 03:15:00.000,180.06,180.08,179.97,180.03,739
2025-12-12 03:20:00.000,180.08,180.09,180.06,180.09,34
2025-12-12 03:25:00.000,180.1,180.14,180.03,180.03,169
2025-12-12 03:30:00.000,179.99,180.0,179.98,180.0,198
2025-12-12 03:35:00.000,180.14,180.14,180.14,180.14,220
2025-12-12 03:40:00.000,180.26,180.32,180.26,180.32,132
2025-12-12 03:45:00.000,180.08,180.23,180.07,180.17,78
2025-12-12 03:50:00.000,180.16,180.17,180.11,180.17,30
2025-12-12 03:55:00.000,180.22,180.24,180.22,180.24,19
2025-12-12 04:00:00.000,180.17,180.37,180.13,180.27,5903
2025-12-12 04:05:00.000,180.11,180.11,179.66,179.66,2756
2025-12-12 04:10:00.000,179.65,179.65,179.35,179.49,9825
2025-12-12 04:15:00.000,179.47,179.53,179.28,179.28,4742
2025-12-12 04:20:00.000,179.39,179.55,179.38,179.5,1390
2025-12-12 04:25:00.000,179.52,179.52,179.34,179.34,6387
2025-12-12 04:30:00.000,179.31,179.35,179.14,179.2,5275
2025-12-12 04:35:00.000,179.32,179.33,179.18,179.18,1557
2025-12-12 04:40:00.000,179.19,179.25,179.1,179.19,1742
2025-12-12 04:45:00.000,179.03,179.25,179.0,179.25,4863
2025-12-12 04:50:00.000,179.37,179.44,179.29,179.29,2080
2025-12-12 04:55:00.000,179.36,179.49,179.36,179.49,1816
2025-12-12 05:00:00.000,179.41,179.43,179.35,179.35,600
2025-12-12 05:05:00.000,179.5,179.6,179.5,179.6,400
2025-12-12 05:10:00.000,179.58,179.89,179.58,179.79,7669
2025-12-12 05:15:00.000,179.67,179.67,179.57,179.57,2327
2025-12-12 05:20:00.000,179.51,179.56,179.45,179.54,915
2025-12-12 05:25:00.000,179.45,179.51,179.44,179.48,1769
2025-12-12 05:30:00.000,179.47,179.5,179.4,179.44,3431
2025-12-12 05:35:00.000,179.38,179.38,179.2,179.2,1975
2025-12-12 05:40:00.000,179.17,179.35,179.17,179.34,1737
2025-12-12 05:45:00.000,179.35,179.8,179.35,179.61,2901
2025-12-12 05:50:00.000,179.7,179.71,179.7,179.7,550
2025-12-12 05:55:00.000,179.66,179.85,179.66,179.83,1266
2025-12-12 06:00:00.000,179.83,179.83,179.79,179.79,400
2025-12-12 06:05:00.000,179.81,179.85,179.71,179.72,1800
2025-12-12 06:10:00.000,179.73,180.16,179.73,180.16,5144
2025-12-12 06:15:00.000,180.01,180.2,180.01,180.19,1105
2025-12-12 06:20:00.000,180.19,180.45,180.19,180.4,5173
2025-12-12 06:25:00.000,180.45,180.49,180.19,180.19,721
2025-12-12 06:30:00.000,180.19,180.45,180.19,180.25,1585
2025-12-12 06:35:00.000,180.27,180.75,180.23,180.38,7663
2025-12-12 06:40:00.000,180.32,180.83,180.32,180.5,12721
2025-12-12 06:45:00.000,180.52,180.56,180.19,180.21,4274
2025-12-12 06:50:00.000,180.17,180.35,180.14,180.35,3052
2025-12-12 06:55:00.000,180.35,180.58,180.35,180.58,2095
2025-12-12 07:00:00.000,180.51,180.51,180.26,180.35,5927
2025-12-12 07:05:00.000,180.34,180.38,180.24,180.38,4444
2025-12-12 07:10:00.000,180.38,180.48,180.38,180.48,8864
2025-12-12 07:15:00.000,180.47,180.7,180.45,180.7,9627
2025-12-12 07:20:00.000,180.69,180.95,180.69,180.95,6965
2025-12-12 07:25:00.000,180.97,181.119,180.95,181.05,7465
2025-12-12 07:30:00.000,181.0,181.04,180.93,180.93,1209
2025-12-12 07:35:00.000,180.9,180.91,180.72,180.749,4353
2025-12-12 07:40:00.000,180.77,180.84,180.7,180.84,3039
2025-12-12 07:45:00.000,180.83,180.96,180.81,180.96,3007
2025-12-12 07:50:00.000,180.98,183.16,180.85,182.94,110915
2025-12-12 07:55:00.000,182.65,183.19,182.01,182.45,113000
2025-12-12 08:00:00.000,179.67,183.23,179.0026,182.38,628996
2025-12-12 08:05:00.000,182.39,182.68,182.2,182.66,93886
2025-12-12 08:10:00.000,182.67,182.89,182.56,182.87,116386
2025-12-12 08:15:00.000,182.9,182.96,182.4,182.41,84473
2025-12-12 08:20:00.000,182.44,182.67,182.3999,182.6501,48741
2025-12-12 08:25:00.000,182.65,182.73,182.3992,182.4009,46986
2025-12-12 08:30:00.000,182.4001,182.45,182.16,182.24,68435
2025-12-12 08:35:00.000,182.25,182.25,181.4001,181.5699,138334
2025-12-12 08:40:00.000,181.5436,181.78,181.5,181.68,67005
2025-12-12 08:45:00.000,181.6801,181.84,181.55,181.7599,57302
2025-12-12 08:50:00.000,181.75,181.82,181.7,181.82,28050
2025-12-12 08:55:00.000,181.8162,182.1,181.8162,181.9598,67158
2025-12-12 09:00:00.000,181.9599,181.98,181.58,181.66,44891
2025-12-12 09:05:00.000,181.69,181.98,181.69,181.8699,39125
2025-12-12 09:10:00.000,181.8501,181.91,181.43,181.54,62286
2025-12-12 09:15:00.000,181.5495,181.85,181.5352,181.8499,67073
2025-12-12 09:20:00.000,181.8403,181.88,181.18,181.2,126896
2025-12-12 09:25:00.000,181.21,181.7,180.96,181.11,113902
2025-12-12 09:30:00.000,181.11,182.51,180.99,181.772,4421398
2025-12-12 09:35:00.000,181.78,182.82,181.68,182.54,2278329
2025-12-12 09:40:00.000,182.5372,182.6375,181.51,181.51,1840503
2025-12-12 09:45:00.000,181.505,181.68,180.38,180.435,1928111
2025-12-12 09:50:00.000,180.44,181.485,180.41,181.2465,1428540
2025-12-12 09:55:00.000,181.24,181.465,180.86,181.145,1192481
2025-12-12 10:00:00.000,181.13,181.14,179.8355,179.945,1898199
2025-12-12 10:05:00.000,179.95,180.14,179.38,179.7,1685342
2025-12-12 10:10:00.000,179.63,180.4803,179.63,180.2142,1707969
2025-12-12 10:15:00.000,180.22,180.635,179.955,180.42,1305492
2025-12-12 10:20:00.000,180.4,180.475,179.52,179.73,1161798
2025-12-12 10:25:00.000,179.73,180.03,179.32,179.54,1354858
2025-12-12 10:30:00.000,179.53,179.85,179.17,179.455,1572322
2025-12-12 10:35:00.000,179.465,179.595,179.05,179.445,996705
2025-12-12 10:40:00.000,179.45,179.9583,179.2201,179.948,1087951
2025-12-12 10:45:00.000,179.95,180.15,179.745,179.9301,1151315
2025-12-12 10:50:00.000,179.97,180.03,179.28,179.3099,1088182
2025-12-12 10:55:00.000,179.29,179.34,177.09,177.24,2894492
2025-12-12 11:00:00.000,177.2,181.11,176.64,176.75,3061547
2025-12-12 11:05:00.000,176.73,177.63,176.64,176.9,1925264
2025-12-12 11:10:00.000,176.95,177.286,176.13,176.6388,2137150
2025-12-12 11:15:00.000,176.6352,177.17,176.33,176.59,1570594
2025-12-12 11:20:00.000,176.6,176.85,175.84,176.29,1988082
2025-12-12 11:25:00.000,176.31,176.71,175.85,176.635,1787941
2025-12-12 11:30:00.000,176.6,176.6,175.75,176.01,1243973
2025-12-12 11:35:00.000,176.005,176.135,175.37,175.51,1483428
2025-12-12 11:40:00.000,175.53,176.01,175.21,175.9752,1533640
2025-12-12 11:45:00.000,175.95,176.12,175.62,175.9899,1062739
2025-12-12 11:50:00.000,175.98,176.2299,175.7,175.95,942064
2025-12-12 11:55:00.000,175.95,176.07,175.47,175.83,1337504
2025-12-12 12:00:00.000,175.83,176.73,175.6,176.465,1680506
2025-12-12 12:05:00.000,176.4699,176.885,176.431,176.61,1143309
2025-12-12 12:10:00.000,176.615,176.95,176.58,176.8601,864692
2025-12-12 12:15:00.000,176.86,177.359,176.8,177.3301,1132881
2025-12-12 12:20:00.000,177.335,177.39,176.96,177.15,1262691
2025-12-12 12:25:00.000,177.145,177.17,176.42,176.52,1024107
2025-12-12 12:30:00.000,176.53,176.685,176.21,176.47,829596
2025-12-12 12:35:00.000,176.46,177.055,176.2522,177.055,856400
2025-12-12 12:40:00.000,177.04,177.46,176.965,177.35,1103756
2025-12-12 12:45:00.000,177.33,177.58,177.14,177.2053,1079778
2025-12-12 12:50:00.000,177.22,177.2551,176.92,177.0,770563
2025-12-12 12:55:00.000,176.995,177.1386,176.795,176.87,712179
2025-12-12 13:00:00.000,176.87,176.93,176.405,176.85,1019703
2025-12-12 13:05:00.000,176.86,177.28,176.853,176.955,878940
2025-12-12 13:10:00.000,176.9501,178.155,176.9101,177.58,1837599
2025-12-12 13:15:00.000,177.57,178.18,177.5642,177.75,1205494
2025-12-12 13:20:00.000,177.74,177.7551,177.25,177.36,942489
2025-12-12 13:25:00.000,177.335,177.5,177.195,177.45,721842
2025-12-12 13:30:00.000,177.4515,177.59,177.245,177.51,596877
2025-12-12 13:35:00.000,177.525,177.67,177.3,177.6497,699107
2025-12-12 13:40:00.000,177.65,177.7858,177.1001,177.17,877771
2025-12-12 13:45:00.000,177.165,177.42,177.09,177.41,629622
2025-12-12 13:50:00.000,177.4,177.6199,177.285,177.38,540754
2025-12-12 13:55:00.000,177.375,177.44,176.88,176.91,671450
2025-12-12 14:00:00.000,176.92,177.01,176.66,176.8116,851709
2025-12-12 14:05:00.000,176.8,176.9,176.46,176.5145,653960
2025-12-12 14:10:00.000,176.51,176.73,176.285,176.3058,718645
2025-12-12 14:15:00.000,176.3,176.52,176.21,176.31,614650
2025-12-12 14:20:00.000,176.3116,176.5499,176.1,176.31,727794
2025-12-12 14:25:00.000,176.31,176.33,176.035,176.2137,643676
2025-12-12 14:30:00.000,176.21,176.6,176.2,176.45,946091
2025-12-12 14:35:00.000,176.449,176.56,176.29,176.3363,587146
2025-12-12 14:40:00.000,176.34,176.66,176.27,176.295,737449
2025-12-12 14:45:00.000,176.3,176.335,176.07,176.19,494443
2025-12-12 14:50:00.000,176.2,176.39,176.19,176.36,474385
2025-12-12 14:55:00.000,176.3501,176.49,176.15,176.297,591638
2025-12-12 15:00:00.000,176.3,176.41,176.18,176.35,458611
2025-12-12 15:05:00.000,176.35,176.675,176.32,176.625,691093
2025-12-12 15:10:00.000,176.6258,176.635,175.985,175.985,1143264
2025-12-12 15:15:00.000,175.98,176.1,175.8,176.03,1051200
2025-12-12 15:20:00.000,176.05,176.185,175.99,176.045,702444
2025-12-12 15:25:00.000,176.045,176.06,175.68,175.905,1090345
2025-12-12 15:30:00.000,175.9,176.015,175.555,175.92,1068009
2025-12-12 15:35:00.000,175.93,175.9793,175.35,175.505,1131537
2025-12-12 15:40:00.000,175.5,175.775,175.41,175.555,1069527
2025-12-12 15:45:00.000,175.545,175.66,175.0,175.075,2025488
2025-12-12 15:50:00.000,175.09,175.2,174.62,174.885,2496361
2025-12-12 15:55:00.000,174.88,175.19,174.76,174.99,3434641
2025-12-12 16:00:00.000,175.0033,175.0897,174.7702,175.03,21389574
2025-12-12 16:05:00.000,174.97,175.05,174.9,175.0497,3406945
2025-12-12 16:10:00.000,175.0302,175.15,175.01,175.09,48268
2025-12-12 16:15:00.000,175.0799,175.17,175.03,175.09,41646
2025-12-12 16:20:00.000,175.11,175.18,175.02,175.05,561195
2025-12-12 16:25:00.000,175.0497,175.1,174.95,175.0544,54508
2025-12-12 16:30:00.000,175.05,175.08,174.96,174.98,20118
2025-12-12 16:35:00.000,175.0,175.13,174.9823,175.13,16903
2025-12-12 16:40:00.000,175.129,175.17,175.07,175.14,29991
2025-12-12 16:45:00.000,175.12,175.15,175.02,175.13,15170
2025-12-12 16:50:00.000,175.12,175.13,175.1,175.12,15673
2025-12-12 16:55:00.000,175.12,175.13,175.07,175.11,16438
2025-12-12 17:00:00.000,175.1097,175.13,174.95,175.03,26797
2025-12-12 17:05:00.000,175.0395,175.07,174.9904,175.02,11790
2025-12-12 17:10:00.000,175.04,175.04,174.9604,175.0,13985
2025-12-12 17:15:00.000,174.99,175.01,174.94,174.97,15667
2025-12-12 17:20:00.000,174.98,175.03,174.95,175.01,19493
2025-12-12 17:25:00.000,175.01,175.05,174.98,175.05,27958
2025-12-12 17:30:00.000,175.05,175.05,174.99,175.03,17233
2025-12-12 17:35:00.000,175.04,175.16,175.02,175.1,133205
2025-12-12 17:40:00.000,175.13,175.13,175.03,175.05,9362
2025-12-12 17:45:00.000,175.05,175.07,175.02,175.02,12437
2025-12-12 17:50:00.000,175.02,175.03,175.0,175.02,192874
2025-12-12 17:55:00.000,175.0297,175.06,174.99,174.99,8458
2025-12-12 18:00:00.000,175.0,175.0,174.95,174.96,17754
2025-12-12 18:05:00.000,174.95,174.96,174.8404,174.8404,12261
2025-12-12 18:10:00.000,174.84,174.86,174.8,174.86,13417
2025-12-12 18:15:00.000,174.88,174.94,174.8699,174.93,12162
2025-12-12 18:20:00.000,174.92,174.94,174.9,174.9,11602
2025-12-12 18:25:00.000,174.9006,174.96,174.9,174.96,4698
2025-12-12 18:30:00.000,174.98,174.99,174.96,174.9898,15130
2025-12-12 18:35:00.000,174.99,175.0,174.92,174.94,15894
2025-12-12 18:40:00.000,174.93,174.99,174.9002,174.98,20224
2025-12-12 18:45:00.000,174.9793,174.99,174.9398,174.9398,14941
2025-12-12 18:50:00.000,174.9201,174.9201,174.8448,174.9,14492
2025-12-12 18:55:00.000,174.9,174.97,174.8999,174.97,27139
2025-12-12 19:00:00.000,174.98,174.99,174.9397,174.9601,12876
2025-12-12 19:05:00.000,174.9566,174.99,174.9566,174.9799,12026
2025-12-12 19:10:00.000,174.98,175.02,174.9448,174.9496,13953
2025-12-12 19:15:00.000,174.94,174.98,174.93,174.98,18815
2025-12-12 19:20:00.000,174.97,174.99,174.9501,174.99,6497
2025-12-12 19:25:00.000,174.98,175.02,174.96,175.0,20512
2025-12-12 19:30:00.000,175.0,175.1,175.0,175.0602,37178
2025-12-12 19:35:00.000,175.0699,175.1496,175.06,175.12,18523
2025-12-12 19:40:00.000,175.1194,175.12,175.09,175.09,17503
2025-12-12 19:45:00.000,175.0929,175.2899,175.09,175.28,38944
2025-12-12 19:50:00.000,175.26,175.38,175.2508,175.26,41636
2025-12-12 19:55:00.000,175.3166,175.3166,175.15,175.17,27125
2025-12-14 20:00:00.000,175.17,175.99,171.22,175.41,3563
2025-12-14 20:05:00.000,175.41,175.63,175.39,175.56,1189
2025-12-14 20:10:00.000,175.55,175.66,175.55,175.66,115
2025-12-14 20:15:00.000,175.67,175.68,175.57,175.57,666
2025-12-14 20:20:00.000,175.64,175.73,175.63,175.69,1593
2025-12-14 20:25:00.000,175.68,175.88,175.66,175.88,665
2025-12-14 20:30:00.000,175.86,176.4,175.86,176.2,3259
2025-12-14 20:35:00.000,176.28,176.41,176.25,176.41,1900
2025-12-14 20:40:00.000,176.38,176.44,176.29,176.29,1202
2025-12-14 20:45:00.000,176.21,176.21,176.05,176.08,1080
2025-12-14 20:50:00.000,176.15,176.18,176.15,176.18,494
2025-12-14 20:55:00.000,176.31,176.42,176.31,176.35,571
2025-12-14 21:00:00.000,176.37,176.41,176.37,176.41,301
2025-12-14 21:05:00.000,176.41,176.42,176.33,176.34,393
2025-12-14 21:10:00.000,176.29,176.29,176.29,176.29,1
2025-12-14 21:15:00.000,176.33,176.33,176.32,176.33,115
2025-12-14 21:20:00.000,176.3,176.3,176.2,176.23,392
2025-12-14 21:25:00.000,176.22,176.22,176.06,176.06,479
2025-12-14 21:30:00.000,176.19,176.19,176.13,176.19,255
2025-12-14 21:35:00.000,176.19,176.26,176.15,176.15,211
2025-12-14 21:40:00.000,176.19,176.2,176.19,176.2,262
2025-12-14 21:45:00.000,176.16,176.16,176.16,176.16,21
2025-12-14 21:50:00.000,176.21,176.25,176.21,176.23,323
2025-12-14 21:55:00.000,176.24,176.34,176.24,176.34,270
2025-12-14 22:00:00.000,176.35,176.47,176.35,176.41,2141
2025-12-14 22:05:00.000,176.36,176.36,176.36,176.36,19
2025-12-14 22:10:00.000,176.37,176.37,176.29,176.29,300
2025-12-14 22:20:00.000,176.21,176.21,176.21,176.21,123
2025-12-14 22:25:00.000,176.19,176.25,176.19,176.25,206
2025-12-14 22:30:00.000,176.24,176.28,176.24,176.26,27
2025-12-14 22:35:00.000,176.25,176.25,176.25,176.25,6
2025-12-14 22:40:00.000,176.24,176.24,176.21,176.21,224
2025-12-14 22:45:00.000,176.18,176.28,176.18,176.28,830
2025-12-14 22:50:00.000,176.2,176.2,176.15,176.15,259
2025-12-14 23:00:00.000,176.13,176.17,176.13,176.17,183
2025-12-14 23:10:00.000,176.17,176.17,176.13,176.13,8
2025-12-14 23:15:00.000,176.09,176.09,176.08,176.08,375
2025-12-14 23:20:00.000,176.02,176.08,175.99,176.08,314
2025-12-14 23:25:00.000,176.08,176.14,176.08,176.14,502
2025-12-14 23:30:00.000,176.07,176.09,175.91,175.91,719
2025-12-14 23:35:00.000,175.84,175.93,175.84,175.93,181
2025-12-14 23:40:00.000,176.01,176.04,176.0,176.01,495
2025-12-14 23:45:00.000,176.1,176.11,176.1,176.11,58
2025-12-14 23:50:00.000,176.05,176.05,175.74,175.83,2015
2025-12-14 23:55:00.000,175.85,176.07,175.85,176.06,567
2025-12-15 00:00:00.000,175.98,176.0,175.98,175.98,375
2025-12-15 00:05:00.000,175.98,175.98,175.94,175.94,201
2025-12-15 00:10:00.000,175.96,175.96,175.96,175.96,1
2025-12-15 00:15:00.000,176.09,176.09,176.09,176.09,86
2025-12-15 00:20:00.000,176.09,176.14,176.07,176.14,472
2025-12-15 00:25:00.000,176.12,176.12,176.12,176.12,200
2025-12-15 00:40:00.000,176.13,176.22,176.13,176.22,311
2025-12-15 00:45:00.000,176.22,176.22,176.22,176.22,50
2025-12-15 00:50:00.000,176.22,176.22,176.21,176.21,226
2025-12-15 01:00:00.000,176.17,176.17,176.17,176.17,23
2025-12-15 01:05:00.000,176.17,176.17,176.13,176.13,509
2025-12-15 01:15:00.000,176.15,176.19,176.13,176.19,183
2025-12-15 01:20:00.000,176.21,176.22,176.18,176.2,602
2025-12-15 01:25:00.000,176.2,176.2,176.18,176.18,71
2025-12-15 01:30:00.000,176.14,176.16,176.14,176.16,3
2025-12-15 01:35:00.000,176.14,176.14,176.14,176.14,157
2025-12-15 01:45:00.000,176.16,176.21,176.16,176.21,27
2025-12-15 01:50:00.000,176.2,176.2,176.2,176.2,7
2025-12-15 01:55:00.000,176.24,176.24,176.24,176.24,134
2025-12-15 02:00:00.000,176.23,176.35,176.23,176.35,551
2025-12-15 02:10:00.000,176.32,176.34,176.32,176.34,1037
2025-12-15 02:15:00.000,176.39,176.39,176.37,176.37,718
2025-12-15 02:20:00.000,176.39,176.43,176.39,176.42,380
2025-12-15 02:25:00.000,176.44,176.44,176.26,176.31,625
2025-12-15 02:30:00.000,176.32,176.32,176.16,176.16,482
2025-12-15 02:35:00.000,176.26,176.26,176.19,176.19,694
2025-12-15 02:40:00.000,176.21,176.21,176.21,176.21,90
2025-12-15 02:45:00.000,176.23,176.25,176.22,176.25,88
2025-12-15 02:50:00.000,176.14,176.16,176.14,176.16,104
2025-12-15 02:55:00.000,176.22,176.24,176.22,176.22,83
2025-12-15 03:00:00.000,176.24,176.32,176.23,176.24,412
2025-12-15 03:05:00.000,176.25,176.27,176.19,176.19,618
2025-12-15 03:10:00.000,176.17,176.17,176.09,176.09,105
2025-12-15 03:15:00.000,176.0,176.0,175.8,175.95,761
2025-12-15 03:20:00.000,176.0,176.02,175.96,176.02,58
2025-12-15 03:25:00.000,176.06,176.06,176.06,176.06,584
2025-12-15 03:30:00.000,176.01,176.03,175.98,175.98,80
2025-12-15 03:35:00.000,175.97,176.22,175.95,176.2,32
2025-12-15 03:45:00.000,176.29,176.29,176.28,176.28,21
2025-12-15 03:50:00.000,176.32,176.32,176.32,176.32,2
2025-12-15 03:55:00.000,176.27,176.27,176.27,176.27,4
2025-12-15 04:00:00.000,176.22,176.28,176.14,176.18,3668
2025-12-15 04:05:00.000,176.19,176.22,176.14,176.22,3521
2025-12-15 04:10:00.000,176.2,176.56,176.17,176.56,8745
2025-12-15 04:15:00.000,176.52,176.81,176.5,176.67,13207
2025-12-15 04:20:00.000,176.71,177.05,176.71,177.05,7569
2025-12-15 04:25:00.000,177.09,177.13,177.05,177.05,5302
2025-12-15 04:30:00.000,177.06,177.23,177.05,177.17,2351
2025-12-15 04:35:00.000,177.12,177.12,177.0,177.0,3927
2025-12-15 04:40:00.000,177.02,177.11,177.02,177.1,967
2025-12-15 04:45:00.000,177.1,177.2,177.1,177.12,1475
2025-12-15 04:50:00.000,177.12,177.21,177.12,177.21,1732
2025-12-15 04:55:00.000,177.2,177.2,177.05,177.08,2329
2025-12-15 05:00:00.000,177.07,177.09,177.02,177.09,2324
2025-12-15 05:05:00.000,177.04,177.11,177.04,177.06,800
2025-12-15 05:10:00.000,177.09,177.09,177.0,177.05,6675
2025-12-15 05:15:00.000,177.04,177.1,177.04,177.1,8090
2025-12-15 05:20:00.000,177.07,177.08,177.07,177.08,393
2025-12-15 05:25:00.000,177.02,177.07,177.02,177.07,667
2025-12-15 05:30:00.000,177.0,177.0,176.7,176.7,5131
2025-12-15 05:35:00.000,176.71,176.72,176.51,176.63,2058
2025-12-15 05:40:00.000,176.66,176.66,176.62,176.62,250
2025-12-15 05:45:00.000,176.68,176.75,176.6,176.6,928
2025-12-15 05:50:00.000,176.56,177.0,176.56,177.0,994
2025-12-15 05:55:00.000,176.88,176.89,176.83,176.86,2280
2025-12-15 06:00:00.000,176.88,176.9,176.75,176.89,707
2025-12-15 06:05:00.000,176.9,176.91,176.81,176.9,3387
2025-12-15 06:10:00.000,176.9,176.95,176.82,176.84,1927
2025-12-15 06:15:00.000,176.89,176.99,176.89,176.96,2021
2025-12-15 06:20:00.000,176.99,177.2,176.97,177.2,5139
2025-12-15 06:25:00.000,177.25,177.25,177.09,177.11,3189
2025-12-15 06:30:00.000,177.21,177.28,177.15,177.15,4251
2025-12-15 06:35:00.000,177.12,177.16,177.06,177.16,4678
2025-12-15 06:40:00.000,177.23,177.23,177.15,177.18,3590
2025-12-15 06:45:00.000,177.2,177.2,176.94,176.98,7614
2025-12-15 06:50:00.000,177.05,177.1,177.02,177.07,3646
2025-12-15 06:55:00.000,176.93,176.93,176.8,176.83,3708
2025-12-15 07:00:00.000,176.83,176.88,176.7,176.7,11766
2025-12-15 07:05:00.000,176.7,176.81,176.6,176.81,11337
2025-12-15 07:10:00.000,176.84,177.02,176.78,176.84,5571
2025-12-15 07:15:00.000,176.85,177.0,176.85,176.97,2884
2025-12-15 07:20:00.000,176.981,177.1,176.981,177.05,3085
2025-12-15 07:25:00.000,177.1,177.13,176.851,176.96,10485
2025-12-15 07:30:00.000,176.97,177.16,176.97,177.1,2171
2025-12-15 07:35:00.000,177.1,177.12,177.02,177.02,3252
2025-12-15 07:40:00.000,177.0,177.25,176.999,177.2,5199
2025-12-15 07:45:00.000,177.18,177.2,177.09,177.099,2395
2025-12-15 07:50:00.000,177.07,177.19,177.05,177.14,2966
2025-12-15 07:55:00.000,177.14,177.27,177.12,177.27,5209
2025-12-15 08:00:00.000,176.83,177.45,175.82,177.29,445230
2025-12-15 08:05:00.000,177.3,177.32,177.08,177.08,33181
2025-12-15 08:10:00.000,177.0999,177.11,177.0,177.07,40579
2025-12-15 08:15:00.000,177.1,177.12,176.95,177.03,26087
2025-12-15 08:20:00.000,177.01,177.01,176.8968,176.97,18748
2025-12-15 08:25:00.000,177.0,177.0899,176.98,177.0406,29839
2025-12-15 08:30:00.000,177.0568,177.2199,177.04,177.0777,27908
2025-12-15 08:35:00.000,177.1,177.1097,176.99,177.04,16399
2025-12-15 08:40:00.000,177.04,177.15,177.0301,177.12,24298
2025-12-15 08:45:00.000,177.12,177.3756,177.1,177.2882,38487
2025-12-15 08:50:00.000,177.3,177.3,177.1409,177.2,28130
2025-12-15 08:55:00.000,177.21,177.29,177.16,177.23,25802
2025-12-15 09:00:00.000,177.23,177.95,177.22,177.7299,134235
2025-12-15 09:05:00.000,177.73,177.74,177.41,177.711,127276
2025-12-15 09:10:00.000,177.7,177.75,177.5932,177.62,55555
2025-12-15 09:15:00.000,177.61,177.73,177.61,177.7001,60820
2025-12-15 09:20:00.000,177.7001,177.7001,177.26,177.26,79492
2025-12-15 09:25:00.000,177.3,178.38,177.11,177.95,177044
2025-12-15 09:30:00.000,177.936,177.99,176.95,176.9884,4866599
2025-12-15 09:35:00.000,177.0042,177.62,176.04,176.045,2146756
2025-12-15 09:40:00.000,176.0486,177.06,175.6801,176.985,2432466
2025-12-15 09:45:00.000,176.98,177.91,176.69,177.9099,2157587
2025-12-15 09:50:00.000,177.92,178.01,177.19,177.735,1845909
2025-12-15 09:55:00.000,177.73,177.81,177.11,177.24,1675471
2025-12-15 10:00:00.000,177.23,177.37,176.64,177.1,1774293
2025-12-15 10:05:00.000,177.109,178.3399,177.06,177.675,2196062
2025-12-15 10:10:00.000,177.665,177.78,177.1,177.325,1389474
2025-12-15 10:15:00.000,177.3,177.36,176.54,176.72,1451504
2025-12-15 10:20:00.000,176.745,177.07,175.7924,175.8101,1437350
2025-12-15 10:25:00.000,175.81,176.09,175.031,175.4516,2050865
2025-12-15 10:30:00.000,175.44,177.72,175.34,176.1758,1735421
2025-12-15 10:35:00.000,176.12,176.5,175.88,176.23,1077002
2025-12-15 10:40:00.000,176.23,177.24,176.02,177.235,1207994
2025-12-15 10:45:00.000,177.25,177.63,177.18,177.445,1428569
2025-12-15 10:50:00.000,177.44,177.465,176.6001,176.805,985275
2025-12-15 10:55:00.000,176.8,177.04,176.68,177.02,808655
2025-12-15 11:00:00.000,177.015,177.21,176.85,177.165,771537
2025-12-15 11:05:00.000,177.18,177.66,177.13,177.6393,1108360
2025-12-15 11:10:00.000,177.62,177.705,177.08,177.175,848513
2025-12-15 11:15:00.000,177.1801,177.95,177.16,177.95,929644
2025-12-15 11:20:00.000,177.9458,178.205,177.8,178.1601,899453
2025-12-15 11:25:00.000,178.17,178.415,178.14,178.252,1163357
2025-12-15 11:30:00.000,178.26,178.32,177.66,177.79,1051938
2025-12-15 11:35:00.000,177.787,177.9,177.3,177.385,933255
2025-12-15 11:40:00.000,177.38,177.65,177.18,177.47,765286
2025-12-15 11:45:00.000,177.49,177.655,177.25,177.4197,676906
2025-12-15 11:50:00.000,177.4,177.965,177.375,177.91,873963
2025-12-15 11:55:00.000,177.9055,177.96,177.56,177.8356,703082
2025-12-15 12:00:00.000,177.84,177.97,177.52,177.67,620927
2025-12-15 12:05:00.000,177.67,177.91,177.57,177.8901,512659
2025-12-15 12:10:00.000,177.9,178.07,177.791,177.87,568454
2025-12-15 12:15:00.000,177.865,177.865,177.51,177.7258,588785
2025-12-15 12:20:00.000,177.73,177.88,177.5758,177.595,479720
2025-12-15 12:25:00.000,177.58,177.7718,177.55,177.595,564571
2025-12-15 12:30:00.000,177.5999,177.7051,177.185,177.285,708734
2025-12-15 12:35:00.000,177.29,177.6001,177.28,177.545,690662
2025-12-15 12:40:00.000,177.54,177.9194,177.5,177.8497,607564
2025-12-15 12:45:00.000,177.84,177.97,177.5199,177.525,754488
2025-12-15 12:50:00.000,177.5201,177.5255,177.02,177.175,859471
2025-12-15 12:55:00.000,177.2,177.3716,177.03,177.32,578793
2025-12-15 13:00:00.000,177.31,177.33,176.81,177.0794,742120
2025-12-15 13:05:00.000,177.08,177.51,177.08,177.2851,726914
2025-12-15 13:10:00.000,177.2817,177.57,177.25,177.425,580011
2025-12-15 13:15:00.000,177.43,177.578,177.09,177.195,659287
2025-12-15 13:20:00.000,177.173,177.37,177.08,177.14,587263
2025-12-15 13:25:00.000,177.14,177.24,176.96,177.11,508722
2025-12-15 13:30:00.000,177.11,177.15,176.83,176.85,630874
2025-12-15 13:35:00.000,176.84,177.04,176.73,176.9751,736646
2025-12-15 13:40:00.000,176.97,177.2799,176.89,177.0,677473
2025-12-15 13:45:00.000,177.005,177.13,176.72,176.73,623604
2025-12-15 13:50:00.000,176.735,177.15,176.68,177.075,641009
2025-12-15 13:55:00.000,177.075,177.555,177.05,177.45,725270
2025-12-15 14:00:00.000,177.445,177.66,177.405,177.62,643464
2025-12-15 14:05:00.000,177.6101,177.64,177.35,177.37,630440
2025-12-15 14:10:00.000,177.365,177.37,177.01,177.16,601271
2025-12-15 14:15:00.000,177.16,177.2851,176.98,177.25,554380
2025-12-15 14:20:00.000,177.265,177.3,177.04,177.2299,464052
2025-12-15 14:25:00.000,177.22,177.35,177.1005,177.14,480956
2025-12-15 14:30:00.000,177.15,177.245,176.84,176.9442,588950
2025-12-15 14:35:00.000,176.9358,176.9899,176.515,176.6602,820765
2025-12-15 14:40:00.000,176.665,176.74,176.4382,176.4699,743295
2025-12-15 14:45:00.000,176.465,176.53,176.3,176.455,686878
2025-12-15 14:50:00.000,176.46,176.5455,176.27,176.515,919210
2025-12-15 14:55:00.000,176.52,176.99,176.49,176.925,927656
2025-12-15 15:00:00.000,176.92,176.92,176.1901,176.21,893998
2025-12-15 15:05:00.000,176.21,176.855,176.1984,176.825,967528
2025-12-15 15:10:00.000,176.8218,176.88,176.53,176.535,656076
2025-12-15 15:15:00.000,176.54,176.73,176.4,176.49,656922
2025-12-15 15:20:00.000,176.5,176.53,176.12,176.24,830283
2025-12-15 15:25:00.000,176.25,176.4398,176.15,176.33,667797
2025-12-15 15:30:00.000,176.33,176.4105,175.91,176.325,1083952
2025-12-15 15:35:00.000,176.32,176.75,176.28,176.6601,1092724
2025-12-15 15:40:00.000,176.665,176.7245,176.28,176.395,987887
2025-12-15 15:45:00.000,176.39,176.64,176.15,176.5797,960984
2025-12-15 15:50:00.000,176.57,176.83,176.22,176.29,1437029
2025-12-15 15:55:00.000,176.31,176.625,175.93,176.28,3601918
2025-12-15 16:00:00.000,176.29,176.61,175.99,176.14,21320799
2025-12-15 16:05:00.000,176.14,176.29,176.02,176.1014,211515
2025-12-15 16:10:00.000,176.16,176.29,176.0286,176.1459,69954
2025-12-15 16:15:00.000,176.17,176.2104,176.1025,176.13,11930
2025-12-15 16:20:00.000,176.29,176.55,176.11,176.51,195291
2025-12-15 16:25:00.000,176.54,176.6399,176.3,176.5,33486
2025-12-15 16:30:00.000,176.46,176.6,176.29,176.6,28674
2025-12-15 16:35:00.000,176.45,176.6598,176.29,176.55,71276
2025-12-15 16:40:00.000,176.53,176.6,176.46,176.58,11098
2025-12-15 16:45:00.000,176.56,176.59,176.5,176.53,6000
2025-12-15 16:50:00.000,176.5416,176.55,176.4,176.41,15150
2025-12-15 16:55:00.000,176.45,176.59,176.45,176.57,9068
2025-12-15 17:00:00.000,176.56,176.7,176.56,176.64,14662
2025-12-15 17:05:00.000,176.6394,176.6394,176.5,176.5,5698
2025-12-15 17:10:00.000,176.5939,176.5999,176.55,176.57,2050
2025-12-15 17:15:00.000,176.56,176.6,176.5548,176.59,6838
2025-12-15 17:20:00.000,176.5832,176.6,176.58,176.6,2535
2025-12-15 17:25:00.000,176.59,176.59,176.29,176.5,333623
2025-12-15 17:30:00.000,176.53,176.5507,176.29,176.52,118111
2025-12-15 17:35:00.000,176.51,176.51,176.4344,176.5,3463
2025-12-15 17:40:00.000,176.468,176.49,176.45,176.46,5095
2025-12-15 17:45:00.000,176.45,176.51,176.44,176.4696,2894
2025-12-15 17:50:00.000,176.47,176.48,176.46,176.47,5074
2025-12-15 17:55:00.000,176.48,176.48,176.42,176.43,4604
2025-12-15 18:00:00.000,176.5,176.6689,176.43,176.6689,23671
2025-12-15 18:05:00.000,176.63,176.73,176.57,176.57,12496
2025-12-15 18:10:00.000,176.6,176.6,176.51,176.52,4679
2025-12-15 18:15:00.000,176.5291,176.56,176.45,176.48,5606
2025-12-15 18:20:00.000,176.45,176.53,176.4205,176.5092,4188
2025-12-15 18:25:00.000,176.48,176.5,176.34,176.3595,24476
2025-12-15 18:30:00.000,176.361,176.361,176.2,176.2,6384
2025-12-15 18:35:00.000,176.15,176.27,176.13,176.2026,10231
2025-12-15 18:40:00.000,176.2,176.2,176.13,176.18,4995
2025-12-15 18:45:00.000,176.1882,176.1882,176.0701,176.08,10619
2025-12-15 18:50:00.000,176.0992,176.15,176.01,176.06,10505
2025-12-15 18:55:00.000,176.04,176.12,176.0207,176.06,21866
2025-12-15 19:00:00.000,176.06,176.12,176.01,176.02,24814
2025-12-15 19:05:00.000,176.04,176.06,175.83,175.83,24339
2025-12-15 19:10:00.000,175.81,175.8338,175.7,175.77,37801
2025-12-15 19:15:00.000,175.87,175.87,175.61,175.77,13066
2025-12-15 19:20:00.000,175.8077,175.93,175.75,175.85,6020
2025-12-15 19:25:00.000,175.82,175.96,175.82,175.95,7325
2025-12-15 19:30:00.000,175.89,175.89,175.77,175.77,10267
2025-12-15 19:35:00.000,175.76,175.82,175.76,175.8,14413
2025-12-15 19:40:00.000,175.81,175.8892,175.77,175.81,21865
2025-12-15 19:45:00.000,175.84,175.84,175.75,175.8,11375
2025-12-15 19:50:00.000,175.76,175.8,175.72,175.76,17306
2025-12-15 19:55:00.000,175.76,175.839,175.72,175.78,22316
2025-12-15 20:00:00.000,175.76,175.77,175.76,175.77,18
2025-12-15 20:05:00.000,175.77,175.77,175.77,175.77,2
2025-12-15 20:10:00.000,175.68,175.68,175.68,175.68,300
2025-12-15 20:15:00.000,175.68,175.68,175.68,175.68,20
2025-12-15 20:20:00.000,175.59,175.72,175.58,175.67,681
2025-12-15 20:25:00.000,175.64,175.64,175.53,175.54,386
2025-12-15 20:30:00.000,175.53,175.54,175.38,175.41,883
2025-12-15 20:35:00.000,175.4,175.4,174.72,174.72,1444
2025-12-15 20:40:00.000,174.71,174.82,174.64,174.82,910
2025-12-15 20:45:00.000,174.69,174.85,174.69,174.7,1562
2025-12-15 20:50:00.000,174.77,174.98,174.75,174.96,542
2025-12-15 20:55:00.000,174.94,175.11,174.81,175.03,1040
2025-12-15 21:00:00.000,174.94,174.94,174.75,174.81,759
2025-12-15 21:05:00.000,174.84,174.84,174.8,174.8,70
2025-12-15 21:10:00.000,174.86,175.16,174.86,175.16,1442
2025-12-15 21:15:00.000,175.14,175.29,175.1,175.1,1288
2025-12-15 21:20:00.000,175.12,175.12,175.04,175.04,155
2025-12-15 21:25:00.000,175.09,175.27,175.09,175.27,254
2025-12-15 21:30:00.000,175.16,175.17,175.13,175.17,785
2025-12-15 21:35:00.000,175.18,175.18,175.18,175.18,255
2025-12-15 21:40:00.000,175.02,175.02,174.98,174.98,288
2025-12-15 21:45:00.000,175.01,175.01,174.78,174.78,1452
2025-12-15 21:50:00.000,174.83,174.88,174.76,174.76,393
2025-12-15 21:55:00.000,174.85,174.9,174.85,174.9,147
2025-12-15 22:00:00.000,174.77,174.89,174.77,174.89,172
2025-12-15 22:05:00.000,174.9,174.9,174.9,174.9,2
2025-12-15 22:10:00.000,174.88,174.88,174.81,174.81,139
2025-12-15 22:15:00.000,174.77,174.84,174.77,174.81,40
2025-12-15 22:20:00.000,174.75,174.76,174.73,174.73,20
2025-12-15 22:25:00.000,174.74,174.74,174.68,174.69,407
2025-12-15 22:30:00.000,174.69,174.69,174.65,174.69,91
2025-12-15 22:35:00.000,174.72,174.86,174.72,174.78,485
2025-12-15 22:40:00.000,174.79,174.81,174.76,174.76,79
2025-12-15 22:45:00.000,174.75,174.85,174.74,174.85,289
2025-12-15 22:50:00.000,174.88,174.92,174.86,174.88,604
2025-12-15 22:55:00.000,174.86,174.86,174.73,174.76,952
2025-12-15 23:00:00.000,174.84,174.95,174.83,174.91,300
2025-12-15 23:05:00.000,174.91,174.91,174.89,174.9,92
2025-12-15 23:10:00.000,174.92,174.92,174.92,174.92,126
2025-12-15 23:25:00.000,174.89,174.89,174.88,174.88,250
2025-12-15 23:35:00.000,174.91,174.91,174.91,174.91,85
2025-12-15 23:40:00.000,174.92,174.94,174.92,174.94,40
2025-12-15 23:45:00.000,174.9,174.91,174.9,174.91,170
2025-12-15 23:50:00.000,174.9,174.9,174.9,174.9,424
2025-12-15 23:55:00.000,174.87,174.87,174.85,174.85,296
2025-12-16 00:00:00.000,174.87,174.87,174.85,174.86,147
2025-12-16 00:10:00.000,174.83,174.84,174.83,174.84,61
2025-12-16 00:15:00.000,174.86,174.86,174.85,174.85,4
2025-12-16 00:20:00.000,174.83,174.83,174.83,174.83,255
2025-12-16 00:25:00.000,174.83,174.83,174.78,174.78,38
2025-12-16 00:35:00.000,174.77,174.84,174.77,174.84,74
2025-12-16 00:40:00.000,174.76,174.76,174.76,174.76,314
2025-12-16 00:45:00.000,174.78,174.8,174.77,174.77,24
2025-12-16 00:50:00.000,174.73,174.74,174.71,174.71,12
2025-12-16 00:55:00.000,174.7,174.71,174.7,174.71,10
2025-12-16 01:05:00.000,174.73,174.77,174.73,174.77,149
2025-12-16 01:10:00.000,174.72,174.74,174.72,174.74,74
2025-12-16 01:15:00.000,174.74,174.74,174.73,174.73,4
2025-12-16 01:25:00.000,174.7,174.71,174.7,174.71,79
2025-12-16 01:30:00.000,174.68,174.68,174.65,174.67,137
2025-12-16 01:35:00.000,174.65,174.65,174.54,174.54,43
2025-12-16 01:40:00.000,174.56,174.56,174.56,174.56,278
2025-12-16 01:45:00.000,174.55,174.55,174.55,174.55,91
2025-12-16 01:50:00.000,174.61,174.61,174.61,174.61,9
2025-12-16 02:00:00.000,174.66,174.72,174.66,174.72,568
2025-12-16 02:05:00.000,174.78,174.81,174.75,174.75,553
2025-12-16 02:10:00.000,174.71,174.74,174.65,174.69,2874
2025-12-16 02:15:00.000,174.55,174.71,174.55,174.63,200
2025-12-16 02:20:00.000,174.51,174.6,174.5,174.6,700
2025-12-16 02:25:00.000,174.59,174.6,174.59,174.6,218
2025-12-16 02:30:00.000,174.57,174.57,174.54,174.54,3
2025-12-16 02:35:00.000,174.41,174.41,174.22,174.24,1499
2025-12-16 02:40:00.000,174.28,174.31,174.14,174.14,798
2025-12-16 02:45:00.000,174.21,174.27,174.18,174.25,521
2025-12-16 02:50:00.000,174.32,174.32,174.2,174.24,748
2025-12-16 02:55:00.000,174.28,174.52,174.28,174.52,477
2025-12-16 03:00:00.000,174.56,174.76,174.56,174.72,1002
2025-12-16 03:05:00.000,174.85,175.05,174.8,174.91,2055
2025-12-16 03:10:00.000,174.79,174.79,174.76,174.77,342
2025-12-16 03:15:00.000,174.68,174.75,174.62,174.71,1025
2025-12-16 03:20:00.000,174.71,174.71,174.35,174.35,1477
2025-12-16 03:25:00.000,174.55,174.69,174.55,174.69,1223
2025-12-16 03:30:00.000,174.63,174.75,174.63,174.75,210
2025-12-16 03:45:00.000,174.71,174.88,174.71,174.88,555
2025-12-16 03:50:00.000,174.87,174.87,174.75,174.75,83
2025-12-16 03:55:00.000,174.6,174.76,174.59,174.76,116
2025-12-16 04:00:00.000,174.96,175.2,174.85,175.12,5367
2025-12-16 04:05:00.000,175.12,175.13,175.03,175.03,4601
2025-12-16 04:10:00.000,175.03,175.46,175.0,175.46,2201
2025-12-16 04:15:00.000,175.41,175.41,175.25,175.37,1236
2025-12-16 04:20:00.000,175.37,175.55,175.34,175.47,1114
2025-12-16 04:25:00.000,175.51,175.51,175.29,175.3,1167
2025-12-16 04:30:00.000,175.35,175.35,175.2,175.2,500
2025-12-16 04:35:00.000,175.15,175.24,175.15,175.19,856
2025-12-16 04:40:00.000,175.17,175.19,175.11,175.11,918
2025-12-16 04:45:00.000,175.07,175.11,175.01,175.05,1328
2025-12-16 04:50:00.000,175.03,175.03,174.82,174.85,2032
2025-12-16 04:55:00.000,174.8,175.02,174.69,175.02,8382
2025-12-16 05:00:00.000,174.99,175.01,174.9,175.01,639
2025-12-16 05:05:00.000,175.12,175.12,175.07,175.07,1836
2025-12-16 05:10:00.000,175.1,175.19,175.1,175.14,2976
2025-12-16 05:15:00.000,175.16,175.21,175.16,175.21,558
2025-12-16 05:25:00.000,175.27,175.39,175.27,175.37,1303
2025-12-16 05:30:00.000,175.45,175.49,175.2,175.4,2819
2025-12-16 05:35:00.000,175.43,175.73,175.43,175.73,2391
2025-12-16 05:40:00.000,175.79,175.88,175.72,175.88,800
2025-12-16 05:45:00.000,175.91,175.91,175.65,175.65,1973
2025-12-16 05:50:00.000,175.62,175.66,175.61,175.65,1787
2025-12-16 05:55:00.000,175.6,175.61,175.55,175.61,1125
2025-12-16 06:00:00.000,175.63,175.66,175.55,175.63,1065
2025-12-16 06:05:00.000,175.44,175.56,175.44,175.56,1683
2025-12-16 06:10:00.000,175.52,175.53,175.5,175.5,800
2025-12-16 06:15:00.000,175.5,175.6,175.49,175.6,1568
2025-12-16 06:20:00.000,175.61,175.61,175.5,175.5,1454
2025-12-16 06:25:00.000,175.54,175.54,175.5,175.5,566
2025-12-16 06:30:00.000,175.56,175.77,175.56,175.76,628
2025-12-16 06:35:00.000,175.79,176.06,175.79,176.06,2254
2025-12-16 06:40:00.000,176.07,176.07,175.85,175.85,1981
2025-12-16 06:45:00.000,175.85,175.85,175.79,175.79,344
2025-12-16 06:50:00.000,175.86,176.03,175.86,176.0,1886
2025-12-16 06:55:00.000,176.08,176.25,176.08,176.2,2505
2025-12-16 07:00:00.000,176.11,176.31,176.03,176.3,7621
2025-12-16 07:05:00.000,176.36,176.55,176.36,176.55,8075
2025-12-16 07:10:00.000,176.55,176.859,176.55,176.77,12143
2025-12-16 07:15:00.000,176.78,176.82,176.74,176.77,10463
2025-12-16 07:20:00.000,176.73,176.87,176.73,176.8,16566
2025-12-16 07:25:00.000,176.74,176.85,176.74,176.83,3585
2025-12-16 07:30:00.000,176.84,177.07,176.84,177.07,10565
2025-12-16 07:35:00.000,177.011,177.011,176.85,176.85,6346
2025-12-16 07:40:00.000,176.89,176.95,176.82,176.82,2779
2025-12-16 07:45:00.000,176.81,176.92,176.78,176.88,7119
2025-12-16 07:50:00.000,176.86,176.95,176.86,176.92,4657
2025-12-16 07:55:00.000,176.91,176.91,176.75,176.78,7955
2025-12-16 08:00:00.000,174.73,177.07,173.81,176.75,395989
2025-12-16 08:05:00.000,176.7752,176.81,176.55,176.78,30535
2025-12-16 08:10:00.000,176.75,176.78,176.6,176.6892,20321
2025-12-16 08:15:00.000,176.66,176.7,176.5,176.67,18639
2025-12-16 08:20:00.000,176.63,177.1831,176.63,177.1299,47350
2025-12-16 08:25:00.000,177.18,177.34,176.97,177.32,69041
2025-12-16 08:30:00.000,177.34,177.8,177.3,177.42,82511
2025-12-16 08:35:00.000,177.36,177.49,176.77,177.0399,81170
2025-12-16 08:40:00.000,177.05,177.285,176.77,176.8452,34199
2025-12-16 08:45:00.000,176.92,177.22,176.92,177.01,43152
2025-12-16 08:50:00.000,177.01,177.0401,176.46,176.54,55600
2025-12-16 08:55:00.000,176.5106,176.78,176.45,176.7,34862
2025-12-16 09:00:00.000,176.6325,176.83,176.5203,176.79,33620
2025-12-16 09:05:00.000,176.78,176.91,176.7,176.74,52541
2025-12-16 09:10:00.000,176.76,176.79,176.6,176.6991,12511
2025-12-16 09:15:00.000,176.67,176.97,176.6699,176.9401,27899
2025-12-16 09:20:00.000,176.9495,176.9499,176.7,176.76,26511
2025-12-16 09:25:00.000,176.73,176.73,176.22,176.23,75941
2025-12-16 09:30:00.000,176.22,176.71,175.59,175.79,3440709
2025-12-16 09:35:00.000,175.8,176.17,174.9,175.5,2311842
2025-12-16 09:40:00.000,175.4872,176.03,174.94,175.77,1687312
2025-12-16 09:45:00.000,175.77,176.83,175.02,176.4664,2020442
2025-12-16 09:50:00.000,176.51,177.325,176.31,176.62,2156503
2025-12-16 09:55:00.000,176.61,177.35,176.4701,177.31,1231331
2025-12-16 10:00:00.000,177.32,177.48,176.71,177.15,1601028
2025-12-16 10:05:00.000,177.16,177.49,176.75,176.76,1141713
2025-12-16 10:10:00.000,176.77,177.29,176.6284,177.165,1048620
2025-12-16 10:15:00.000,177.15,177.25,176.55,176.745,1070951
2025-12-16 10:20:00.000,176.75,176.85,176.19,176.2656,975336
2025-12-16 10:25:00.000,176.25,176.26,175.51,176.1501,1661242
2025-12-16 10:30:00.000,176.15,176.91,176.0701,176.4288,1306890
2025-12-16 10:35:00.000,176.44,176.7868,175.75,176.0901,1072120
2025-12-16 10:40:00.000,176.1,176.23,175.57,176.16,955833
2025-12-16 10:45:00.000,176.1601,176.65,176.1001,176.16,939505
2025-12-16 10:50:00.000,176.16,176.76,175.711,176.54,1142711
2025-12-16 10:55:00.000,176.52,177.015,176.48,176.85,1104712
2025-12-16 11:00:00.000,176.85,177.305,176.85,176.99,1251784
2025-12-16 11:05:00.000,176.99,177.08,176.47,176.5142,959784
2025-12-16 11:10:00.000,176.54,176.58,176.21,176.375,666412
2025-12-16 11:15:00.000,176.3797,176.62,175.87,176.255,1142625
2025-12-16 11:20:00.000,176.25,176.359,175.96,176.05,812418
2025-12-16 11:25:00.000,176.03,176.12,175.85,176.02,708458
2025-12-16 11:30:00.000,176.02,176.18,175.88,176.105,693027
2025-12-16 11:35:00.000,176.12,176.26,175.6901,176.07,1113649
2025-12-16 11:40:00.000,176.05,176.18,175.795,176.08,810752
2025-12-16 11:45:00.000,176.09,176.71,176.0,176.58,1138530
2025-12-16 11:50:00.000,176.56,176.72,176.36,176.52,782318
2025-12-16 11:55:00.000,176.51,177.02,176.4299,176.985,851337
2025-12-16 12:00:00.000,177.0,177.08,176.82,176.96,728277
2025-12-16 12:05:00.000,176.955,177.0,176.53,176.59,704867
2025-12-16 12:10:00.000,176.57,176.99,176.41,176.9402,718896
2025-12-16 12:15:00.000,176.95,177.0916,176.77,176.87,525667
2025-12-16 12:20:00.000,176.8699,177.0,176.65,176.66,462551
2025-12-16 12:25:00.000,176.665,176.7099,176.2662,176.485,696989
2025-12-16 12:30:00.000,176.48,176.82,176.44,176.8,687295
2025-12-16 12:35:00.000,176.8,176.975,176.61,176.74,784705
2025-12-16 12:40:00.000,176.74,176.7418,176.41,176.5316,470026
2025-12-16 12:45:00.000,176.56,176.8,176.4901,176.59,562895
2025-12-16 12:50:00.000,176.59,176.635,176.425,176.56,415472
2025-12-16 12:55:00.000,176.565,176.6799,176.225,176.325,611393
2025-12-16 13:00:00.000,176.3251,176.58,176.1,176.5798,651302
2025-12-16 13:05:00.000,176.57,176.67,176.19,176.44,591502
2025-12-16 13:10:00.000,176.4195,176.66,176.31,176.65,533354
2025-12-16 13:15:00.000,176.66,176.73,176.31,176.385,518252
2025-12-16 13:20:00.000,176.385,176.4818,176.19,176.4499,665857
2025-12-16 13:25:00.000,176.445,176.55,176.18,176.22,586903
2025-12-16 13:30:00.000,176.22,176.905,176.21,176.86,742920
2025-12-16 13:35:00.000,176.88,177.17,176.86,177.03,950844
2025-12-16 13:40:00.000,177.04,177.39,177.025,177.39,681519
2025-12-16 13:45:00.000,177.3926,177.68,177.37,177.53,1035616
2025-12-16 13:50:00.000,177.535,177.6699,177.24,177.3607,709029
2025-12-16 13:55:00.000,177.37,177.56,177.32,177.475,626071
2025-12-16 14:00:00.000,177.47,177.486,176.68,176.7599,882168
2025-12-16 14:05:00.000,176.7495,176.85,176.545,176.62,606579
2025-12-16 14:10:00.000,176.63,176.665,176.07,176.14,970365
2025-12-16 14:15:00.000,176.14,176.38,176.02,176.1832,778199
2025-12-16 14:20:00.000,176.17,176.54,176.1501,176.43,663101
2025-12-16 14:25:00.000,176.4299,176.76,176.33,176.74,805375
2025-12-16 14:30:00.000,176.745,176.83,176.55,176.6602,665334
2025-12-16 14:35:00.000,176.66,176.86,176.505,176.62,488484
2025-12-16 14:40:00.000,176.625,176.9599,176.53,176.805,563316
2025-12-16 14:45:00.000,176.805,176.9099,176.53,176.71,465072
2025-12-16 14:50:00.000,176.73,177.115,176.7,176.9401,545240
2025-12-16 14:55:00.000,176.945,176.98,176.745,176.77,372439
2025-12-16 15:00:00.000,176.76,177.13,176.72,177.075,530233
2025-12-16 15:05:00.000,177.075,177.1362,176.905,177.07,546650
2025-12-16 15:10:00.000,177.055,177.18,176.81,176.8265,655200
2025-12-16 15:15:00.000,176.83,176.935,176.72,176.885,586646
2025-12-16 15:20:00.000,176.887,177.16,176.82,177.115,608736
2025-12-16 15:25:00.000,177.1201,177.19,176.97,177.1788,493075
2025-12-16 15:30:00.000,177.175,177.59,177.17,177.4382,905795
2025-12-16 15:35:00.000,177.435,178.07,177.4142,177.8999,1252723
2025-12-16 15:40:00.000,177.9,177.99,177.74,177.82,826593
2025-12-16 15:45:00.000,177.815,177.9,177.46,177.68,831842
2025-12-16 15:50:00.000,177.67,178.18,177.67,177.97,1386739
2025-12-16 15:55:00.000,177.97,178.195,177.51,177.51,2713912
2025-12-16 16:00:00.000,177.51,177.72,176.6829,177.3799,23537474
2025-12-16 16:05:00.000,177.3797,177.72,177.03,177.5,40591
2025-12-16 16:10:00.000,177.458,177.5,177.18,177.25,41082
2025-12-16 16:15:00.000,177.23,177.72,177.21,177.24,32824
2025-12-16 16:20:00.000,177.2,177.22,177.03,177.2,25011
2025-12-16 16:25:00.000,177.16,177.35,177.16,177.29,21384
2025-12-16 16:30:00.000,177.29,177.72,177.2401,177.31,12427
2025-12-16 16:35:00.000,177.33,177.44,177.22,177.35,15023
2025-12-16 16:40:00.000,177.35,177.72,177.26,177.41,29550
2025-12-16 16:45:00.000,177.42,177.72,177.35,177.4,137302
2025-12-16 16:50:00.000,177.35,177.41,177.35,177.3902,8043
2025-12-16 16:55:00.000,177.4,177.41,177.2,177.22,8310
2025-12-16 17:00:00.000,177.25,177.34,177.2,177.34,8097
2025-12-16 17:05:00.000,177.38,177.72,177.3144,177.3499,11691
2025-12-16 17:10:00.000,177.35,177.37,177.35,177.3501,2204
2025-12-16 17:15:00.000,177.3715,177.38,177.1999,177.2,4459
2025-12-16 17:20:00.000,177.19,177.19,177.1,177.18,12663
2025-12-16 17:25:00.000,177.19,177.19,177.14,177.1899,10244
2025-12-16 17:30:00.000,177.18,177.2,177.1799,177.2,4517
2025-12-16 17:35:00.000,177.19,177.72,177.17,177.1903,120611
2025-12-16 17:40:00.000,177.191,177.72,177.18,177.18,14209
2025-12-16 17:45:00.000,177.18,177.27,177.18,177.2465,6591
2025-12-16 17:50:00.000,177.27,177.35,177.23,177.3,4678
2025-12-16 17:55:00.000,177.2995,177.3103,177.26,177.28,5068
2025-12-16 18:00:00.000,177.33,177.72,177.14,177.235,78198
2025-12-16 18:05:00.000,177.15,177.29,177.0,177.0815,12720
2025-12-16 18:10:00.000,177.08,177.15,177.05,177.15,27913
2025-12-16 18:15:00.000,177.16,177.23,177.1118,177.1118,3355
2025-12-16 18:20:00.000,177.14,177.17,177.09,177.09,15911
2025-12-16 18:25:00.000,177.17,177.2294,177.11,177.19,6282
2025-12-16 18:30:00.000,177.24,177.3096,177.15,177.3,7331
2025-12-16 18:35:00.000,177.2798,177.39,177.25,177.3499,20153
2025-12-16 18:40:00.000,177.28,177.41,177.23,177.35,8706
2025-12-16 18:45:00.000,177.35,177.35,177.2396,177.26,6993
2025-12-16 18:50:00.000,177.26,177.26,177.1,177.17,9595
2025-12-16 18:55:00.000,177.24,177.24,177.07,177.09,11421
2025-12-16 19:00:00.000,177.1,177.1,176.96,176.96,32238
2025-12-16 19:05:00.000,176.97,177.1,176.9,177.09,15880
2025-12-16 19:10:00.000,177.001,177.18,177.0,177.01,8636
2025-12-16 19:15:00.000,177.04,177.11,177.03,177.11,9024
2025-12-16 19:20:00.000,177.09,177.1139,177.03,177.05,7210
2025-12-16 19:25:00.000,177.0542,177.1,177.0536,177.0894,1285
2025-12-16 19:30:00.000,177.1092,177.12,177.0,177.04,6745
2025-12-16 19:35:00.000,177.04,177.12,177.0,177.0,13642
2025-12-16 19:40:00.000,177.08,177.13,177.07,177.1299,4107
2025-12-16 19:45:00.000,177.1102,177.2,177.1102,177.153,12561
2025-12-16 19:50:00.000,177.18,177.4,177.17,177.2336,28537
2025-12-16 19:55:00.000,177.21,177.24,177.08,177.12,22006
2025-12-16 20:00:00.000,177.12,177.24,177.1,177.18,272
2025-12-16 20:05:00.000,177.35,177.36,177.29,177.3,548
2025-12-16 20:10:00.000,177.3,177.32,177.28,177.32,429
2025-12-16 20:15:00.000,177.25,177.32,177.25,177.32,303
2025-12-16 20:20:00.000,177.32,177.32,177.25,177.25,259
2025-12-16 20:25:00.000,177.28,177.31,177.28,177.3,344
2025-12-16 20:30:00.000,177.29,177.29,177.29,177.29,193
2025-12-16 20:35:00.000,177.28,177.28,177.23,177.25,379
2025-12-16 20:40:00.000,177.23,177.35,177.23,177.35,89
2025-12-16 20:45:00.000,177.44,177.53,177.44,177.51,713
2025-12-16 20:50:00.000,177.53,177.53,177.46,177.46,430
2025-12-16 20:55:00.000,177.55,177.67,177.55,177.67,171
2025-12-16 21:00:00.000,177.74,177.74,177.48,177.53,964
2025-12-16 21:05:00.000,177.53,177.54,177.47,177.53,714
2025-12-16 21:10:00.000,177.52,177.52,177.5,177.51,35
2025-12-16 21:15:00.000,177.54,177.6,177.47,177.47,214
2025-12-16 21:20:00.000,177.46,177.47,177.28,177.28,685
2025-12-16 21:25:00.000,177.29,177.29,177.14,177.14,1122
2025-12-16 21:30:00.000,177.24,177.33,177.18,177.23,1209
2025-12-16 21:35:00.000,177.18,177.31,177.18,177.3,387
2025-12-16 21:40:00.000,177.31,177.31,177.3,177.3,59
2025-12-16 21:45:00.000,177.31,177.32,177.31,177.32,256
2025-12-16 21:50:00.000,177.33,177.33,177.31,177.33,257
2025-12-16 21:55:00.000,177.31,177.31,177.27,177.27,342
2025-12-16 22:00:00.000,177.27,177.38,177.27,177.38,618
2025-12-16 22:05:00.000,177.41,177.41,177.39,177.39,367
2025-12-16 22:10:00.000,177.39,177.39,177.39,177.39,84
2025-12-16 22:15:00.000,177.41,177.41,177.39,177.39,86
2025-12-16 22:20:00.000,177.38,177.41,177.38,177.4,357
2025-12-16 22:25:00.000,177.38,177.41,177.37,177.38,98
2025-12-16 22:30:00.000,177.41,177.41,177.36,177.36,41
2025-12-16 22:35:00.000,177.35,177.35,177.32,177.32,263
2025-12-16 22:40:00.000,177.28,177.28,177.28,177.28,41
2025-12-16 22:45:00.000,177.28,177.28,177.28,177.28,111
2025-12-16 22:50:00.000,177.29,177.29,177.27,177.27,160
2025-12-16 22:55:00.000,177.21,177.21,177.19,177.2,265
2025-12-16 23:00:00.000,177.13,177.23,177.13,177.23,8
2025-12-16 23:05:00.000,177.27,177.32,177.27,177.32,609
2025-12-16 23:10:00.000,177.32,177.32,177.32,177.32,252
2025-12-16 23:15:00.000,177.3,177.3,177.28,177.28,77
2025-12-16 23:20:00.000,177.21,177.23,177.21,177.22,324
2025-12-16 23:25:00.000,177.21,177.21,177.13,177.18,366
2025-12-16 23:30:00.000,177.21,177.21,177.21,177.21,29
2025-12-16 23:35:00.000,177.19,177.2,177.19,177.19,99
2025-12-16 23:40:00.000,177.14,177.14,177.12,177.12,164
2025-12-16 23:45:00.000,177.11,177.11,177.1,177.1,93
2025-12-16 23:50:00.000,177.11,177.11,177.04,177.04,225
2025-12-16 23:55:00.000,176.96,177.05,176.96,176.99,446
2025-12-17 00:00:00.000,176.99,176.99,176.76,176.91,780
2025-12-17 00:05:00.000,176.92,176.92,176.92,176.92,1
2025-12-17 00:10:00.000,176.96,176.96,176.94,176.95,452
2025-12-17 00:15:00.000,176.97,176.97,176.93,176.93,135
2025-12-17 00:20:00.000,177.0,177.0,176.95,176.95,4
2025-12-17 00:25:00.000,176.92,176.92,176.92,176.92,1
2025-12-17 00:30:00.000,176.98,176.98,176.98,176.98,100
2025-12-17 00:40:00.000,177.08,177.08,177.08,177.08,84
2025-12-17 00:45:00.000,177.05,177.05,177.03,177.03,81
2025-12-17 00:50:00.000,177.07,177.07,177.05,177.05,25
2025-12-17 00:55:00.000,177.07,177.07,177.07,177.07,2
2025-12-17 01:00:00.000,177.11,177.12,177.07,177.12,236
2025-12-17 01:05:00.000,177.18,177.21,177.15,177.18,142
2025-12-17 01:10:00.000,177.43,177.55,177.43,177.48,325
2025-12-17 01:15:00.000,177.5,177.5,177.43,177.43,42
2025-12-17 01:20:00.000,177.39,177.4,177.39,177.4,150
2025-12-17 01:25:00.000,177.42,177.42,177.38,177.39,149
2025-12-17 01:30:00.000,177.43,177.44,177.43,177.44,4
2025-12-17 01:40:00.000,177.34,177.34,177.34,177.34,3
2025-12-17 01:45:00.000,177.35,177.37,177.35,177.35,344
2025-12-17 01:55:00.000,177.31,177.31,177.3,177.3,376
2025-12-17 02:00:00.000,177.27,177.29,177.26,177.29,282
2025-12-17 02:05:00.000,177.33,177.35,177.32,177.33,508
2025-12-17 02:10:00.000,177.33,177.51,177.32,177.51,1041
2025-12-17 02:15:00.000,177.39,177.39,177.39,177.39,59
2025-12-17 02:20:00.000,177.38,177.44,177.38,177.42,320
2025-12-17 02:25:00.000,177.37,177.38,177.35,177.38,139
2025-12-17 02:30:00.000,177.36,177.36,177.36,177.36,23
2025-12-17 02:35:00.000,177.29,177.29,177.28,177.29,538
2025-12-17 02:40:00.000,177.3,177.34,177.3,177.34,564
2025-12-17 02:45:00.000,177.34,177.34,177.34,177.34,2
2025-12-17 02:50:00.000,177.37,177.39,177.37,177.38,256
2025-12-17 02:55:00.000,177.43,177.63,177.43,177.59,938
2025-12-17 03:00:00.000,177.55,177.59,177.37,177.37,1466
2025-12-17 03:05:00.000,177.43,177.46,177.42,177.42,257
2025-12-17 03:10:00.000,177.35,177.35,177.35,177.35,200
2025-12-17 03:15:00.000,177.3,177.36,177.3,177.35,98
2025-12-17 03:20:00.000,177.33,177.33,177.16,177.18,783
2025-12-17 03:25:00.000,177.21,177.22,177.16,177.22,679
2025-12-17 03:30:00.000,177.27,177.34,177.2,177.2,752
2025-12-17 03:35:00.000,177.34,177.38,177.34,177.37,78
2025-12-17 03:45:00.000,177.43,177.43,177.37,177.4,187
2025-12-17 03:50:00.000,177.34,177.34,177.34,177.34,250
2025-12-17 03:55:00.000,177.41,177.41,177.39,177.39,105
2025-12-17 04:00:00.000,177.5,177.69,177.35,177.44,4589
2025-12-17 04:05:00.000,177.3,177.34,177.26,177.34,2177
2025-12-17 04:10:00.000,177.3,177.45,177.3,177.45,2344
2025-12-17 04:15:00.000,177.52,177.62,177.51,177.57,1661
2025-12-17 04:20:00.000,177.54,177.62,177.54,177.6,2667
2025-12-17 04:25:00.000,177.63,177.8,177.6,177.77,12143
2025-12-17 04:30:00.000,177.83,177.83,177.64,177.66,2986
2025-12-17 04:35:00.000,177.86,177.9,177.8,177.8,3005
2025-12-17 04:40:00.000,177.61,177.61,177.61,177.61,100
2025-12-17 04:50:00.000,177.71,177.82,177.71,177.71,4033
2025-12-17 04:55:00.000,177.79,177.79,177.7,177.7,1065
2025-12-17 05:00:00.000,177.73,177.81,177.66,177.81,1165
2025-12-17 05:05:00.000,177.81,177.9,177.81,177.89,3253
2025-12-17 05:10:00.000,177.96,178.09,177.93,178.04,4437
2025-12-17 05:15:00.000,177.95,178.08,177.95,178.06,10852
2025-12-17 05:20:00.000,178.04,178.05,177.99,178.03,857
2025-12-17 05:25:00.000,178.1,178.1,178.06,178.06,481
2025-12-17 05:30:00.000,178.07,178.2,178.07,178.2,1426
2025-12-17 05:35:00.000,178.14,178.14,178.07,178.14,1665
2025-12-17 05:40:00.000,178.18,178.18,178.03,178.12,2692
2025-12-17 05:45:00.000,178.2,178.32,178.2,178.32,21493
2025-12-17 05:50:00.000,178.31,178.31,178.2,178.27,2414
2025-12-17 05:55:00.000,178.32,178.32,178.2,178.25,1210
2025-12-17 06:00:00.000,178.3,178.33,178.1,178.1,4317
2025-12-17 06:05:00.000,178.15,178.3,178.13,178.3,2737
2025-12-17 06:10:00.000,178.29,178.29,177.95,177.95,4444
2025-12-17 06:15:00.000,177.95,177.95,177.84,177.84,2858
2025-12-17 06:20:00.000,177.91,177.97,177.85,177.95,1976
2025-12-17 06:25:00.000,177.99,177.99,177.8,177.8,1383
2025-12-17 06:30:00.000,177.86,177.94,177.85,177.9,1597
2025-12-17 06:35:00.000,177.95,177.97,177.9,177.92,1219
2025-12-17 06:40:00.000,177.93,178.0,177.81,177.88,4339
2025-12-17 06:45:00.000,177.82,177.84,177.77,177.84,3334
2025-12-17 06:50:00.000,178.0,178.1,177.98,177.98,1276
2025-12-17 06:55:00.000,177.91,177.96,177.85,177.93,2551
2025-12-17 07:00:00.000,177.88,178.1,177.88,177.94,10665
2025-12-17 07:05:00.000,177.91,177.92,177.78,177.92,4589
2025-12-17 07:10:00.000,177.88,177.89,177.85,177.89,1589
2025-12-17 07:15:00.000,177.91,178.01,177.87,177.87,7725
2025-12-17 07:20:00.000,177.86,177.93,177.83,177.91,1623
2025-12-17 07:25:00.000,177.95,177.97,177.92,177.92,1241
2025-12-17 07:30:00.000,177.93,177.97,177.93,177.97,1000
2025-12-17 07:35:00.000,177.99,178.09,177.99,178.069,3433
2025-12-17 07:40:00.000,178.04,178.16,178.0,178.16,3905
2025-12-17 07:45:00.000,178.17,178.23,178.14,178.19,7213
2025-12-17 07:50:00.000,178.24,178.35,178.24,178.25,22234
2025-12-17 07:55:00.000,178.21,178.29,178.2,178.2,3079
2025-12-17 08:00:00.000,177.91,178.3574,176.76,178.11,340228
2025-12-17 08:05:00.000,178.1,178.1641,177.92,177.9358,21914
2025-12-17 08:10:00.000,177.975,178.0,177.19,177.2801,45066
2025-12-17 08:15:00.000,177.4188,177.82,176.63,176.9872,141973
2025-12-17 08:20:00.000,176.99,177.12,176.44,176.92,124538
2025-12-17 08:25:00.000,176.92,177.26,176.9,177.22,56743
2025-12-17 08:30:00.000,177.2,177.29,176.96,177.21,54862
2025-12-17 08:35:00.000,177.23,177.23,176.8501,176.93,45503
2025-12-17 08:40:00.000,176.95,177.25,176.84,177.17,34843
2025-12-17 08:45:00.000,177.1601,177.3095,177.0,177.0526,65728
2025-12-17 08:50:00.000,177.08,177.09,176.95,177.07,24540
2025-12-17 08:55:00.000,177.06,177.74,177.06,177.38,90297
2025-12-17 09:00:00.000,177.38,177.63,177.3116,177.32,67113
2025-12-17 09:05:00.000,177.3398,177.4,177.3,177.3757,32580
2025-12-17 09:10:00.000,177.3752,177.3752,176.93,176.98,55023
2025-12-17 09:15:00.000,176.99,177.1801,176.91,177.07,31710
2025-12-17 09:20:00.000,177.08,177.15,177.05,177.08,31193
2025-12-17 09:25:00.000,177.07,177.07,175.9,176.05,172298
2025-12-17 09:30:00.000,176.1,176.13,174.18,174.55,5494205
2025-12-17 09:35:00.000,174.5452,174.58,173.54,174.15,3633600
2025-12-17 09:40:00.000,174.1596,174.365,173.59,174.1,2169868
2025-12-17 09:45:00.000,174.119,174.3544,173.385,174.01,2399984
2025-12-17 09:50:00.000,174.02,174.56,174.0,174.27,2075406
2025-12-17 09:55:00.000,174.26,174.815,174.02,174.615,2041037
2025-12-17 10:00:00.000,174.6,174.63,173.7,174.1201,2041159
2025-12-17 10:05:00.000,174.1284,174.48,173.81,173.8305,1424552
2025-12-17 10:10:00.000,173.845,174.16,173.6601,174.02,1491275
2025-12-17 10:15:00.000,174.02,174.185,173.775,173.897,1060361
2025-12-17 10:20:00.000,173.9,174.52,173.78,174.28,1423697
2025-12-17 10:25:00.000,174.28,174.555,173.885,174.38,1190760
2025-12-17 10:30:00.000,174.37,174.45,173.75,173.775,1292726
2025-12-17 10:35:00.000,173.75,173.87,172.81,172.98,2494445
2025-12-17 10:40:00.000,172.97,173.26,172.28,172.375,2136502
2025-12-17 10:45:00.000,172.37,172.82,172.06,172.4999,2018857
2025-12-17 10:50:00.000,172.49,172.645,171.97,172.3297,1915498
2025-12-17 10:55:00.000,172.325,172.42,171.11,171.5244,2607291
2025-12-17 11:00:00.000,171.52,171.655,171.03,171.42,1940761
2025-12-17 11:05:00.000,171.42,172.04,171.395,171.945,1867827
2025-12-17 11:10:00.000,171.95,172.1894,171.07,171.095,1509391
2025-12-17 11:15:00.000,171.07,171.19,170.63,170.9451,2031327
2025-12-17 11:20:00.000,170.93,171.42,170.66,171.17,1398750
2025-12-17 11:25:00.000,171.13,171.49,171.05,171.135,1091652
2025-12-17 11:30:00.000,171.13,171.14,170.49,170.6097,1458740
2025-12-17 11:35:00.000,170.59,171.1,170.3232,170.53,1703349
2025-12-17 11:40:00.000,170.53,170.885,170.45,170.7216,1103614
2025-12-17 11:45:00.000,170.71,170.92,170.452,170.575,1099782
2025-12-17 11:50:00.000,170.56,171.12,170.31,171.09,1380155
2025-12-17 11:55:00.000,171.09,171.1699,170.6962,171.08,1094716
2025-12-17 12:00:00.000,171.0898,171.41,170.38,170.4401,1675831
2025-12-17 12:05:00.000,170.45,170.955,170.4175,170.6201,1270366
2025-12-17 12:10:00.000,170.61,171.205,170.4833,170.92,962253
2025-12-17 12:15:00.000,170.925,171.4,170.75,171.28,922248
2025-12-17 12:20:00.000,171.28,171.73,171.27,171.68,1233230
2025-12-17 12:25:00.000,171.7,171.7,171.33,171.4499,1159092
2025-12-17 12:30:00.000,171.45,172.145,171.4332,171.88,1420356
2025-12-17 12:35:00.000,171.87,172.08,171.66,171.7295,1115896
2025-12-17 12:40:00.000,171.7216,171.92,171.46,171.68,959664
2025-12-17 12:45:00.000,171.685,171.84,171.31,171.78,872264
2025-12-17 12:50:00.000,171.77,172.39,171.77,172.18,1352762
2025-12-17 12:55:00.000,172.18,172.43,172.07,172.09,879050
2025-12-17 13:00:00.000,172.085,172.51,172.08,172.465,860093
2025-12-17 13:05:00.000,172.465,172.82,172.4,172.51,1195546
2025-12-17 13:10:00.000,172.51,172.51,171.8301,171.885,1001678
2025-12-17 13:15:00.000,171.885,171.93,171.67,171.6951,867313
2025-12-17 13:20:00.000,171.69,172.36,171.53,172.3098,1297439
2025-12-17 13:25:00.000,172.315,172.47,172.15,172.25,854249
2025-12-17 13:30:00.000,172.24,172.33,171.96,172.2391,838177
2025-12-17 13:35:00.000,172.235,172.29,172.06,172.075,731580
2025-12-17 13:40:00.000,172.075,172.12,171.5,171.935,1240606
2025-12-17 13:45:00.000,171.935,172.08,171.5,171.66,1041543
2025-12-17 13:50:00.000,171.66,171.72,171.3501,171.46,952517
2025-12-17 13:55:00.000,171.46,171.6971,171.33,171.6971,814346
2025-12-17 14:00:00.000,171.685,171.81,171.3171,171.435,876535
2025-12-17 14:05:00.000,171.4442,171.525,171.16,171.35,787650
2025-12-17 14:10:00.000,171.34,171.43,171.2101,171.305,535088
2025-12-17 14:15:00.000,171.3055,171.49,170.94,170.99,1074771
2025-12-17 14:20:00.000,170.99,171.2198,170.86,170.97,876245
2025-12-17 14:25:00.000,170.97,171.045,170.8501,170.9499,615234
2025-12-17 14:30:00.000,170.93,171.1797,170.6601,170.8,948534
2025-12-17 14:35:00.000,170.78,171.1216,170.7701,171.06,844229
2025-12-17 14:40:00.000,171.06,171.27,171.01,171.175,792028
2025-12-17 14:45:00.000,171.18,171.37,171.09,171.155,741158
2025-12-17 14:50:00.000,171.16,171.58,171.08,171.57,845414
2025-12-17 14:55:00.000,171.57,171.69,171.48,171.5924,938431
2025-12-17 15:00:00.000,171.59,171.66,171.2595,171.285,793933
2025-12-17 15:05:00.000,171.28,171.45,171.045,171.14,864018
2025-12-17 15:10:00.000,171.14,171.24,171.0245,171.09,776046
2025-12-17 15:15:00.000,171.08,171.535,171.07,171.195,1112054
2025-12-17 15:20:00.000,171.205,171.57,171.16,171.49,852972
2025-12-17 15:25:00.000,171.49,171.49,171.0,171.19,1372250
2025-12-17 15:30:00.000,171.19,171.555,171.14,171.54,920919
2025-12-17 15:35:00.000,171.53,171.57,171.24,171.31,735805
2025-12-17 15:40:00.000,171.3199,171.82,171.235,171.7238,1198386
2025-12-17 15:45:00.000,171.725,171.745,171.47,171.6162,1095382
2025-12-17 15:50:00.000,171.6,171.62,170.995,171.175,2021984
2025-12-17 15:55:00.000,171.17,171.2,170.75,170.92,4595484
2025-12-17 16:00:00.000,170.92,171.79,170.863,171.41,29269636
2025-12-17 16:05:00.000,171.415,172.37,170.94,171.9814,2875586
2025-12-17 16:10:00.000,171.98,172.28,170.94,171.9799,81830
2025-12-17 16:15:00.000,171.9903,172.07,171.67,171.89,47494
2025-12-17 16:20:00.000,171.88,171.88,170.94,171.57,153587
2025-12-17 16:25:00.000,171.55,171.6888,171.21,171.3897,49527
2025-12-17 16:30:00.000,171.3701,171.6018,170.9601,170.99,51278
2025-12-17 16:35:00.000,170.9968,171.0,170.73,170.89,300180
2025-12-17 16:40:00.000,170.84,171.01,170.66,170.7,70854
2025-12-17 16:45:00.000,170.7,171.0,170.61,170.9,183484
2025-12-17 16:50:00.000,170.91,171.08,170.8,170.98,39750
2025-12-17 16:55:00.000,170.98,171.0,170.75,170.9,24148
2025-12-17 17:00:00.000,170.95,170.95,170.8,170.8099,22823
2025-12-17 17:05:00.000,170.82,170.86,170.7262,170.84,31421
2025-12-17 17:10:00.000,170.85,171.0499,170.81,171.0,27745
2025-12-17 17:15:00.000,171.0,171.44,170.95,171.39,52343
2025-12-17 17:20:00.000,171.3,171.42,171.22,171.3399,35538
2025-12-17 17:25:00.000,171.3598,171.5,171.34,171.4599,35870
2025-12-17 17:30:00.000,171.4801,171.65,171.48,171.55,28825
2025-12-17 17:35:00.000,171.57,171.6,170.94,171.5582,39388
2025-12-17 17:40:00.000,171.52,171.56,171.46,171.49,21902
2025-12-17 17:45:00.000,171.4701,171.67,171.44,171.45,30620
2025-12-17 17:50:00.000,171.44,171.63,171.44,171.5,18151
2025-12-17 17:55:00.000,171.48,171.63,171.4,171.63,23468
2025-12-17 18:00:00.000,171.61,171.65,171.4,171.52,17692
2025-12-17 18:05:00.000,171.38,171.43,171.1118,171.13,20916
2025-12-17 18:10:00.000,171.1699,171.25,171.1,171.25,20305
2025-12-17 18:15:00.000,171.25,171.27,171.1,171.1,25552
2025-12-17 18:20:00.000,171.08,171.1,171.04,171.08,10269
2025-12-17 18:25:00.000,171.05,171.12,171.0,171.11,38366
2025-12-17 18:30:00.000,171.14,171.2326,171.1,171.18,17187
2025-12-17 18:35:00.000,171.15,171.35,171.12,171.3016,16497
2025-12-17 18:40:00.000,171.31,171.35,171.24,171.31,11465
2025-12-17 18:45:00.000,171.3,171.31,171.1343,171.3,12546
2025-12-17 18:50:00.000,171.2,171.24,171.08,171.08,10366
2025-12-17 18:55:00.000,171.08,171.0997,171.0,171.0001,32825
2025-12-17 19:00:00.000,171.0965,171.12,170.9,170.91,33636
2025-12-17 19:05:00.000,170.94,171.06,170.8525,171.02,24491
2025-12-17 19:10:00.000,170.99,171.1799,170.98,171.17,11791
2025-12-17 19:15:00.000,171.15,171.3491,171.1232,171.33,20436
2025-12-17 19:20:00.000,171.31,171.35,171.1968,171.33,10460
2025-12-17 19:25:00.000,171.29,171.3,171.17,171.1868,12859
2025-12-17 19:30:00.000,171.17,171.302,171.15,171.25,14802
2025-12-17 19:35:00.000,171.25,171.28,171.08,171.13,12112
2025-12-17 19:40:00.000,171.14,171.2001,171.1,171.2,21995
2025-12-17 19:45:00.000,171.2,171.36,171.14,171.36,9396
2025-12-17 19:50:00.000,171.2705,171.4,171.2,171.26,18086
2025-12-17 19:55:00.000,171.2604,171.49,171.2604,171.4401,38730
2025-12-17 20:00:00.000,171.47,171.84,171.4,171.72,496
2025-12-17 20:05:00.000,171.51,171.7,171.51,171.58,328
2025-12-17 20:10:00.000,171.63,171.63,171.63,171.63,9
2025-12-17 20:15:00.000,171.67,171.67,171.63,171.64,113
2025-12-17 20:20:00.000,171.7,171.81,171.7,171.78,1041
2025-12-17 20:25:00.000,171.74,171.74,171.68,171.72,531
2025-12-17 20:30:00.000,171.75,171.75,171.75,171.75,15
2025-12-17 20:35:00.000,171.67,171.67,171.66,171.67,115
2025-12-17 20:40:00.000,171.71,171.71,171.71,171.71,88
2025-12-17 20:45:00.000,171.65,171.69,171.6,171.66,607
2025-12-17 20:50:00.000,171.65,171.68,171.61,171.61,824
2025-12-17 20:55:00.000,171.62,171.65,171.62,171.63,456
2025-12-17 21:00:00.000,171.7,171.7,171.7,171.7,2
2025-12-17 21:05:00.000,171.71,171.71,171.71,171.71,2
2025-12-17 21:10:00.000,171.8,172.24,171.8,172.06,675
2025-12-17 21:15:00.000,171.99,172.05,171.91,172.05,503
2025-12-17 21:20:00.000,172.06,172.06,171.95,171.95,587
2025-12-17 21:25:00.000,171.91,171.95,171.86,171.95,86
2025-12-17 21:30:00.000,171.96,172.02,171.94,171.94,213
2025-12-17 21:35:00.000,171.98,171.98,171.96,171.96,59
2025-12-17 21:40:00.000,171.98,171.98,171.89,171.89,74
2025-12-17 21:45:00.000,171.95,171.96,171.79,171.79,179
2025-12-17 21:50:00.000,171.81,171.83,171.77,171.8,153
2025-12-17 21:55:00.000,171.8,171.81,171.68,171.79,256
2025-12-17 22:00:00.000,171.78,171.8,171.78,171.79,155
2025-12-17 22:05:00.000,171.79,171.79,171.69,171.73,147
2025-12-17 22:10:00.000,171.71,171.71,171.53,171.54,187
2025-12-17 22:15:00.000,171.5,171.54,171.3,171.3,492
2025-12-17 22:20:00.000,171.23,171.37,171.17,171.19,369
2025-12-17 22:25:00.000,171.28,171.3,171.23,171.3,248
2025-12-17 22:30:00.000,171.32,171.33,171.32,171.33,36
2025-12-17 22:35:00.000,171.36,171.36,171.3,171.3,138
2025-12-17 22:40:00.000,171.28,171.28,171.28,171.28,2
2025-12-17 22:45:00.000,171.25,171.29,171.25,171.29,138
2025-12-17 22:50:00.000,171.29,171.38,171.29,171.31,166
2025-12-17 22:55:00.000,171.37,171.43,171.37,171.41,218
2025-12-17 23:00:00.000,171.4,171.44,171.38,171.43,276
2025-12-17 23:05:00.000,171.44,171.46,171.38,171.44,336
2025-12-17 23:10:00.000,171.47,171.56,171.46,171.56,327
2025-12-17 23:15:00.000,171.55,171.55,171.51,171.52,175
2025-12-17 23:20:00.000,171.48,171.54,171.48,171.54,14
2025-12-17 23:25:00.000,171.56,171.56,171.56,171.56,29
2025-12-17 23:40:00.000,171.58,171.64,171.56,171.64,161
2025-12-17 23:45:00.000,171.71,171.71,171.66,171.67,73
2025-12-17 23:50:00.000,171.75,171.75,171.75,171.75,58
2025-12-17 23:55:00.000,171.7,171.7,171.67,171.67,179
2025-12-18 00:00:00.000,171.64,171.64,171.64,171.64,103
2025-12-18 00:15:00.000,171.79,171.79,171.79,171.79,2
2025-12-18 00:20:00.000,171.77,171.77,171.77,171.77,4
2025-12-18 00:30:00.000,171.7,171.74,171.67,171.74,436
2025-12-18 00:40:00.000,171.76,171.78,171.76,171.78,38
2025-12-18 00:45:00.000,171.74,171.74,171.74,171.74,22
2025-12-18 00:50:00.000,171.82,171.89,171.82,171.89,78
2025-12-18 01:00:00.000,171.91,171.91,171.88,171.88,4
2025-12-18 01:10:00.000,171.86,171.87,171.86,171.86,110
2025-12-18 01:30:00.000,171.78,171.78,171.77,171.77,74
2025-12-18 01:45:00.000,171.75,171.75,171.75,171.75,56
2025-12-18 01:50:00.000,171.76,171.76,171.73,171.73,16
2025-12-18 01:55:00.000,171.75,171.75,171.75,171.75,29
2025-12-18 02:00:00.000,171.77,171.92,171.77,171.92,482
2025-12-18 02:05:00.000,171.92,171.95,171.92,171.95,125
2025-12-18 02:10:00.000,171.98,172.07,171.98,172.07,508
2025-12-18 02:15:00.000,172.07,172.27,172.07,172.27,250
2025-12-18 02:20:00.000,172.26,172.37,172.26,172.37,810
2025-12-18 02:25:00.000,172.37,172.38,172.35,172.38,592
2025-12-18 02:30:00.000,172.38,172.38,172.31,172.31,100
2025-12-18 02:35:00.000,172.27,172.33,172.23,172.23,1402
2025-12-18 02:40:00.000,172.22,172.25,172.21,172.25,181
2025-12-18 02:45:00.000,172.23,172.23,172.23,172.23,100
2025-12-18 02:50:00.000,172.2,172.21,172.07,172.08,148
2025-12-18 02:55:00.000,172.06,172.23,172.06,172.19,1408
2025-12-18 03:00:00.000,172.24,172.24,172.15,172.15,795
2025-12-18 03:05:00.000,172.18,172.22,172.18,172.22,398
2025-12-18 03:10:00.000,172.23,172.27,172.21,172.27,442
2025-12-18 03:15:00.000,172.33,172.37,172.32,172.32,793
2025-12-18 03:20:00.000,172.29,172.32,172.29,172.31,943
2025-12-18 03:25:00.000,172.27,172.27,172.21,172.22,353
2025-12-18 03:30:00.000,172.28,172.28,172.28,172.28,25
2025-12-18 03:40:00.000,172.3,172.34,172.3,172.34,24
2025-12-18 03:45:00.000,172.4,172.5,172.4,172.48,36
2025-12-18 03:50:00.000,172.48,172.51,172.44,172.44,647
2025-12-18 03:55:00.000,172.54,172.54,172.47,172.47,241
2025-12-18 04:00:00.000,172.36,172.65,172.36,172.4,7314
2025-12-18 04:05:00.000,172.4,172.65,172.35,172.6,2139
2025-12-18 04:10:00.000,172.6,172.6,172.5,172.52,3330
2025-12-18 04:15:00.000,172.55,172.59,172.38,172.43,6314
2025-12-18 04:20:00.000,172.47,172.6,172.47,172.56,2271
2025-12-18 04:25:00.000,172.4,172.43,172.32,172.36,1560
2025-12-18 04:30:00.000,172.47,172.57,172.47,172.57,2398
2025-12-18 04:35:00.000,172.57,172.63,172.57,172.62,1649
2025-12-18 04:40:00.000,172.58,172.69,172.55,172.69,908
2025-12-18 04:45:00.000,172.77,172.77,172.7,172.73,3314
2025-12-18 04:50:00.000,172.76,173.0,172.76,172.93,11896
2025-12-18 04:55:00.000,172.97,172.97,172.85,172.95,1676
2025-12-18 05:00:00.000,172.93,172.95,172.84,172.84,907
2025-12-18 05:05:00.000,172.83,172.9,172.75,172.76,1642
2025-12-18 05:10:00.000,172.84,172.88,172.73,172.73,1170
2025-12-18 05:15:00.000,172.89,172.94,172.89,172.89,1845
2025-12-18 05:20:00.000,172.9,172.9,172.69,172.7,1285
2025-12-18 05:25:00.000,172.72,173.08,172.72,173.0,10097
2025-12-18 05:30:00.000,173.02,173.16,172.99,173.16,3815
2025-12-18 05:35:00.000,173.14,173.14,173.1,173.14,9516
2025-12-18 05:40:00.000,173.19,173.27,173.15,173.24,9836
2025-12-18 05:45:00.000,173.27,173.3,173.15,173.15,6638
2025-12-18 05:50:00.000,173.29,173.3,173.18,173.18,3320
2025-12-18 05:55:00.000,173.11,173.24,173.03,173.2,7266
2025-12-18 06:00:00.000,173.03,173.25,173.0,173.25,4876
2025-12-18 06:05:00.000,173.25,173.26,173.23,173.25,1876
2025-12-18 06:10:00.000,173.28,173.28,173.2,173.2,6255
2025-12-18 06:15:00.000,173.2,173.21,173.13,173.17,1885
2025-12-18 06:20:00.000,173.09,173.18,173.09,173.18,1888
2025-12-18 06:25:00.000,173.08,173.39,172.97,173.39,9009
2025-12-18 06:30:00.000,173.36,173.54,173.34,173.47,12240
2025-12-18 06:35:00.000,173.46,173.47,173.35,173.35,9306
2025-12-18 06:40:00.000,173.31,173.4,173.2,173.22,996
2025-12-18 06:45:00.000,173.29,173.42,173.29,173.41,2960
2025-12-18 06:50:00.000,173.39,173.39,173.25,173.25,1051
2025-12-18 06:55:00.000,173.28,173.28,173.15,173.15,6022
2025-12-18 07:00:00.000,173.14,173.2,172.95,173.15,23200
2025-12-18 07:05:00.000,173.15,173.15,173.0,173.1,7675
2025-12-18 07:10:00.000,173.051,173.1,173.01,173.07,6965
2025-12-18 07:15:00.000,173.11,173.19,173.1,173.17,3443
2025-12-18 07:20:00.000,173.14,173.15,172.9,173.0,5755
2025-12-18 07:25:00.000,172.95,172.95,172.8,172.85,4246
2025-12-18 07:30:00.000,172.82,173.06,172.8,172.93,6406
2025-12-18 07:35:00.000,172.94,173.07,172.94,172.99,5455
2025-12-18 07:40:00.000,173.02,173.02,172.95,172.97,6234
2025-12-18 07:45:00.000,172.96,173.0,172.89,173.0,8124
2025-12-18 07:50:00.000,173.0,173.0,172.79,172.85,4379
2025-12-18 07:55:00.000,172.86,172.86,172.75,172.8,4148
2025-12-18 08:00:00.000,173.07,173.47,171.92,172.879,364329
2025-12-18 08:05:00.000,172.8736,172.88,171.24,172.78,37581
2025-12-18 08:10:00.000,172.78,172.98,172.78,172.93,26641
2025-12-18 08:15:00.000,172.9109,173.03,172.851,172.91,37652
2025-12-18 08:20:00.000,172.85,173.0577,172.84,172.9899,27425
2025-12-18 08:25:00.000,172.99,173.07,172.8832,173.062,35908
2025-12-18 08:30:00.000,173.07,173.88,173.07,173.7502,205926
2025-12-18 08:35:00.000,173.75,174.18,173.52,174.1726,251413
2025-12-18 08:40:00.000,174.1894,174.45,174.01,174.36,246913
2025-12-18 08:45:00.000,174.38,174.38,173.96,173.9999,87501
2025-12-18 08:50:00.000,173.9816,174.06,173.66,173.8767,98258
2025-12-18 08:55:00.000,173.8785,173.93,173.66,173.68,59539
2025-12-18 09:00:00.000,173.7,174.23,173.68,174.2,99726
2025-12-18 09:05:00.000,174.2,174.29,174.1118,174.25,74662
2025-12-18 09:10:00.000,174.22,174.41,174.07,174.12,114368
2025-12-18 09:15:00.000,174.15,174.24,174.0,174.1605,88581
2025-12-18 09:20:00.000,174.17,174.43,174.1,174.39,63979
2025-12-18 09:25:00.000,174.38,174.61,174.35,174.6,124288
2025-12-18 09:30:00.000,174.56,174.89,173.3686,173.7353,4790026
2025-12-18 09:35:00.000,173.72,173.79,172.55,172.73,2525038
2025-12-18 09:40:00.000,172.73,172.98,171.82,172.865,2819650
2025-12-18 09:45:00.000,172.86,173.33,172.37,172.7807,2382331
2025-12-18 09:50:00.000,172.78,173.945,172.74,173.8515,1821274
2025-12-18 09:55:00.000,173.87,173.99,173.415,173.845,1665274
2025-12-18 10:00:00.000,173.85,174.0662,173.5701,173.585,1490829
2025-12-18 10:05:00.000,173.59,173.65,172.94,173.1556,1377692
2025-12-18 10:10:00.000,173.16,173.2,172.72,173.0645,1544644
2025-12-18 10:15:00.000,173.07,173.39,172.91,173.285,1264924
2025-12-18 10:20:00.000,173.285,174.17,172.97,174.15,1589758
2025-12-18 10:25:00.000,174.1364,175.25,174.085,175.04,2908965
2025-12-18 10:30:00.000,175.04,175.36,174.76,175.32,1853228
2025-12-18 10:35:00.000,175.315,176.15,175.24,175.9316,2445921
2025-12-18 10:40:00.000,175.95,176.0,175.4298,175.485,1708769
2025-12-18 10:45:00.000,175.4858,175.765,175.3501,175.7599,1403831
2025-12-18 10:50:00.000,175.76,175.88,175.49,175.875,1074277
2025-12-18 10:55:00.000,175.88,175.885,175.33,175.415,1001028
2025-12-18 11:00:00.000,175.415,175.415,175.0201,175.33,1162681
2025-12-18 11:05:00.000,175.345,175.5,175.02,175.12,806196
2025-12-18 11:10:00.000,175.12,175.46,174.932,174.98,1016407
2025-12-18 11:15:00.000,174.98,175.23,174.87,175.11,973386
2025-12-18 11:20:00.000,175.115,175.31,175.01,175.1,744105
2025-12-18 11:25:00.000,175.11,175.27,174.81,174.8801,1104050
2025-12-18 11:30:00.000,174.87,175.32,174.825,175.25,826166
2025-12-18 11:35:00.000,175.255,175.635,175.255,175.5,987708
2025-12-18 11:40:00.000,175.51,175.69,175.45,175.67,751981
2025-12-18 11:45:00.000,175.67,175.905,175.56,175.85,725120
2025-12-18 11:50:00.000,175.85,176.04,175.66,175.805,1114683
2025-12-18 11:55:00.000,175.805,175.925,175.53,175.68,833341
2025-12-18 12:00:00.000,175.68,175.73,175.22,175.275,868908
2025-12-18 12:05:00.000,175.27,175.3,174.425,174.4402,1255846
2025-12-18 12:10:00.000,174.43,174.56,174.04,174.2699,1230654
2025-12-18 12:15:00.000,174.24,174.24,173.75,174.165,1386179
2025-12-18 12:20:00.000,174.18,174.38,173.73,173.8916,1068244
2025-12-18 12:25:00.000,173.91,174.3,173.84,174.04,1001965
2025-12-18 12:30:00.000,174.03,174.505,173.91,174.45,952687
2025-12-18 12:35:00.000,174.465,174.6,174.33,174.58,859293
2025-12-18 12:40:00.000,174.6,174.88,174.6,174.83,863884
2025-12-18 12:45:00.000,174.835,175.005,174.71,174.7956,796242
2025-12-18 12:50:00.000,174.795,174.9,174.54,174.86,779788
2025-12-18 12:55:00.000,174.845,175.3,174.76,175.28,814465
2025-12-18 13:00:00.000,175.28,175.341,174.93,175.0062,659410
2025-12-18 13:05:00.000,175.01,175.345,174.975,175.3399,584560
2025-12-18 13:10:00.000,175.34,175.38,175.05,175.165,711943
2025-12-18 13:15:00.000,175.16,175.315,175.1,175.1497,441518
2025-12-18 13:20:00.000,175.15,175.3,175.12,175.2327,428513
2025-12-18 13:25:00.000,175.235,175.2701,174.87,174.9144,568539
2025-12-18 13:30:00.000,174.91,175.07,174.88,174.89,467233
2025-12-18 13:35:00.000,174.88,175.23,174.88,175.1198,575254
2025-12-18 13:40:00.000,175.115,175.16,174.85,174.875,471119
2025-12-18 13:45:00.000,174.87,174.935,174.71,174.86,612020
2025-12-18 13:50:00.000,174.8533,175.1183,174.815,174.97,677226
2025-12-18 13:55:00.000,174.98,175.16,174.86,174.9199,498279
2025-12-18 14:00:00.000,174.91,174.91,174.3301,174.3407,722684
2025-12-18 14:05:00.000,174.335,174.88,174.24,174.855,904985
2025-12-18 14:10:00.000,174.86,175.04,174.63,174.68,751058
2025-12-18 14:15:00.000,174.6803,174.6895,174.46,174.56,652593
2025-12-18 14:20:00.000,174.555,174.695,174.4313,174.55,539723
2025-12-18 14:25:00.000,174.5501,174.6844,174.3501,174.55,507337
2025-12-18 14:30:00.000,174.56,174.62,174.0901,174.12,634892
2025-12-18 14:35:00.000,174.1173,174.38,174.1,174.335,572857
2025-12-18 14:40:00.000,174.335,174.48,174.14,174.19,516455
2025-12-18 14:45:00.000,174.2,174.4901,174.01,174.455,720942
2025-12-18 14:50:00.000,174.46,174.6399,174.16,174.21,642601
2025-12-18 14:55:00.000,174.21,174.22,173.76,173.9,907613
2025-12-18 15:00:00.000,173.8915,174.32,173.66,174.3,973808
2025-12-18 15:05:00.000,174.295,174.56,174.285,174.41,716546
2025-12-18 15:10:00.000,174.435,174.83,174.405,174.785,790679
2025-12-18 15:15:00.000,174.78,174.86,174.53,174.7001,643403
2025-12-18 15:20:00.000,174.69,174.885,174.6401,174.86,580106
2025-12-18 15:25:00.000,174.8699,174.9,174.6,174.675,562955
2025-12-18 15:30:00.000,174.6725,174.725,174.535,174.695,615236
2025-12-18 15:35:00.000,174.7,174.79,174.56,174.6242,792390
2025-12-18 15:40:00.000,174.625,174.84,174.49,174.77,740545
2025-12-18 15:45:00.000,174.765,174.94,174.6601,174.8,907215
2025-12-18 15:50:00.000,174.79,174.96,174.38,174.58,1188676
2025-12-18 15:55:00.000,174.575,174.6,173.93,174.01,3195970
2025-12-18 16:00:00.000,174.0,174.39,173.8,173.9,26005665
2025-12-18 16:05:00.000,173.9,174.14,173.85,174.14,245224
2025-12-18 16:10:00.000,173.92,174.14,173.66,173.73,142407
2025-12-18 16:15:00.000,173.71,173.78,173.7,173.7416,23483
2025-12-18 16:20:00.000,174.14,174.14,173.6501,173.72,190305
2025-12-18 16:25:00.000,173.7001,173.92,173.7,173.92,33879
2025-12-18 16:30:00.000,173.9148,174.12,173.84,174.12,54000
2025-12-18 16:35:00.000,174.15,174.15,174.0,174.0108,24495
2025-12-18 16:40:00.000,174.03,174.14,173.87,173.96,153994
2025-12-18 16:45:00.000,173.96,174.06,173.96,174.0101,17170
2025-12-18 16:50:00.000,173.99,174.14,173.91,174.14,4330
2025-12-18 16:55:00.000,173.9501,174.11,173.95,174.0568,22431
2025-12-18 17:00:00.000,174.0999,174.67,174.06,174.35,29490
2025-12-18 17:05:00.000,174.3,174.4,174.14,174.3899,16501
2025-12-18 17:10:00.000,174.39,174.61,174.25,174.6,17614
2025-12-18 17:15:00.000,174.6,174.6194,174.32,174.3353,28215
2025-12-18 17:20:00.000,174.39,174.55,174.35,174.53,13987
2025-12-18 17:25:00.000,174.56,174.6,174.14,174.54,563848
2025-12-18 17:30:00.000,174.55,174.57,174.44,174.4416,16796
2025-12-18 17:35:00.000,174.4401,174.58,174.4,174.5,6824
2025-12-18 17:40:00.000,174.45,174.59,174.14,174.5501,163472
2025-12-18 17:45:00.000,174.5678,174.89,174.5678,174.7999,15348
2025-12-18 17:50:00.000,174.8,174.95,174.76,174.93,22827
2025-12-18 17:55:00.000,174.92,174.9203,174.8,174.81,22856
2025-12-18 18:00:00.000,174.8,174.94,174.64,174.82,31140
2025-12-18 18:05:00.000,174.85,174.85,174.5207,174.5207,10689
2025-12-18 18:10:00.000,174.6,174.91,174.55,174.8845,11484
2025-12-18 18:15:00.000,174.8499,174.93,174.78,174.8791,23764
2025-12-18 18:20:00.000,174.8238,174.87,174.6313,174.66,5228
2025-12-18 18:25:00.000,174.64,174.7448,174.64,174.719,3612
2025-12-18 18:30:00.000,174.73,174.8,174.72,174.73,7993
2025-12-18 18:35:00.000,174.72,174.81,174.72,174.81,4857
2025-12-18 18:40:00.000,174.78,174.95,174.73,174.9,15773
2025-12-18 18:45:00.000,174.9,174.97,174.8448,174.9699,13477
2025-12-18 18:50:00.000,174.94,175.08,174.91,175.05,37317
2025-12-18 18:55:00.000,175.07,175.13,175.02,175.1,26942
2025-12-18 19:00:00.000,175.1199,175.17,175.05,175.09,51208
2025-12-18 19:05:00.000,175.06,175.12,175.04,175.09,9285
2025-12-18 19:10:00.000,175.12,175.12,175.01,175.04,13989
2025-12-18 19:15:00.000,175.01,175.01,174.9367,174.9516,11092
2025-12-18 19:20:00.000,174.96,174.96,174.8211,174.83,15498
2025-12-18 19:25:00.000,174.8892,175.1,174.86,175.07,21786
2025-12-18 19:30:00.000,175.07,175.07,174.8301,174.8301,11903
2025-12-18 19:35:00.000,174.8434,174.9821,174.8434,174.9598,8002
2025-12-18 19:40:00.000,174.9192,174.9899,174.885,174.91,5283
2025-12-18 19:45:00.000,174.89,174.89,174.8,174.8,7185
2025-12-18 19:50:00.000,174.8394,174.9498,174.8,174.9335,11736
2025-12-18 19:55:00.000,174.94,174.95,174.8,174.81,15829
2025-12-18 20:00:00.000,175.0,175.0,174.75,174.86,144
2025-12-18 20:05:00.000,174.83,174.9,174.83,174.9,47
2025-12-18 20:10:00.000,174.94,175.03,174.94,174.96,838
2025-12-18 20:15:00.000,174.97,174.97,174.97,174.97,6
2025-12-18 20:20:00.000,174.96,174.96,174.93,174.93,20
2025-12-18 20:25:00.000,174.88,174.88,174.83,174.83,152
2025-12-18 20:30:00.000,174.77,174.77,174.72,174.73,149
2025-12-18 20:35:00.000,174.76,174.88,174.76,174.86,406
2025-12-18 20:40:00.000,174.84,174.9,174.83,174.83,174
2025-12-18 20:45:00.000,174.78,174.9,174.76,174.87,255
2025-12-18 20:50:00.000,174.92,175.04,174.85,175.04,1362
2025-12-18 20:55:00.000,175.01,175.09,174.98,175.08,490
2025-12-18 21:00:00.000,175.05,175.11,175.03,175.03,488
2025-12-18 21:05:00.000,175.07,175.12,175.0,175.0,487
2025-12-18 21:10:00.000,175.05,175.17,175.03,175.07,109
2025-12-18 21:15:00.000,175.04,175.06,174.96,174.97,382
2025-12-18 21:20:00.000,174.97,175.03,174.92,175.01,433
2025-12-18 21:25:00.000,175.08,175.08,175.04,175.04,30
2025-12-18 21:30:00.000,175.02,175.08,175.02,175.06,48
2025-12-18 21:35:00.000,175.05,175.13,175.02,175.13,72
2025-12-18 21:40:00.000,175.07,175.07,175.0,175.0,118
2025-12-18 21:45:00.000,174.98,175.02,174.98,175.02,52
2025-12-18 21:50:00.000,175.03,175.03,175.01,175.01,46
2025-12-18 21:55:00.000,174.97,174.97,174.97,174.97,59
2025-12-18 22:00:00.000,174.93,174.96,174.93,174.96,119
2025-12-18 22:05:00.000,174.99,174.99,174.99,174.99,14
2025-12-18 22:10:00.000,174.99,175.08,174.99,175.08,28
2025-12-18 22:15:00.000,175.08,175.08,175.0,175.0,130
2025-12-18 22:20:00.000,175.0,175.08,174.95,175.08,171
2025-12-18 22:25:00.000,175.17,175.57,175.17,175.57,234
2025-12-18 22:30:00.000,175.55,175.73,175.55,175.67,399
2025-12-18 22:35:00.000,175.68,175.72,175.5,175.54,431
2025-12-18 22:40:00.000,175.47,175.65,175.47,175.62,263
2025-12-18 22:45:00.000,175.66,175.67,175.64,175.67,146
2025-12-18 22:50:00.000,175.75,175.99,175.7,175.99,233
2025-12-18 22:55:00.000,175.96,176.0,175.86,175.92,408
2025-12-18 23:00:00.000,175.85,175.9,175.78,175.9,119
2025-12-18 23:05:00.000,175.95,175.95,175.88,175.91,151
2025-12-18 23:10:00.000,175.95,176.0,175.95,175.97,88
2025-12-18 23:15:00.000,175.97,175.97,175.91,175.97,102
2025-12-18 23:20:00.000,175.94,175.94,175.86,175.86,154
2025-12-18 23:25:00.000,175.8,175.8,175.64,175.76,256
2025-12-18 23:30:00.000,175.74,175.9,175.74,175.9,170
2025-12-18 23:35:00.000,175.87,175.94,175.83,175.92,60
2025-12-18 23:40:00.000,175.87,176.0,175.85,176.0,276
2025-12-18 23:45:00.000,176.02,176.32,176.02,176.3,537
2025-12-18 23:50:00.000,176.26,176.48,176.26,176.48,95
2025-12-18 23:55:00.000,176.49,176.88,176.49,176.86,737
2025-12-19 00:00:00.000,176.85,176.85,176.41,176.41,203
2025-12-19 00:05:00.000,176.43,176.48,176.39,176.44,72
2025-12-19 00:10:00.000,176.52,176.77,176.48,176.69,990
2025-12-19 00:15:00.000,176.59,176.59,176.55,176.55,43
2025-12-19 00:20:00.000,176.56,176.57,176.56,176.57,111
2025-12-19 00:25:00.000,176.43,176.56,176.42,176.52,269
2025-12-19 00:30:00.000,176.51,176.59,176.51,176.59,14
2025-12-19 00:35:00.000,176.51,176.53,176.38,176.48,154
2025-12-19 00:40:00.000,176.5,176.5,176.39,176.39,103
2025-12-19 00:45:00.000,176.4,176.4,176.35,176.35,34
2025-12-19 00:50:00.000,176.33,176.45,176.32,176.45,124
2025-12-19 00:55:00.000,176.37,176.38,176.35,176.38,27
2025-12-19 01:00:00.000,176.27,176.27,176.22,176.22,17
2025-12-19 01:05:00.000,176.15,176.16,176.15,176.16,145
2025-12-19 01:10:00.000,176.13,176.17,176.13,176.17,32
2025-12-19 01:15:00.000,176.19,176.29,176.19,176.22,205
2025-12-19 01:20:00.000,176.31,176.31,176.31,176.31,28
2025-12-19 01:25:00.000,176.33,176.33,176.25,176.27,244
2025-12-19 01:30:00.000,176.24,176.26,176.19,176.23,70
2025-12-19 01:35:00.000,176.23,176.23,176.17,176.17,147
2025-12-19 01:40:00.000,176.16,176.16,176.03,176.03,276
2025-12-19 01:45:00.000,175.93,175.93,175.93,175.93,4
2025-12-19 01:50:00.000,175.94,176.1,175.94,176.1,275
2025-12-19 01:55:00.000,176.05,176.07,176.04,176.04,163
2025-12-19 02:00:00.000,176.11,176.38,176.11,176.38,909
2025-12-19 02:05:00.000,176.42,176.49,176.4,176.47,389
2025-12-19 02:10:00.000,176.57,176.76,176.57,176.76,113
2025-12-19 02:15:00.000,176.77,176.85,176.62,176.62,456
2025-12-19 02:20:00.000,176.62,176.69,176.62,176.69,4
2025-12-19 02:25:00.000,176.71,176.72,176.67,176.67,721
2025-12-19 02:30:00.000,176.57,176.57,176.49,176.49,122
2025-12-19 02:35:00.000,176.42,176.42,176.26,176.26,112
2025-12-19 02:40:00.000,176.3,176.32,176.28,176.28,874
2025-12-19 02:45:00.000,176.26,176.26,176.19,176.22,101
2025-12-19 02:50:00.000,176.3,176.38,176.3,176.37,212
2025-12-19 02:55:00.000,176.42,176.42,176.42,176.42,30
2025-12-19 03:00:00.000,176.44,176.73,176.44,176.65,151
2025-12-19 03:05:00.000,176.6,176.68,176.6,176.63,485
2025-12-19 03:10:00.000,176.63,176.69,176.63,176.69,54
2025-12-19 03:15:00.000,176.71,176.73,176.66,176.72,730
2025-12-19 03:20:00.000,176.71,176.71,176.62,176.62,60
2025-12-19 03:25:00.000,176.59,176.6,176.45,176.46,102
2025-12-19 03:30:00.000,176.44,176.58,176.44,176.57,144
2025-12-19 03:35:00.000,176.55,176.55,176.47,176.47,105
2025-12-19 03:40:00.000,176.5,176.51,176.43,176.43,176
2025-12-19 03:45:00.000,176.47,176.52,176.47,176.52,80
2025-12-19 03:50:00.000,176.49,176.55,176.43,176.55,133
2025-12-19 03:55:00.000,176.53,176.53,176.49,176.49,74
2025-12-19 04:00:00.000,176.41,176.48,176.3,176.48,6113
2025-12-19 04:05:00.000,176.36,176.5,176.36,176.45,1796
2025-12-19 04:10:00.000,176.44,176.5,176.3,176.3,2398
2025-12-19 04:15:00.000,176.35,176.39,176.28,176.34,1320
2025-12-19 04:20:00.000,176.3,176.38,176.3,176.36,1084
2025-12-19 04:25:00.000,176.4,176.45,176.39,176.41,2187
2025-12-19 04:30:00.000,176.42,176.42,176.36,176.42,434
2025-12-19 04:35:00.000,176.44,176.44,176.44,176.44,192
2025-12-19 04:40:00.000,176.45,176.54,176.43,176.54,2183
2025-12-19 04:45:00.000,176.45,176.48,176.45,176.47,413
2025-12-19 04:50:00.000,176.45,176.53,176.45,176.5,1110
2025-12-19 04:55:00.000,176.46,176.54,176.46,176.51,686
2025-12-19 05:00:00.000,176.42,176.48,176.41,176.41,543
2025-12-19 05:05:00.000,176.37,176.43,176.25,176.25,1126
2025-12-19 05:10:00.000,176.22,176.31,176.21,176.31,1285
2025-12-19 05:15:00.000,176.35,176.54,176.35,176.5,7136
2025-12-19 05:20:00.000,176.51,176.67,176.5,176.61,2014
2025-12-19 05:25:00.000,176.62,176.76,176.62,176.72,2351
2025-12-19 05:30:00.000,176.62,176.71,176.6,176.6,3657
2025-12-19 05:35:00.000,176.62,176.7,176.62,176.68,2491
2025-12-19 05:40:00.000,176.67,176.73,176.63,176.73,3385
2025-12-19 05:45:00.000,176.73,176.75,176.56,176.59,5379
2025-12-19 05:50:00.000,176.61,176.61,176.41,176.41,4231
2025-12-19 05:55:00.000,176.41,176.45,176.38,176.39,2440
2025-12-19 06:00:00.000,176.39,176.43,176.35,176.43,1385
2025-12-19 06:05:00.000,176.39,176.39,176.18,176.2,4455
2025-12-19 06:10:00.000,176.21,176.4,176.21,176.36,3164
2025-12-19 06:15:00.000,176.36,176.4,176.3,176.34,1736
2025-12-19 06:20:00.000,176.39,176.46,176.27,176.27,1184
2025-12-19 06:25:00.000,176.32,177.24,176.32,176.99,24983
2025-12-19 06:30:00.000,177.07,177.07,176.85,176.85,5416
2025-12-19 06:35:00.000,176.92,176.92,176.65,176.74,4815
2025-12-19 06:40:00.000,176.73,176.82,176.71,176.8,2119
2025-12-19 06:45:00.000,176.85,176.85,176.78,176.78,604
2025-12-19 06:50:00.000,176.67,176.7,176.57,176.62,3704
2025-12-19 06:55:00.000,176.61,176.64,176.46,176.51,1549
2025-12-19 07:00:00.000,176.45,176.96,176.2,176.2,18113
2025-12-19 07:05:00.000,176.13,176.31,176.0,176.0,9641
2025-12-19 07:10:00.000,176.1,176.21,176.07,176.13,5761
2025-12-19 07:15:00.000,176.13,176.15,175.82,175.89,7098
2025-12-19 07:20:00.000,175.86,175.88,175.76,175.86,3722
2025-12-19 07:25:00.000,175.89,176.06,175.88,176.02,6324
2025-12-19 07:30:00.000,176.04,176.07,175.91,175.91,7502
2025-12-19 07:35:00.000,175.921,175.921,175.51,175.6,6695
2025-12-19 07:40:00.000,175.79,175.87,175.78,175.85,3657
2025-12-19 07:45:00.000,175.93,176.15,175.93,176.08,9257
2025-12-19 07:50:00.000,176.0,176.0,175.81,175.81,2797
2025-12-19 07:55:00.000,175.85,176.1,175.67,175.7,6476
2025-12-19 08:00:00.000,175.7,177.2,175.5701,175.7442,320972
2025-12-19 08:05:00.000,175.7836,175.9101,175.77,175.79,24798
2025-12-19 08:10:00.000,175.7764,175.89,175.76,175.89,25846
2025-12-19 08:15:00.000,175.8999,175.99,175.87,175.99,17597
2025-12-19 08:20:00.000,175.952,176.0569,175.9299,176.02,21464
2025-12-19 08:25:00.000,175.99,176.0,175.89,175.9902,9081
2025-12-19 08:30:00.000,175.9722,176.06,175.8699,175.92,17100
2025-12-19 08:35:00.000,175.901,176.16,175.7726,176.08,37372
2025-12-19 08:40:00.000,176.052,176.06,175.7099,175.75,16746
2025-12-19 08:45:00.000,175.75,175.92,175.71,175.8681,12482
2025-12-19 08:50:00.000,175.869,175.98,175.75,175.85,24322
2025-12-19 08:55:00.000,175.8501,175.91,175.8501,175.91,16559
2025-12-19 09:00:00.000,175.9,175.99,175.74,175.89,25273
2025-12-19 09:05:00.000,175.93,176.17,175.9,176.08,22248
2025-12-19 09:10:00.000,176.08,176.1189,175.9815,176.07,30731
2025-12-19 09:15:00.000,176.1,176.3,176.09,176.2801,48019
2025-12-19 09:20:00.000,176.29,176.29,176.17,176.2452,46537
2025-12-19 09:25:00.000,176.22,176.98,175.5998,176.7,394259
2025-12-19 09:30:00.000,176.665,178.36,176.35,178.2503,26918226
2025-12-19 09:35:00.000,178.26,178.43,177.53,178.31,2349769
2025-12-19 09:40:00.000,178.31,179.725,178.05,179.695,3573753
2025-12-19 09:45:00.000,179.74,180.185,179.43,179.5475,3774469
2025-12-19 09:50:00.000,179.57,179.66,179.21,179.48,1770734
2025-12-19 09:55:00.000,179.49,180.39,179.3513,180.27,2252339
2025-12-19 10:00:00.000,180.265,180.7,179.66,179.94,2431659
2025-12-19 10:05:00.000,179.93,180.1,179.43,179.465,1480056
2025-12-19 10:10:00.000,179.48,179.5,178.84,178.92,2211402
2025-12-19 10:15:00.000,178.935,179.29,178.67,178.9883,1888138
2025-12-19 10:20:00.000,178.96,178.995,178.555,178.58,1189508
2025-12-19 10:25:00.000,178.58,178.75,178.23,178.66,1698239
2025-12-19 10:30:00.000,178.64,179.3,178.35,179.11,1911208
2025-12-19 10:35:00.000,179.1144,179.46,179.1144,179.27,1200062
2025-12-19 10:40:00.000,179.265,179.3,178.78,178.855,994164
2025-12-19 10:45:00.000,178.86,178.9699,178.6801,178.77,865254
2025-12-19 10:50:00.000,178.7799,179.03,178.69,178.94,1076182
2025-12-19 10:55:00.000,178.945,179.02,178.71,178.845,1010806
2025-12-19 11:00:00.000,178.84,179.1899,178.55,179.1503,1255297
2025-12-19 11:05:00.000,179.16,179.475,179.08,179.315,1079208
2025-12-19 11:10:00.000,179.32,179.57,179.25,179.27,1067717
2025-12-19 11:15:00.000,179.27,179.47,179.15,179.43,740232
2025-12-19 11:20:00.000,179.44,179.45,179.23,179.3201,716359
2025-12-19 11:25:00.000,179.325,179.46,179.265,179.3,666898
2025-12-19 11:30:00.000,179.32,179.88,179.27,179.855,1232958
2025-12-19 11:35:00.000,179.85,180.065,179.76,180.03,1532674
2025-12-19 11:40:00.000,180.035,180.245,179.8817,179.9156,1327538
2025-12-19 11:45:00.000,179.92,179.99,179.445,179.505,1082226
2025-12-19 11:50:00.000,179.5156,179.93,179.455,179.64,918038
2025-12-19 11:55:00.000,179.645,179.76,179.565,179.74,605919
2025-12-19 12:00:00.000,179.74,180.3156,179.735,180.185,1045573
2025-12-19 12:05:00.000,180.18,180.28,179.97,180.105,865785
2025-12-19 12:10:00.000,180.105,180.66,180.09,180.6216,1463721
2025-12-19 12:15:00.000,180.64,180.87,180.395,180.7725,1161190
2025-12-19 12:20:00.000,180.765,180.99,180.74,180.8744,1141896
2025-12-19 12:25:00.000,180.875,180.88,180.34,180.5201,1243705
2025-12-19 12:30:00.000,180.5201,180.6351,180.34,180.565,816792
2025-12-19 12:35:00.000,180.56,180.85,180.495,180.81,804341
2025-12-19 12:40:00.000,180.81,180.96,180.68,180.82,1047077
2025-12-19 12:45:00.000,180.82,181.07,180.7,180.725,1389145
2025-12-19 12:50:00.000,180.72,180.95,180.59,180.68,956359
2025-12-19 12:55:00.000,180.68,180.87,180.525,180.5575,926108
2025-12-19 13:00:00.000,180.565,180.73,180.27,180.28,745898
2025-12-19 13:05:00.000,180.29,180.44,180.17,180.2033,741804
2025-12-19 13:10:00.000,180.21,180.35,179.93,179.975,886286
2025-12-19 13:15:00.000,179.98,180.14,179.875,179.99,704009
2025-12-19 13:20:00.000,179.9936,180.03,179.83,179.835,758779
2025-12-19 13:25:00.000,179.83,179.98,179.765,179.965,679923
2025-12-19 13:30:00.000,179.964,179.98,179.7001,179.805,689543
2025-12-19 13:35:00.000,179.8001,179.82,179.69,179.725,462445
2025-12-19 13:40:00.000,179.7207,179.7299,179.43,179.5494,840541
2025-12-19 13:45:00.000,179.55,179.85,179.5,179.8456,1076122
2025-12-19 13:50:00.000,179.84,179.93,179.81,179.8551,715533
2025-12-19 13:55:00.000,179.85,179.88,179.66,179.6951,574891
2025-12-19 14:00:00.000,179.695,180.0,179.69,179.9299,807009
2025-12-19 14:05:00.000,179.92,180.1,179.83,180.02,840456
2025-12-19 14:10:00.000,180.0286,180.36,180.0,180.32,978287
2025-12-19 14:15:00.000,180.33,180.5,180.26,180.47,837584
2025-12-19 14:20:00.000,180.465,180.65,180.33,180.62,867159
2025-12-19 14:25:00.000,180.63,180.8,180.56,180.5742,949977
2025-12-19 14:30:00.000,180.57,180.78,180.5,180.73,867836
2025-12-19 14:35:00.000,180.73,180.94,180.68,180.865,894979
2025-12-19 14:40:00.000,180.8664,180.98,180.7198,180.8564,771037
2025-12-19 14:45:00.000,180.85,180.9,180.61,180.64,799878
2025-12-19 14:50:00.000,180.6302,180.69,180.44,180.485,731270
2025-12-19 14:55:00.000,180.485,180.59,180.23,180.29,774160
2025-12-19 15:00:00.000,180.29,180.7,180.27,180.57,793545
2025-12-19 15:05:00.000,180.575,180.779,180.545,180.685,728445
2025-12-19 15:10:00.000,180.685,180.96,180.65,180.725,983793
2025-12-19 15:15:00.000,180.7299,180.7701,180.6,180.6201,737380
2025-12-19 15:20:00.000,180.62,180.88,180.6,180.77,869762
2025-12-19 15:25:00.000,180.78,180.81,180.415,180.4485,817218
2025-12-19 15:30:00.000,180.44,180.525,180.21,180.42,961235
2025-12-19 15:35:00.000,180.42,180.535,180.23,180.4,937338
2025-12-19 15:40:00.000,180.39,180.71,180.1,180.215,1287057
2025-12-19 15:45:00.000,180.21,180.36,179.9401,180.22,1606503
2025-12-19 15:50:00.000,180.2,180.96,180.05,180.81,2586777
2025-12-19 15:55:00.000,180.8,181.45,180.21,180.99,5401885
2025-12-19 16:00:00.000,180.99,181.16,180.89,180.99,90190597
2025-12-19 16:05:00.000,180.99,181.2743,180.99,181.01,18390077
2025-12-19 16:10:00.000,181.05,181.05,180.8501,180.88,1975168
2025-12-19 16:15:00.000,180.87,181.0805,180.8,180.85,1321448
2025-12-19 16:20:00.000,180.99,180.99,180.8,180.8301,1649640
2025-12-19 16:25:00.000,180.8101,180.99,180.81,180.9,74694
2025-12-19 16:30:00.000,180.89,181.0,180.84,180.9999,525084
2025-12-19 16:35:00.000,180.99,180.9984,180.86,180.87,18214
2025-12-19 16:40:00.000,180.86,180.86,180.72,180.8199,29646
2025-12-19 16:45:00.000,180.79,180.92,180.79,180.91,20883
2025-12-19 16:50:00.000,180.901,180.9799,180.9,180.96,12566
2025-12-19 16:55:00.000,180.96,181.0,180.96,180.98,19470
2025-12-19 17:00:00.000,180.9898,181.0,180.95,180.99,32648
2025-12-19 17:05:00.000,180.99,180.99,180.8,180.9403,8226
2025-12-19 17:10:00.000,180.94,180.94,180.82,180.8202,10605
2025-12-19 17:15:00.000,180.8248,180.93,180.8,180.91,31449
2025-12-19 17:20:00.000,180.91,180.99,180.84,180.86,12662
2025-12-19 17:25:00.000,180.99,180.99,180.75,180.78,69074
2025-12-19 17:30:00.000,180.8,180.89,180.7801,180.89,15761
2025-12-19 17:35:00.000,180.89,180.94,180.88,180.94,5236
2025-12-19 17:40:00.000,180.9259,180.94,180.9,180.94,13726
2025-12-19 17:45:00.000,180.93,180.94,180.87,180.8999,9139
2025-12-19 17:50:00.000,180.88,180.96,180.88,180.95,23910
2025-12-19 17:55:00.000,180.9501,180.96,180.93,180.9597,7363
2025-12-19 18:00:00.000,180.97,180.99,180.9297,180.9436,12560
2025-12-19 18:05:00.000,180.94,180.99,180.91,180.95,205546
2025-12-19 18:10:00.000,180.9307,180.96,180.81,180.96,24208
2025-12-19 18:15:00.000,180.96,181.0,180.95,180.99,32577
2025-12-19 18:20:00.000,180.99,181.0,180.96,181.0,15567
2025-12-19 18:25:00.000,181.0,181.07,180.9732,181.07,9311
2025-12-19 18:30:00.000,181.1,181.25,181.1,181.24,21900
2025-12-19 18:35:00.000,181.2,181.2001,181.1,181.1301,20648
2025-12-19 18:40:00.000,181.12,181.15,181.08,181.12,7691
2025-12-19 18:45:00.000,181.15,181.28,181.15,181.2455,30699
2025-12-19 18:50:00.000,181.25,181.25,181.2,181.23,6375
2025-12-19 18:55:00.000,181.22,181.28,181.2,181.2328,30057
2025-12-19 19:00:00.000,181.25,181.2699,181.22,181.2203,6036
2025-12-19 19:05:00.000,181.2299,181.28,181.22,181.27,7835
2025-12-19 19:10:00.000,181.27,181.28,181.26,181.28,10378
2025-12-19 19:15:00.000,181.2784,181.29,181.26,181.2898,11793
2025-12-19 19:20:00.000,181.2899,181.3,181.2632,181.2632,14671
2025-12-19 19:25:00.000,181.26,181.28,181.26,181.2703,5663
2025-12-19 19:30:00.000,181.2702,181.31,181.26,181.3,9046
2025-12-19 19:35:00.000,181.27,181.31,181.27,181.3,8054
2025-12-19 19:40:00.000,181.29,181.3197,181.26,181.3197,5089
2025-12-19 19:45:00.000,181.32,181.36,181.31,181.36,18450
2025-12-19 19:50:00.000,181.36,181.37,181.29,181.3497,20553
2025-12-19 19:55:00.000,181.35,181.37,181.29,181.37,32350
2025-12-21 20:00:00.000,181.16,182.54,181.16,182.54,2293
2025-12-21 20:05:00.000,182.57,182.88,182.57,182.65,1567
2025-12-21 20:10:00.000,182.73,182.82,182.73,182.82,487
2025-12-21 20:15:00.000,182.83,182.86,182.79,182.8,1032
2025-12-21 20:20:00.000,182.8,182.82,182.79,182.8,351
2025-12-21 20:25:00.000,182.83,182.99,182.83,182.97,355
2025-12-21 20:30:00.000,182.95,182.96,182.87,182.94,1235
2025-12-21 20:35:00.000,182.95,182.97,182.91,182.95,339
2025-12-21 20:40:00.000,182.99,182.99,182.97,182.98,38
2025-12-21 20:45:00.000,182.97,182.97,182.91,182.91,75
2025-12-21 20:50:00.000,182.9,182.9,182.73,182.74,486
2025-12-21 20:55:00.000,182.72,182.85,182.69,182.76,766
2025-12-21 21:00:00.000,182.78,182.78,182.72,182.72,686
2025-12-21 21:05:00.000,182.7,182.75,182.6,182.75,870
2025-12-21 21:10:00.000,182.76,182.76,182.58,182.66,955
2025-12-21 21:15:00.000,182.67,182.74,182.63,182.74,718
2025-12-21 21:20:00.000,182.74,182.74,182.56,182.56,265
2025-12-21 21:25:00.000,182.52,182.62,182.47,182.62,309
2025-12-21 21:30:00.000,182.62,182.7,182.58,182.7,83
2025-12-21 21:35:00.000,182.71,182.73,182.67,182.72,267
2025-12-21 21:40:00.000,182.7,182.7,182.62,182.62,260
2025-12-21 21:45:00.000,182.67,182.67,182.67,182.67,256
2025-12-21 21:50:00.000,182.67,182.67,182.64,182.64,112
2025-12-21 21:55:00.000,182.65,182.65,182.62,182.62,80
2025-12-21 22:00:00.000,182.67,182.67,182.65,182.66,84
2025-12-21 22:05:00.000,182.66,182.73,182.66,182.73,60
2025-12-21 22:10:00.000,182.75,182.75,182.68,182.68,53
2025-12-21 22:15:00.000,182.66,182.66,182.65,182.65,422
2025-12-21 22:20:00.000,182.64,182.69,182.64,182.69,171
2025-12-21 22:25:00.000,182.69,182.69,182.69,182.69,10
2025-12-21 22:35:00.000,182.69,182.69,182.69,182.69,186
2025-12-21 22:40:00.000,182.65,182.65,182.65,182.65,26
2025-12-21 22:45:00.000,182.64,182.64,182.63,182.63,147
2025-12-21 22:50:00.000,182.64,182.64,182.64,182.64,27
2025-12-21 22:55:00.000,182.64,182.64,182.59,182.59,471
2025-12-21 23:00:00.000,182.6,182.64,182.6,182.64,153
2025-12-21 23:05:00.000,182.62,182.62,182.62,182.62,25
2025-12-21 23:10:00.000,182.58,182.58,182.55,182.55,467
2025-12-21 23:15:00.000,182.52,182.53,182.43,182.43,358
2025-12-21 23:20:00.000,182.44,182.48,182.44,182.48,202
2025-12-21 23:25:00.000,182.46,182.46,182.46,182.46,121
2025-12-21 23:30:00.000,182.51,182.53,182.48,182.51,587
2025-12-21 23:35:00.000,182.51,182.62,182.5,182.62,639
2025-12-21 23:40:00.000,182.57,182.58,182.57,182.58,89
2025-12-21 23:45:00.000,182.55,182.55,182.5,182.5,211
2025-12-21 23:50:00.000,182.53,182.53,182.5,182.5,236
2025-12-21 23:55:00.000,182.49,182.49,182.49,182.49,26
2025-12-22 00:00:00.000,182.49,182.49,182.49,182.49,7
2025-12-22 00:05:00.000,182.46,182.46,182.38,182.38,367
2025-12-22 00:10:00.000,182.4,182.41,182.4,182.41,302
2025-12-22 00:15:00.000,182.35,182.35,182.28,182.31,752
2025-12-22 00:20:00.000,182.26,182.28,182.26,182.28,100
2025-12-22 00:25:00.000,182.3,182.3,182.3,182.3,20
2025-12-22 00:30:00.000,182.29,182.35,182.29,182.35,118
2025-12-22 00:35:00.000,182.33,182.4,182.31,182.4,263
2025-12-22 00:40:00.000,182.4,182.4,182.35,182.35,526
2025-12-22 00:45:00.000,182.39,182.41,182.39,182.41,661
2025-12-22 00:50:00.000,182.39,182.39,182.38,182.38,54
2025-12-22 00:55:00.000,182.35,182.35,182.35,182.35,5
2025-12-22 01:00:00.000,182.42,182.44,182.42,182.44,44
2025-12-22 01:05:00.000,182.41,182.41,182.35,182.36,996
2025-12-22 01:10:00.000,182.35,182.35,182.32,182.33,370
2025-12-22 01:15:00.000,182.31,182.31,182.2,182.2,785
2025-12-22 01:20:00.000,182.18,182.2,182.18,182.19,254
2025-12-22 01:25:00.000,182.2,182.26,182.17,182.26,367
2025-12-22 01:30:00.000,182.26,182.26,182.23,182.25,309
2025-12-22 01:35:00.000,182.29,182.29,182.29,182.29,2
2025-12-22 01:40:00.000,182.31,182.34,182.31,182.34,4
2025-12-22 01:45:00.000,182.3,182.37,182.3,182.36,694
2025-12-22 01:50:00.000,182.42,182.42,182.42,182.42,4
2025-12-22 02:00:00.000,182.39,182.39,182.35,182.35,58
2025-12-22 02:05:00.000,182.44,182.44,182.44,182.44,1
2025-12-22 02:10:00.000,182.46,182.46,182.37,182.37,240
2025-12-22 02:15:00.000,182.45,182.47,182.45,182.47,3
2025-12-22 02:20:00.000,182.52,182.52,182.52,182.52,2
2025-12-22 02:35:00.000,182.48,182.48,182.48,182.48,2
2025-12-22 02:45:00.000,182.55,182.55,182.55,182.55,30
2025-12-22 02:50:00.000,182.53,182.53,182.53,182.53,2
2025-12-22 02:55:00.000,182.51,182.51,182.51,182.51,2
2025-12-22 03:00:00.000,182.5,182.53,182.5,182.52,443
2025-12-22 03:05:00.000,182.57,182.64,182.57,182.64,59
2025-12-22 03:10:00.000,182.64,182.64,182.64,182.64,8
2025-12-22 03:15:00.000,182.67,182.7,182.67,182.7,492
2025-12-22 03:20:00.000,182.62,182.62,182.62,182.62,18
2025-12-22 03:25:00.000,182.64,182.67,182.55,182.57,739
2025-12-22 03:30:00.000,182.59,182.59,182.59,182.59,1
2025-12-22 03:35:00.000,182.61,182.65,182.6,182.65,417
2025-12-22 03:45:00.000,182.61,182.61,182.61,182.61,4
2025-12-22 03:50:00.000,182.53,182.53,182.53,182.53,57
2025-12-22 03:55:00.000,182.5,182.5,182.5,182.5,6
2025-12-22 04:00:00.000,182.38,182.71,182.3,182.41,8589
2025-12-22 04:05:00.000,182.43,182.65,182.43,182.59,10936
2025-12-22 04:10:00.000,182.57,182.7,182.57,182.61,3354
2025-12-22 04:15:00.000,182.66,182.82,182.65,182.82,6117
2025-12-22 04:20:00.000,182.82,182.91,182.82,182.88,6974
2025-12-22 04:25:00.000,182.87,182.9,182.83,182.9,2384
2025-12-22 04:30:00.000,182.88,182.98,182.87,182.98,5405
2025-12-22 04:35:00.000,183.0,183.08,182.94,183.0,8231
2025-12-22 04:40:00.000,183.08,183.13,183.06,183.09,3808
2025-12-22 04:45:00.000,183.06,183.08,183.0,183.0,3807
2025-12-22 04:50:00.000,182.96,183.08,182.94,183.04,2166
2025-12-22 04:55:00.000,183.05,183.07,182.95,183.02,3390
2025-12-22 05:00:00.000,183.02,183.28,182.92,183.28,7905
2025-12-22 05:05:00.000,183.19,183.22,183.09,183.13,3220
2025-12-22 05:10:00.000,183.18,183.21,183.16,183.2,1352
2025-12-22 05:15:00.000,183.18,183.18,183.05,183.07,1194
2025-12-22 05:20:00.000,183.09,183.14,183.02,183.02,3199
2025-12-22 05:25:00.000,183.08,183.18,183.0,183.17,4302
2025-12-22 05:30:00.000,183.2,183.2,183.15,183.2,1836
2025-12-22 05:35:00.000,183.19,183.2,183.19,183.19,6038
2025-12-22 05:40:00.000,183.19,183.2,183.19,183.19,1425
2025-12-22 05:45:00.000,183.2,183.22,183.2,183.21,846
2025-12-22 05:50:00.000,183.22,183.22,183.21,183.21,1114
2025-12-22 05:55:00.000,183.21,183.26,183.21,183.25,5050
2025-12-22 06:00:00.000,183.27,183.49,183.26,183.47,3621
2025-12-22 06:05:00.000,183.49,183.67,183.41,183.41,23127
2025-12-22 06:10:00.000,183.36,183.4,183.28,183.38,4498
2025-12-22 06:15:00.000,183.34,183.44,183.33,183.43,2320
2025-12-22 06:20:00.000,183.4,183.45,183.4,183.4,1826
2025-12-22 06:25:00.000,183.43,183.58,183.43,183.54,1728
2025-12-22 06:30:00.000,183.52,183.68,183.3,183.32,5482
2025-12-22 06:35:00.000,183.4,183.42,183.37,183.37,3723
2025-12-22 06:40:00.000,183.38,183.42,183.38,183.39,5124
2025-12-22 06:45:00.000,183.42,183.45,183.37,183.37,1939
2025-12-22 06:50:00.000,183.35,183.35,183.16,183.16,2593
2025-12-22 06:55:00.000,183.18,183.18,183.13,183.14,4362
2025-12-22 07:00:00.000,183.15,183.24,182.78,183.24,16709
2025-12-22 07:05:00.000,183.26,183.34,183.25,183.25,8588
2025-12-22 07:10:00.000,183.32,183.32,183.249,183.28,8861
2025-12-22 07:15:00.000,183.31,183.91,183.31,183.86,45292
2025-12-22 07:20:00.000,183.83,184.4,183.83,184.07,72932
2025-12-22 07:25:00.000,184.2,184.42,184.16,184.34,29891
2025-12-22 07:30:00.000,184.31,184.319,184.17,184.319,11087
2025-12-22 07:35:00.000,184.35,184.35,184.23,184.311,17054
2025-12-22 07:40:00.000,184.31,184.42,184.21,184.4,15098
2025-12-22 07:45:00.000,184.39,184.6,184.37,184.57,35868
2025-12-22 07:50:00.000,184.56,184.57,184.42,184.43,18884
2025-12-22 07:55:00.000,184.45,184.53,184.43,184.46,14700
2025-12-22 08:00:00.000,182.79,184.6,180.538,184.29,744449
2025-12-22 08:05:00.000,184.3,184.3,184.07,184.2,66359
2025-12-22 08:10:00.000,184.2098,184.31,184.1775,184.2742,44917
2025-12-22 08:15:00.000,184.26,184.2602,184.07,184.07,35665
2025-12-22 08:20:00.000,184.0697,184.22,184.05,184.2,60144
2025-12-22 08:25:00.000,184.1901,184.21,183.99,184.02,33231
2025-12-22 08:30:00.000,184.0099,184.2,184.0,184.1402,33725
2025-12-22 08:35:00.000,184.15,184.15,184.03,184.06,40688
2025-12-22 08:40:00.000,184.04,184.08,184.0001,184.01,30803
2025-12-22 08:45:00.000,184.01,184.1384,184.0,184.1299,38778
2025-12-22 08:50:00.000,184.12,184.26,184.0,184.18,45228
2025-12-22 08:55:00.000,184.2,184.36,184.2,184.33,46430
2025-12-22 09:00:00.000,184.32,184.3716,184.28,184.33,48766
2025-12-22 09:05:00.000,184.31,184.3599,184.1497,184.3499,43668
2025-12-22 09:10:00.000,184.3501,184.38,184.08,184.08,56186
2025-12-22 09:15:00.000,184.0793,184.35,184.01,184.3099,43587
2025-12-22 09:20:00.000,184.3,184.39,184.2001,184.34,43754
2025-12-22 09:25:00.000,184.32,184.32,183.8,183.92,104193
2025-12-22 09:30:00.000,183.92,184.0,182.79,183.02,5440854
2025-12-22 09:35:00.000,183.01,183.5,182.35,183.1898,2747719
2025-12-22 09:40:00.000,183.18,183.39,182.63,182.6762,1773786
2025-12-22 09:45:00.000,182.67,183.45,182.53,183.155,1601889
2025-12-22 09:50:00.000,183.15,183.75,182.62,183.7,1568188
2025-12-22 09:55:00.000,183.6944,183.94,183.3201,183.84,1498449
2025-12-22 10:00:00.000,183.85,183.88,183.14,183.225,1233135
2025-12-22 10:05:00.000,183.23,183.75,183.1901,183.495,1112663
2025-12-22 10:10:00.000,183.54,183.58,183.0426,183.07,967238
2025-12-22 10:15:00.000,183.0699,183.6164,183.03,183.45,1005310
2025-12-22 10:20:00.000,183.455,183.7199,183.2401,183.6,904883
2025-12-22 10:25:00.000,183.6099,183.81,183.355,183.4,864540
2025-12-22 10:30:00.000,183.41,183.5,182.97,183.0895,1045728
2025-12-22 10:35:00.000,183.09,183.1,182.67,183.04,1286762
2025-12-22 10:40:00.000,183.03,183.45,182.9,183.41,1031766
2025-12-22 10:45:00.000,183.405,183.54,183.24,183.3311,796855
2025-12-22 10:50:00.000,183.335,183.77,183.0608,183.7103,1180977
2025-12-22 10:55:00.000,183.72,184.16,183.66,183.7,1462133
2025-12-22 11:00:00.000,183.71,183.8,183.32,183.3699,927486
2025-12-22 11:05:00.000,183.36,183.4206,183.2399,183.35,768253
2025-12-22 11:10:00.000,183.355,183.6,183.25,183.515,747221
2025-12-22 11:15:00.000,183.5101,183.74,183.42,183.67,713262
2025-12-22 11:20:00.000,183.67,183.73,183.55,183.62,573641
2025-12-22 11:25:00.000,183.6299,183.76,183.6,183.63,691047
2025-12-22 11:30:00.000,183.62,183.62,183.35,183.4,650079
2025-12-22 11:35:00.000,183.3956,183.63,183.3699,183.48,527749
2025-12-22 11:40:00.000,183.49,183.5701,183.405,183.4601,439648
2025-12-22 11:45:00.000,183.46,183.665,183.43,183.45,458846
2025-12-22 11:50:00.000,183.445,183.57,183.4,183.435,461316
2025-12-22 11:55:00.000,183.43,183.43,183.01,183.19,956566
2025-12-22 12:00:00.000,183.19,183.3402,183.13,183.32,728979
2025-12-22 12:05:00.000,183.33,183.42,183.14,183.2,568520
2025-12-22 12:10:00.000,183.195,183.29,183.055,183.0899,397049
2025-12-22 12:15:00.000,183.09,183.3,183.05,183.295,529938
2025-12-22 12:20:00.000,183.29,183.3,183.06,183.205,438198
2025-12-22 12:25:00.000,183.205,183.31,183.07,183.1,415929
2025-12-22 12:30:00.000,183.11,183.155,183.01,183.05,456268
2025-12-22 12:35:00.000,183.045,183.5687,183.0,183.01,543763
2025-12-22 12:40:00.000,183.01,183.06,182.855,182.86,613331
2025-12-22 12:45:00.000,182.865,182.98,182.79,182.92,527614
2025-12-22 12:50:00.000,182.915,183.24,182.91,183.215,584764
2025-12-22 12:55:00.000,183.2154,183.3,183.1501,183.18,514450
2025-12-22 13:00:00.000,183.175,183.23,183.09,183.15,428931
2025-12-22 13:05:00.000,183.14,183.3,183.08,183.225,405173
2025-12-22 13:10:00.000,183.225,183.29,183.15,183.16,291484
2025-12-22 13:15:00.000,183.1658,183.25,183.0,183.19,486946
2025-12-22 13:20:00.000,183.185,183.22,183.125,183.1538,259921
2025-12-22 13:25:00.000,183.15,183.27,183.05,183.2256,303137
2025-12-22 13:30:00.000,183.23,183.24,183.1,183.195,388406
2025-12-22 13:35:00.000,183.19,183.27,183.14,183.205,321912
2025-12-22 13:40:00.000,183.205,183.39,183.17,183.355,549914
2025-12-22 13:45:00.000,183.355,183.4532,183.28,183.37,537078
2025-12-22 13:50:00.000,183.38,183.41,183.075,183.1,503654
2025-12-22 13:55:00.000,183.095,183.2399,183.09,183.175,409955
2025-12-22 14:00:00.000,183.175,183.19,183.045,183.05,428289
2025-12-22 14:05:00.000,183.05,183.25,182.99,183.16,499211
2025-12-22 14:10:00.000,183.16,183.2,183.05,183.0902,371725
2025-12-22 14:15:00.000,183.095,183.21,183.05,183.1601,352189
2025-12-22 14:20:00.000,183.165,183.43,183.12,183.324,569516
2025-12-22 14:25:00.000,183.325,183.485,183.32,183.38,530180
2025-12-22 14:30:00.000,183.39,183.5768,183.38,183.43,624362
2025-12-22 14:35:00.000,183.43,183.535,183.38,183.445,449632
2025-12-22 14:40:00.000,183.445,183.49,183.37,183.385,355513
2025-12-22 14:45:00.000,183.3839,183.42,183.2944,183.325,395943
2025-12-22 14:50:00.000,183.32,183.438,183.295,183.3164,319764
2025-12-22 14:55:00.000,183.32,183.45,183.31,183.4056,305731
2025-12-22 15:00:00.000,183.4,183.49,183.375,183.4101,493440
2025-12-22 15:05:00.000,183.41,183.46,183.2544,183.2544,397848
2025-12-22 15:10:00.000,183.26,183.38,183.21,183.34,482488
2025-12-22 15:15:00.000,183.34,183.45,183.255,183.44,570998
2025-12-22 15:20:00.000,183.435,183.53,183.4,183.41,566442
2025-12-22 15:25:00.000,183.42,183.44,183.2,183.285,673815
2025-12-22 15:30:00.000,183.285,183.41,183.28,183.305,543966
2025-12-22 15:35:00.000,183.31,183.5,183.235,183.415,595313
2025-12-22 15:40:00.000,183.415,183.51,183.35,183.42,622717
2025-12-22 15:45:00.000,183.435,183.54,183.37,183.531,664355
2025-12-22 15:50:00.000,183.53,183.8,183.35,183.7,1260493
2025-12-22 15:55:00.000,183.71,183.77,183.48,183.6,2278384
2025-12-22 16:00:00.000,183.6,183.75,183.6,183.7098,17933301
2025-12-22 16:05:00.000,183.71,183.71,183.6,183.62,119087
2025-12-22 16:10:00.000,183.65,183.67,183.5899,183.5899,17270
2025-12-22 16:15:00.000,183.58,183.6281,183.51,183.51,15650
2025-12-22 16:20:00.000,183.52,183.5499,183.48,183.48,18105
2025-12-22 16:25:00.000,183.49,183.5,183.43,183.45,22065
2025-12-22 16:30:00.000,183.47,183.69,183.4409,183.48,38993
2025-12-22 16:35:00.000,183.48,183.54,183.48,183.54,14718
2025-12-22 16:40:00.000,183.5209,183.69,183.46,183.46,10986
2025-12-22 16:45:00.000,183.46,183.69,183.44,183.44,960404
2025-12-22 16:50:00.000,183.4209,183.44,183.4099,183.42,7367
2025-12-22 16:55:00.000,183.4399,183.46,183.4201,183.4403,15493
2025-12-22 17:00:00.000,183.44,183.49,183.44,183.47,6536
2025-12-22 17:05:00.000,183.4459,183.47,183.4401,183.4573,4077
2025-12-22 17:10:00.000,183.47,183.49,183.4501,183.48,4943
2025-12-22 17:15:00.000,183.46,183.4796,183.45,183.46,5363
2025-12-22 17:20:00.000,183.4508,183.4691,183.39,183.42,14776
2025-12-22 17:25:00.000,183.42,183.5,183.4015,183.4797,9704
2025-12-22 17:30:00.000,183.48,183.48,183.45,183.45,5570
2025-12-22 17:35:00.000,183.45,183.69,183.45,183.4502,719630
2025-12-22 17:40:00.000,183.45,183.47,183.45,183.46,14054
2025-12-22 17:45:00.000,183.4698,183.47,183.46,183.46,9092
2025-12-22 17:50:00.000,183.46,183.47,183.4301,183.4307,4264
2025-12-22 17:55:00.000,183.44,183.46,183.42,183.43,5754
2025-12-22 18:00:00.000,183.41,183.47,183.41,183.44,10033
2025-12-22 18:05:00.000,183.44,183.48,183.4101,183.4797,11753
2025-12-22 18:10:00.000,183.438,183.4889,183.37,183.37,13639
2025-12-22 18:15:00.000,183.3899,183.39,183.28,183.3,16035
2025-12-22 18:20:00.000,183.32,183.33,183.2508,183.33,26668
2025-12-22 18:25:00.000,183.3292,183.35,183.3102,183.33,15861
2025-12-22 18:30:00.000,183.33,183.4,183.32,183.3511,8149
2025-12-22 18:35:00.000,183.39,183.39,183.31,183.3262,11726
2025-12-22 18:40:00.000,183.35,183.3597,183.3202,183.3597,5096
2025-12-22 18:45:00.000,183.33,183.35,183.3,183.3001,10985
2025-12-22 18:50:00.000,183.3252,183.33,183.28,183.31,7859
2025-12-22 18:55:00.000,183.3,183.32,183.3,183.32,5858
2025-12-22 19:00:00.000,183.31,183.35,183.3,183.3438,6731
2025-12-22 19:05:00.000,183.32,183.35,183.3,183.32,4274
2025-12-22 19:10:00.000,183.31,183.32,183.28,183.28,10698
2025-12-22 19:15:00.000,183.2992,183.3,183.28,183.28,10632
2025-12-22 19:20:00.000,183.3,183.32,183.2816,183.3199,8063
2025-12-22 19:25:00.000,183.31,183.32,183.28,183.3099,1933
2025-12-22 19:30:00.000,183.31,183.33,183.3032,183.32,4886
2025-12-22 19:35:00.000,183.35,183.35,183.2901,183.2901,18784
2025-12-22 19:40:00.000,183.2899,183.3,183.28,183.2896,4602
2025-12-22 19:45:00.000,183.29,183.33,183.29,183.33,8022
2025-12-22 19:50:00.000,183.31,183.33,183.2801,183.32,18764
2025-12-22 19:55:00.000,183.3299,183.33,183.3,183.3,27429
2025-12-22 20:00:00.000,183.43,183.45,183.41,183.45,362
2025-12-22 20:05:00.000,183.53,183.66,183.53,183.58,247
2025-12-22 20:10:00.000,183.52,183.65,183.47,183.65,1881
2025-12-22 20:15:00.000,183.65,184.52,183.65,183.88,5697
2025-12-22 20:20:00.000,183.73,183.75,183.55,183.71,834
2025-12-22 20:25:00.000,183.69,183.71,183.55,183.57,695
2025-12-22 20:30:00.000,183.56,183.57,183.48,183.48,586
2025-12-22 20:35:00.000,183.47,183.57,183.45,183.56,634
2025-12-22 20:40:00.000,183.57,183.62,183.53,183.55,208
2025-12-22 20:45:00.000,183.56,183.56,183.5,183.52,514
2025-12-22 20:50:00.000,183.56,183.56,183.54,183.55,223
2025-12-22 20:55:00.000,183.54,183.54,183.51,183.51,484
2025-12-22 21:00:00.000,183.54,183.55,183.54,183.55,39
2025-12-22 21:05:00.000,183.55,183.6,183.55,183.6,281
2025-12-22 21:10:00.000,183.61,183.64,183.61,183.64,92
2025-12-22 21:15:00.000,183.68,183.77,183.68,183.77,419
2025-12-22 21:20:00.000,183.79,183.8,183.72,183.72,323
2025-12-22 21:25:00.000,183.73,183.74,183.67,183.68,116
2025-12-22 21:35:00.000,183.6,183.6,183.6,183.6,28
2025-12-22 21:45:00.000,183.56,183.56,183.56,183.56,109
2025-12-22 21:50:00.000,183.59,183.61,183.59,183.61,28
2025-12-22 21:55:00.000,183.56,183.56,183.52,183.55,153
2025-12-22 22:00:00.000,183.6,183.6,183.57,183.57,53
2025-12-22 22:05:00.000,183.59,183.59,183.59,183.59,27
2025-12-22 22:10:00.000,183.55,183.55,183.55,183.55,5
2025-12-22 22:15:00.000,183.51,183.51,183.51,183.51,26
2025-12-22 22:20:00.000,183.5,183.5,183.45,183.46,209
2025-12-22 22:25:00.000,183.46,183.56,183.43,183.55,177
2025-12-22 22:30:00.000,183.51,183.51,183.46,183.51,142
2025-12-22 22:35:00.000,183.48,183.48,183.48,183.48,1
2025-12-22 22:40:00.000,183.46,183.46,183.46,183.46,267
2025-12-22 22:45:00.000,183.42,183.43,183.4,183.43,748
2025-12-22 22:55:00.000,183.41,183.41,183.41,183.41,297
2025-12-22 23:00:00.000,183.43,183.45,183.4,183.4,304
2025-12-22 23:05:00.000,183.36,183.36,183.35,183.35,33
2025-12-22 23:10:00.000,183.37,183.37,183.37,183.37,26
2025-12-22 23:15:00.000,183.36,183.36,183.36,183.36,27
2025-12-22 23:20:00.000,183.34,183.34,183.34,183.34,100
2025-12-22 23:25:00.000,183.36,183.36,183.36,183.36,27
2025-12-22 23:30:00.000,183.35,183.36,183.34,183.34,137
2025-12-22 23:35:00.000,183.33,183.37,183.33,183.37,458
2025-12-22 23:40:00.000,183.37,183.4,183.37,183.37,179
2025-12-22 23:45:00.000,183.39,183.39,183.34,183.39,265
2025-12-22 23:50:00.000,183.32,183.32,183.31,183.31,55
2025-12-22 23:55:00.000,183.28,183.28,183.17,183.17,244
2025-12-23 00:00:00.000,183.22,183.22,183.22,183.22,57
2025-12-23 00:05:00.000,183.22,183.23,183.21,183.21,95
2025-12-23 00:10:00.000,183.2,183.2,183.2,183.2,1
2025-12-23 00:15:00.000,183.15,183.22,183.15,183.22,31
2025-12-23 00:20:00.000,183.26,183.29,183.26,183.29,57
2025-12-23 00:25:00.000,183.29,183.31,183.27,183.28,75
2025-12-23 00:30:00.000,183.27,183.27,183.27,183.27,2
2025-12-23 00:35:00.000,183.25,183.26,183.25,183.26,29
2025-12-23 00:40:00.000,183.26,183.26,183.25,183.25,53
2025-12-23 00:45:00.000,183.26,183.27,183.26,183.27,47
2025-12-23 00:50:00.000,183.29,183.29,183.29,183.29,2
2025-12-23 00:55:00.000,183.26,183.26,183.15,183.15,516
2025-12-23 01:00:00.000,183.13,183.19,183.13,183.16,119
2025-12-23 01:05:00.000,183.07,183.07,183.06,183.06,64
2025-12-23 01:10:00.000,183.02,183.1,182.93,182.95,512
2025-12-23 01:15:00.000,182.88,182.88,182.88,182.88,17
2025-12-23 01:20:00.000,183.05,183.05,182.77,182.77,801
2025-12-23 01:25:00.000,182.62,182.62,182.62,182.62,55
2025-12-23 01:30:00.000,182.54,182.64,182.54,182.6,530
2025-12-23 01:35:00.000,182.58,182.59,182.5,182.59,478
2025-12-23 01:40:00.000,182.59,182.65,182.59,182.65,123
2025-12-23 01:45:00.000,182.62,182.62,182.53,182.57,610
2025-12-23 01:50:00.000,182.62,182.62,182.62,182.62,15
2025-12-23 01:55:00.000,182.62,182.62,182.61,182.61,6
2025-12-23 02:00:00.000,182.57,182.57,182.57,182.57,2
2025-12-23 02:05:00.000,182.65,182.65,182.65,182.65,87
2025-12-23 02:15:00.000,182.79,182.83,182.79,182.83,85
2025-12-23 02:20:00.000,182.89,182.96,182.89,182.94,655
2025-12-23 02:25:00.000,183.02,183.06,183.02,183.06,496
2025-12-23 02:30:00.000,183.08,183.09,182.95,182.99,718
2025-12-23 02:35:00.000,183.09,183.13,183.06,183.1,704
2025-12-23 02:40:00.000,183.06,183.06,183.06,183.06,220
2025-12-23 02:50:00.000,183.16,183.17,183.16,183.17,214
2025-12-23 03:00:00.000,183.14,183.17,183.08,183.15,1097
2025-12-23 03:05:00.000,183.25,183.35,183.25,183.34,142
2025-12-23 03:10:00.000,183.41,183.43,183.36,183.37,1620
2025-12-23 03:15:00.000,183.35,183.35,183.28,183.28,329
2025-12-23 03:20:00.000,183.3,183.36,183.28,183.36,583
2025-12-23 03:25:00.000,183.42,183.42,183.41,183.41,570
2025-12-23 03:30:00.000,183.37,183.42,183.37,183.39,161
2025-12-23 03:35:00.000,183.4,183.4,183.4,183.4,2
2025-12-23 03:40:00.000,183.35,183.35,183.35,183.35,8
2025-12-23 03:45:00.000,183.35,183.35,183.35,183.35,40
2025-12-23 03:55:00.000,183.33,183.35,183.32,183.35,50
2025-12-23 04:00:00.000,183.42,183.44,183.16,183.21,8098
2025-12-23 04:05:00.000,183.1,183.19,183.05,183.17,2875
2025-12-23 04:10:00.000,183.13,183.27,183.13,183.22,1890
2025-12-23 04:15:00.000,183.31,183.45,183.31,183.45,1455
2025-12-23 04:20:00.000,183.37,183.56,183.37,183.56,1499
2025-12-23 04:25:00.000,183.54,183.64,183.49,183.59,5818
2025-12-23 04:30:00.000,183.51,183.51,183.51,183.51,100
2025-12-23 04:35:00.000,183.6,183.82,183.6,183.7,1872
2025-12-23 04:40:00.000,183.73,183.79,183.73,183.79,1613
2025-12-23 04:45:00.000,183.7,183.7,183.65,183.69,770
2025-12-23 04:50:00.000,183.61,183.61,183.59,183.59,1215
2025-12-23 04:55:00.000,183.61,183.61,183.47,183.6,2311
2025-12-23 05:00:00.000,183.58,183.61,183.47,183.47,1198
2025-12-23 05:05:00.000,183.49,183.49,183.3,183.42,4004
2025-12-23 05:10:00.000,183.42,183.42,183.42,183.42,140
2025-12-23 05:15:00.000,183.26,183.3,183.22,183.23,1526
2025-12-23 05:20:00.000,183.13,183.17,182.91,183.0,25192
2025-12-23 05:25:00.000,183.0,183.11,183.0,183.07,22626
2025-12-23 05:30:00.000,183.09,183.09,183.05,183.05,812
2025-12-23 05:35:00.000,183.13,183.15,183.13,183.15,2918
2025-12-23 05:40:00.000,183.17,183.17,183.17,183.17,150
2025-12-23 05:45:00.000,183.22,183.22,183.22,183.22,116
2025-12-23 05:50:00.000,183.21,183.21,183.21,183.21,200
2025-12-23 06:00:00.000,183.23,183.23,183.13,183.13,1309
2025-12-23 06:05:00.000,183.18,183.18,183.08,183.08,552
2025-12-23 06:10:00.000,183.1,183.1,183.05,183.05,1200
2025-12-23 06:15:00.000,183.0,183.0,182.96,182.96,2602
2025-12-23 06:25:00.000,183.12,183.15,183.12,183.15,535
2025-12-23 06:30:00.000,183.05,183.05,183.0,183.01,465
2025-12-23 06:35:00.000,183.11,183.11,183.09,183.11,524
2025-12-23 06:40:00.000,183.1,183.1,183.0,183.0,1108
2025-12-23 06:45:00.000,182.99,182.99,182.99,182.99,290
2025-12-23 06:50:00.000,183.04,183.06,183.02,183.04,968
2025-12-23 06:55:00.000,183.04,183.15,183.03,183.15,855
2025-12-23 07:00:00.000,183.15,183.29,183.13,183.15,4513
2025-12-23 07:05:00.000,183.15,183.15,183.15,183.15,400
2025-12-23 07:10:00.000,183.12,183.12,182.91,182.99,6223
2025-12-23 07:15:00.000,182.98,182.99,182.92,182.95,5324
2025-12-23 07:20:00.000,182.95,182.95,182.87,182.9,4605
2025-12-23 07:25:00.000,182.93,182.93,182.85,182.86,2598
2025-12-23 07:30:00.000,182.86,182.99,182.86,182.95,5414
2025-12-23 07:35:00.000,182.95,182.95,182.891,182.9,1327
2025-12-23 07:40:00.000,182.89,182.89,182.8,182.83,1314
2025-12-23 07:45:00.000,182.85,182.9,182.85,182.9,1820
2025-12-23 07:50:00.000,182.85,182.85,182.81,182.85,2652
2025-12-23 07:55:00.000,182.88,183.0,182.88,183.0,2998
2025-12-23 08:00:00.000,183.22,183.78,182.1,182.9384,206617
2025-12-23 08:05:00.000,182.94,182.9501,182.918,182.9501,4021
2025-12-23 08:10:00.000,182.9,182.95,182.87,182.95,7253
2025-12-23 08:15:00.000,182.92,182.9699,182.88,182.8801,17396
2025-12-23 08:20:00.000,182.88,182.9,182.7976,182.8204,11365
2025-12-23 08:25:00.000,182.8499,182.9,182.82,182.88,10769
2025-12-23 08:30:00.000,182.868,182.88,182.8,182.8602,10617
2025-12-23 08:35:00.000,182.83,182.84,182.15,182.15,56366
2025-12-23 08:40:00.000,182.16,182.4,182.15,182.35,71962
2025-12-23 08:45:00.000,182.3598,182.4199,182.26,182.3,25275
2025-12-23 08:50:00.000,182.3,182.3352,182.15,182.1601,38591
2025-12-23 08:55:00.000,182.1501,182.25,181.82,182.1507,51425
2025-12-23 09:00:00.000,182.16,182.32,182.1201,182.26,20254
2025-12-23 09:05:00.000,182.2888,182.39,182.01,182.31,35310
2025-12-23 09:10:00.000,182.32,182.42,182.2,182.35,36732
2025-12-23 09:15:00.000,182.36,182.4,182.24,182.2737,46208
2025-12-23 09:20:00.000,182.2532,182.39,182.22,182.3406,26950
2025-12-23 09:25:00.000,182.25,183.05,181.92,182.97,105126
2025-12-23 09:30:00.000,182.98,184.64,182.9,184.075,4195409
2025-12-23 09:35:00.000,184.06,184.445,183.83,184.2364,1748240
2025-12-23 09:40:00.000,184.2352,184.84,184.16,184.74,1790805
2025-12-23 09:45:00.000,184.7456,184.9197,184.2,184.2801,1449734
2025-12-23 09:50:00.000,184.28,184.3699,183.9,183.94,1060653
2025-12-23 09:55:00.000,183.9228,184.3,183.83,184.3,1162592
2025-12-23 10:00:00.000,184.265,184.3304,183.535,183.71,1339623
2025-12-23 10:05:00.000,183.7244,184.36,183.5,184.31,1368510
2025-12-23 10:10:00.000,184.31,184.53,184.16,184.37,1305143
2025-12-23 10:15:00.000,184.3601,184.65,184.29,184.41,935949
2025-12-23 10:20:00.000,184.41,185.46,184.41,185.425,2260406
2025-12-23 10:25:00.000,185.42,185.48,184.99,185.275,1807026
2025-12-23 10:30:00.000,185.28,185.685,185.1,185.1599,1621746
2025-12-23 10:35:00.000,185.15,185.59,185.119,185.585,1081288
2025-12-23 10:40:00.000,185.5801,185.9699,185.58,185.781,1547718
2025-12-23 10:45:00.000,185.79,186.08,185.68,185.9437,1579481
2025-12-23 10:50:00.000,185.945,185.975,185.78,185.9367,864958
2025-12-23 10:55:00.000,185.93,186.64,185.92,186.49,1858167
2025-12-23 11:00:00.000,186.4817,186.54,186.26,186.3269,1075160
2025-12-23 11:05:00.000,186.33,186.84,186.305,186.8,1436602
2025-12-23 11:10:00.000,186.7951,187.05,186.615,186.945,1438344
2025-12-23 11:15:00.000,186.939,187.1,186.825,187.095,1313418
2025-12-23 11:20:00.000,187.1,187.56,187.04,187.525,1918455
2025-12-23 11:25:00.000,187.525,188.05,184.19,187.9101,2207692
2025-12-23 11:30:00.000,187.915,187.965,187.37,187.47,1939903
2025-12-23 11:35:00.000,187.4666,187.62,187.16,187.19,1215448
2025-12-23 11:40:00.000,187.185,187.84,187.12,187.6301,1638616
2025-12-23 11:45:00.000,187.6218,187.72,187.5333,187.665,796555
2025-12-23 11:50:00.000,187.67,188.055,187.6543,187.875,1655790
2025-12-23 11:55:00.000,187.88,188.33,187.85,188.31,1275288
2025-12-23 12:00:00.000,188.305,188.44,188.07,188.1999,1365899
2025-12-23 12:05:00.000,188.19,188.43,188.08,188.395,1108146
2025-12-23 12:10:00.000,188.4,188.55,188.31,188.315,1124648
2025-12-23 12:15:00.000,188.3101,188.48,188.1901,188.425,928217
2025-12-23 12:20:00.000,188.425,188.63,188.28,188.32,1004222
2025-12-23 12:25:00.000,188.315,188.395,188.07,188.2144,783364
2025-12-23 12:30:00.000,188.22,188.29,187.87,187.9,940129
2025-12-23 12:35:00.000,187.905,187.96,187.78,187.8901,816300
2025-12-23 12:40:00.000,187.89,188.0451,187.83,187.93,741333
2025-12-23 12:45:00.000,187.93,188.17,187.88,188.1101,780618
2025-12-23 12:50:00.000,188.12,188.13,187.95,188.1033,644660
2025-12-23 12:55:00.000,188.0994,188.16,188.03,188.05,562876
2025-12-23 13:00:00.000,188.06,188.24,187.97,188.02,859779
2025-12-23 13:05:00.000,188.0156,188.45,187.92,188.315,1106566
2025-12-23 13:10:00.000,188.3156,188.48,188.24,188.3101,859020
2025-12-23 13:15:00.000,188.315,188.33,188.155,188.2584,582574
2025-12-23 13:20:00.000,188.25,188.32,188.19,188.2144,501983
2025-12-23 13:25:00.000,188.21,188.23,187.99,187.995,568013
2025-12-23 13:30:00.000,187.995,188.24,187.9,188.155,713298
2025-12-23 13:35:00.000,188.155,188.17,188.03,188.125,450936
2025-12-23 13:40:00.000,188.13,188.43,188.115,188.43,722830
2025-12-23 13:45:00.000,188.43,188.53,188.39,188.427,797141
2025-12-23 13:50:00.000,188.425,188.48,188.32,188.41,620075
2025-12-23 13:55:00.000,188.4151,188.65,188.4,188.6132,865886
2025-12-23 14:00:00.000,188.61,188.8,188.51,188.7443,1059231
2025-12-23 14:05:00.000,188.75,188.75,188.52,188.545,857940
2025-12-23 14:10:00.000,188.545,188.7,188.53,188.555,553830
2025-12-23 14:15:00.000,188.57,188.6,188.42,188.48,646751
2025-12-23 14:20:00.000,188.475,188.56,188.39,188.43,613247
2025-12-23 14:25:00.000,188.435,188.69,188.36,188.6181,814128
2025-12-23 14:30:00.000,188.61,188.625,188.48,188.56,564016
2025-12-23 14:35:00.000,188.5501,188.75,188.5,188.545,742161
2025-12-23 14:40:00.000,188.54,188.6,188.43,188.48,579822
2025-12-23 14:45:00.000,188.4701,188.59,188.38,188.59,966892
2025-12-23 14:50:00.000,188.59,188.64,188.4936,188.6056,798315
2025-12-23 14:55:00.000,188.61,188.755,188.54,188.61,860450
2025-12-23 15:00:00.000,188.6,188.745,188.5744,188.625,683985
2025-12-23 15:05:00.000,188.63,188.685,188.545,188.635,564658
2025-12-23 15:10:00.000,188.6301,188.8,188.575,188.765,734650
2025-12-23 15:15:00.000,188.77,188.78,188.67,188.7199,600623
2025-12-23 15:20:00.000,188.715,188.83,188.685,188.765,708848
2025-12-23 15:25:00.000,188.77,188.86,188.74,188.7864,714350
2025-12-23 15:30:00.000,188.78,188.96,188.725,188.9536,900977
2025-12-23 15:35:00.000,188.955,189.205,188.95,189.12,1547512
2025-12-23 15:40:00.000,189.115,189.2,183.0,189.0199,1280308
2025-12-23 15:45:00.000,189.015,189.27,188.97,189.2695,1312595
2025-12-23 15:50:00.000,189.27,189.33,188.71,189.21,2285606
2025-12-23 15:55:00.000,189.25,189.27,188.8925,189.22,3093126
2025-12-23 16:00:00.000,189.22,189.3897,189.06,189.26,19518931
2025-12-23 16:05:00.000,189.28,189.32,189.2,189.21,162239
2025-12-23 16:10:00.000,189.19,189.19,189.0,189.0101,73272
2025-12-23 16:15:00.000,189.02,189.21,188.73,188.81,96613
2025-12-23 16:20:00.000,188.771,188.9,188.76,188.8,46180
2025-12-23 16:25:00.000,188.8,189.21,188.65,188.73,52857
2025-12-23 16:30:00.000,188.74,188.7501,188.64,188.66,27584
2025-12-23 16:35:00.000,188.65,188.66,188.5,188.5001,60042
2025-12-23 16:40:00.000,188.51,188.58,188.51,188.51,25700
2025-12-23 16:45:00.000,188.5395,188.65,188.51,188.62,26588
2025-12-23 16:50:00.000,188.57,188.78,188.57,188.65,39546
2025-12-23 16:55:00.000,188.65,188.77,188.6,188.75,21490
2025-12-23 17:00:00.000,188.74,188.88,188.74,188.8,50637
2025-12-23 17:05:00.000,188.7536,188.77,188.7,188.7504,33389
2025-12-23 17:10:00.000,188.76,188.77,188.67,188.67,7523
2025-12-23 17:15:00.000,188.68,188.73,188.66,188.6799,10381
2025-12-23 17:20:00.000,188.68,189.21,188.65,188.699,15157
2025-12-23 17:25:00.000,188.69,189.21,188.51,188.55,35841
2025-12-23 17:30:00.000,188.58,188.5994,188.55,188.56,8646
2025-12-23 17:35:00.000,188.58,188.6884,188.5628,188.6884,10209
2025-12-23 17:40:00.000,188.68,188.69,188.68,188.68,5967
2025-12-23 17:45:00.000,188.63,188.68,188.61,188.66,6978
2025-12-23 17:50:00.000,188.669,188.67,188.65,188.6696,5215
2025-12-23 17:55:00.000,188.6697,188.67,188.6,188.62,14196
2025-12-23 18:00:00.000,188.61,188.61,188.5,188.54,30495
2025-12-23 18:05:00.000,188.5499,188.57,188.46,188.46,16223
2025-12-23 18:10:00.000,188.46,188.6,188.46,188.53,11557
2025-12-23 18:15:00.000,188.55,188.58,188.5,188.56,10231
2025-12-23 18:20:00.000,188.5616,188.589,188.42,188.46,82509
2025-12-23 18:25:00.000,188.43,188.48,188.43,188.46,7426
2025-12-23 18:30:00.000,188.45,188.4684,188.38,188.3901,16029
2025-12-23 18:35:00.000,188.4095,188.44,188.36,188.4316,13678
2025-12-23 18:40:00.000,188.4,188.429,188.381,188.381,17081
2025-12-23 18:45:00.000,188.38,188.4,188.3204,188.3399,11157
2025-12-23 18:50:00.000,188.35,188.43,188.3,188.41,49436
2025-12-23 18:55:00.000,188.399,188.5,188.37,188.499,14685
2025-12-23 19:00:00.000,188.49,188.5468,188.45,188.5,12099
2025-12-23 19:05:00.000,188.5,188.66,188.5,188.66,26829
2025-12-23 19:10:00.000,188.65,188.67,188.61,188.6398,11394
2025-12-23 19:15:00.000,188.6402,188.66,188.56,188.561,5368
2025-12-23 19:20:00.000,188.5608,188.62,188.5608,188.5949,3577
2025-12-23 19:25:00.000,188.62,188.6599,188.59,188.6,7401
2025-12-23 19:30:00.000,188.62,188.62,188.56,188.57,5441
2025-12-23 19:35:00.000,188.57,188.64,188.56,188.62,12699
2025-12-23 19:40:00.000,188.62,188.65,188.62,188.6316,7072
2025-12-23 19:45:00.000,188.6303,188.66,188.6,188.64,11202
2025-12-23 19:50:00.000,188.62,188.8,188.62,188.7,26617
2025-12-23 19:55:00.000,188.76,188.81,188.7,188.72,21202
2025-12-23 20:00:00.000,188.83,189.06,188.83,189.0,730
2025-12-23 20:05:00.000,188.95,189.11,188.95,189.11,150
2025-12-23 20:10:00.000,189.02,189.02,188.87,188.94,299
2025-12-23 20:15:00.000,188.88,188.88,188.71,188.74,422
2025-12-23 20:20:00.000,188.74,188.78,188.7,188.7,181
2025-12-23 20:25:00.000,188.65,188.65,188.61,188.61,68
2025-12-23 20:30:00.000,188.59,188.65,188.54,188.65,435
2025-12-23 20:35:00.000,188.59,188.62,188.58,188.58,197
2025-12-23 20:40:00.000,188.59,188.63,188.59,188.59,108
2025-12-23 20:45:00.000,188.57,188.62,188.57,188.62,178
2025-12-23 20:50:00.000,188.63,188.63,188.58,188.58,30
2025-12-23 20:55:00.000,188.54,188.57,188.46,188.52,189
2025-12-23 21:00:00.000,188.49,188.49,188.41,188.41,261
2025-12-23 21:05:00.000,188.42,188.49,188.42,188.49,88
2025-12-23 21:10:00.000,188.52,188.57,188.48,188.48,97
2025-12-23 21:15:00.000,188.49,188.49,188.45,188.48,85
2025-12-23 21:20:00.000,188.47,188.53,188.47,188.53,138
2025-12-23 21:25:00.000,188.5,188.5,188.5,188.5,26
2025-12-23 21:30:00.000,188.6,188.6,188.54,188.6,155
2025-12-23 21:35:00.000,188.61,188.61,188.58,188.58,5
2025-12-23 21:40:00.000,188.54,188.54,188.48,188.48,153
2025-12-23 21:45:00.000,188.52,188.53,188.5,188.5,31
2025-12-23 21:50:00.000,188.55,188.55,188.54,188.54,43
2025-12-23 21:55:00.000,188.54,188.54,188.51,188.51,27
2025-12-23 22:05:00.000,188.51,188.51,188.51,188.51,26
2025-12-23 22:10:00.000,188.54,188.57,188.54,188.56,125
2025-12-23 22:20:00.000,188.61,188.61,188.59,188.61,115
2025-12-23 22:25:00.000,188.62,188.65,188.62,188.65,128
2025-12-23 22:30:00.000,188.66,188.69,188.66,188.69,77
2025-12-23 22:35:00.000,188.72,188.8,188.72,188.8,197
2025-12-23 22:40:00.000,188.78,188.89,188.77,188.89,445
2025-12-23 22:45:00.000,188.87,188.87,188.87,188.87,25
2025-12-23 22:55:00.000,188.85,188.85,188.8,188.8,110
2025-12-23 23:00:00.000,188.81,188.81,188.76,188.77,203
2025-12-23 23:05:00.000,188.74,188.74,188.74,188.74,45
2025-12-23 23:10:00.000,188.74,188.78,188.74,188.78,220
2025-12-23 23:15:00.000,188.76,188.76,188.76,188.76,2
2025-12-23 23:20:00.000,188.65,188.67,188.65,188.67,27
2025-12-23 23:25:00.000,188.64,188.66,188.64,188.66,52
2025-12-23 23:30:00.000,188.65,188.66,188.65,188.66,56
2025-12-23 23:35:00.000,188.65,188.65,188.52,188.52,111
2025-12-23 23:40:00.000,188.57,188.58,188.51,188.51,156
2025-12-23 23:45:00.000,188.5,188.5,188.5,188.5,28
2025-12-23 23:50:00.000,188.55,188.55,188.52,188.52,107
2025-12-23 23:55:00.000,188.5,188.51,188.46,188.51,146
2025-12-24 00:00:00.000,188.49,188.49,188.49,188.49,2
2025-12-24 00:05:00.000,188.48,188.49,188.48,188.49,58
2025-12-24 00:10:00.000,188.52,188.61,188.52,188.61,221
2025-12-24 00:20:00.000,188.52,188.59,188.52,188.59,81
2025-12-24 00:25:00.000,188.6,188.61,188.6,188.61,80
2025-12-24 00:40:00.000,188.64,188.65,188.62,188.63,169
2025-12-24 00:45:00.000,188.63,188.63,188.62,188.63,55
2025-12-24 00:50:00.000,188.61,188.7,188.61,188.7,30
2025-12-24 00:55:00.000,188.7,188.75,188.7,188.75,94
2025-12-24 01:00:00.000,188.75,188.76,188.71,188.71,139
2025-12-24 01:05:00.000,188.73,188.73,188.69,188.69,54
2025-12-24 01:10:00.000,188.69,188.69,188.65,188.66,104
2025-12-24 01:15:00.000,188.61,188.61,188.57,188.57,42
2025-12-24 01:20:00.000,188.65,188.66,188.65,188.66,29
2025-12-24 01:25:00.000,188.69,188.69,188.69,188.69,2
2025-12-24 01:30:00.000,188.67,188.68,188.67,188.68,26
2025-12-24 01:35:00.000,188.69,188.7,188.69,188.7,110
2025-12-24 01:40:00.000,188.68,188.68,188.68,188.68,25
2025-12-24 01:50:00.000,188.71,188.71,188.71,188.71,19
2025-12-24 01:55:00.000,188.7,188.71,188.7,188.71,44
2025-12-24 02:00:00.000,188.68,188.68,188.68,188.68,20
2025-12-24 02:05:00.000,188.69,188.69,188.69,188.69,18
2025-12-24 02:10:00.000,188.66,188.66,188.66,188.66,45
2025-12-24 02:15:00.000,188.67,188.67,188.66,188.66,54
2025-12-24 02:20:00.000,188.65,188.65,188.61,188.61,126
2025-12-24 02:25:00.000,188.6,188.65,188.6,188.65,64
2025-12-24 02:30:00.000,188.65,188.66,188.65,188.66,70
2025-12-24 02:45:00.000,188.7,188.72,188.7,188.72,22
2025-12-24 02:55:00.000,188.72,188.72,188.72,188.72,1
2025-12-24 03:00:00.000,188.71,188.71,188.7,188.7,54
2025-12-24 03:05:00.000,188.71,188.72,188.66,188.66,110
2025-12-24 03:10:00.000,188.68,188.69,188.68,188.69,83
2025-12-24 03:20:00.000,188.64,188.64,188.63,188.63,52
2025-12-24 03:25:00.000,188.72,188.76,188.72,188.74,55
2025-12-24 03:30:00.000,188.74,188.74,188.72,188.72,10
2025-12-24 03:35:00.000,188.74,188.74,188.74,188.74,2
2025-12-24 03:40:00.000,188.85,188.85,188.85,188.85,160
2025-12-24 03:50:00.000,188.81,188.82,188.81,188.82,81
2025-12-24 03:55:00.000,188.79,188.79,188.74,188.74,9
2025-12-24 04:00:00.000,188.77,188.78,188.63,188.66,915
2025-12-24 04:05:00.000,188.69,188.72,188.56,188.56,2178
2025-12-24 04:10:00.000,188.54,188.59,188.54,188.59,3828
2025-12-24 04:15:00.000,188.64,188.7,188.61,188.69,1094
2025-12-24 04:20:00.000,188.65,188.67,188.63,188.63,3775
2025-12-24 04:25:00.000,188.61,188.62,188.56,188.58,1880
2025-12-24 04:30:00.000,188.6,188.6,188.54,188.55,400
2025-12-24 04:35:00.000,188.58,188.58,188.58,188.58,100
2025-12-24 04:40:00.000,188.55,188.9,188.55,188.66,2036
2025-12-24 04:45:00.000,188.62,188.63,188.62,188.63,257
2025-12-24 04:50:00.000,188.63,188.63,188.6,188.6,547
2025-12-24 04:55:00.000,188.63,188.63,188.63,188.63,723
2025-12-24 05:00:00.000,188.55,188.55,188.43,188.43,2107
2025-12-24 05:05:00.000,188.48,188.48,188.48,188.48,100
2025-12-24 05:15:00.000,188.51,188.59,188.51,188.59,200
2025-12-24 05:20:00.000,188.48,188.48,188.41,188.41,204
2025-12-24 05:25:00.000,188.42,188.42,188.29,188.38,3799
2025-12-24 05:30:00.000,188.36,188.36,188.35,188.36,729
2025-12-24 05:35:00.000,188.38,188.38,188.33,188.33,4179
2025-12-24 05:40:00.000,188.36,188.38,188.3,188.3,2033
2025-12-24 05:45:00.000,188.34,188.34,188.34,188.34,105
2025-12-24 05:50:00.000,188.32,188.32,188.25,188.26,1164
2025-12-24 05:55:00.000,188.31,188.31,188.29,188.31,700
2025-12-24 06:00:00.000,188.32,188.36,188.27,188.27,741
2025-12-24 06:10:00.000,188.33,188.4,188.33,188.4,2269
2025-12-24 06:15:00.000,188.38,188.38,188.3,188.3,594
2025-12-24 06:20:00.000,188.31,188.33,188.25,188.28,1076
2025-12-24 06:25:00.000,188.26,188.29,188.26,188.29,827
2025-12-24 06:30:00.000,188.27,188.3,188.27,188.3,843
2025-12-24 06:35:00.000,188.25,188.25,188.19,188.23,9178
2025-12-24 06:40:00.000,188.23,188.23,188.18,188.2,1410
2025-12-24 06:45:00.000,188.25,188.25,188.18,188.2,980
2025-12-24 06:50:00.000,188.32,188.32,188.32,188.32,448
2025-12-24 06:55:00.000,188.42,188.42,188.38,188.41,928
2025-12-24 07:00:00.000,188.42,188.48,188.369,188.45,3271
2025-12-24 07:05:00.000,188.45,188.55,188.45,188.511,3963
2025-12-24 07:10:00.000,188.539,188.539,188.46,188.5,2682
2025-12-24 07:15:00.000,188.441,188.52,188.42,188.52,5240
2025-12-24 07:20:00.000,188.53,188.53,188.46,188.46,4592
2025-12-24 07:25:00.000,188.46,188.48,188.4,188.46,5360
2025-12-24 07:30:00.000,188.45,188.57,188.45,188.57,4145
2025-12-24 07:35:00.000,188.55,188.71,188.55,188.71,5602
2025-12-24 07:40:00.000,188.72,188.8,188.68,188.68,11637
2025-12-24 07:45:00.000,188.71,188.73,188.65,188.65,2405
2025-12-24 07:50:00.000,188.62,188.65,188.55,188.6,4266
2025-12-24 07:55:00.000,188.6,188.65,188.59,188.6,7422
2025-12-24 08:00:00.000,188.58,188.86,188.14,188.7,220970
2025-12-24 08:05:00.000,188.6801,188.74,188.57,188.57,20109
2025-12-24 08:10:00.000,188.59,188.6199,188.55,188.6199,17004
2025-12-24 08:15:00.000,188.61,188.6402,188.51,188.63,24153
2025-12-24 08:20:00.000,188.64,188.74,188.64,188.74,20802
2025-12-24 08:25:00.000,188.73,188.75,188.6882,188.71,15645
2025-12-24 08:30:00.000,188.71,188.75,188.54,188.6399,30710
2025-12-24 08:35:00.000,188.62,188.6407,188.44,188.5763,29410
2025-12-24 08:40:00.000,188.5501,188.6,188.4832,188.57,12370
2025-12-24 08:45:00.000,188.58,188.6301,188.57,188.6301,21275
2025-12-24 08:50:00.000,188.62,188.77,188.62,188.72,38691
2025-12-24 08:55:00.000,188.74,188.74,188.6601,188.6999,14901
2025-12-24 09:00:00.000,188.7001,188.75,188.64,188.6401,19921
2025-12-24 09:05:00.000,188.64,188.74,188.639,188.71,14991
2025-12-24 09:10:00.000,188.71,188.72,188.5304,188.5348,24529
2025-12-24 09:15:00.000,188.54,188.551,188.43,188.4301,69011
2025-12-24 09:20:00.000,188.43,188.5,188.43,188.48,32769
2025-12-24 09:25:00.000,188.46,188.46,187.6,187.95,140607
2025-12-24 09:30:00.000,187.94,188.49,187.43,188.4899,3513067
2025-12-24 09:35:00.000,188.48,188.66,188.15,188.345,1466201
2025-12-24 09:40:00.000,188.345,188.72,187.52,187.6703,1763644
2025-12-24 09:45:00.000,187.6856,188.03,187.66,187.86,1077327
2025-12-24 09:50:00.000,187.8501,187.92,187.605,187.7744,947740
2025-12-24 09:55:00.000,187.78,188.0,187.66,187.785,900425
2025-12-24 10:00:00.000,187.785,187.955,187.7301,187.8201,730251
2025-12-24 10:05:00.000,187.8201,187.93,187.7201,187.81,661366
2025-12-24 10:10:00.000,187.81,188.2899,187.76,188.0756,1086973
2025-12-24 10:15:00.000,188.08,188.155,187.72,187.81,1072171
2025-12-24 10:20:00.000,187.8,187.8499,186.85,186.8551,1878034
2025-12-24 10:25:00.000,186.86,187.25,186.59,187.2265,1649506
2025-12-24 10:30:00.000,187.225,187.4,187.03,187.0956,1219474
2025-12-24 10:35:00.000,187.0964,187.27,187.08,187.195,595569
2025-12-24 10:40:00.000,187.1935,187.33,186.9509,187.325,775938
2025-12-24 10:45:00.000,187.32,187.48,187.2,187.4501,754641
2025-12-24 10:50:00.000,187.455,187.54,187.33,187.355,662741
2025-12-24 10:55:00.000,187.35,187.47,187.27,187.36,575276
2025-12-24 11:00:00.000,187.364,187.57,187.33,187.56,495697
2025-12-24 11:05:00.000,187.5538,187.56,187.26,187.495,738732
2025-12-24 11:10:00.000,187.49,187.815,187.48,187.7402,754797
2025-12-24 11:15:00.000,187.74,187.88,187.655,187.77,710242
2025-12-24 11:20:00.000,187.78,187.965,187.74,187.945,623888
2025-12-24 11:25:00.000,187.945,188.03,187.86,187.945,681367
2025-12-24 11:30:00.000,187.945,188.21,187.92,188.155,763118
2025-12-24 11:35:00.000,188.15,188.37,188.145,188.18,902810
2025-12-24 11:40:00.000,188.17,188.48,188.11,188.41,907464
2025-12-24 11:45:00.000,188.41,188.46,188.28,188.3944,615184
2025-12-24 11:50:00.000,188.39,188.45,188.21,188.2397,553327
2025-12-24 11:55:00.000,188.235,188.35,188.16,188.28,519010
2025-12-24 12:00:00.000,188.2775,188.29,188.06,188.185,569578
2025-12-24 12:05:00.000,188.1838,188.24,187.95,187.975,556355
2025-12-24 12:10:00.000,187.975,188.25,187.97,188.185,652748
2025-12-24 12:15:00.000,188.185,188.23,187.985,188.0799,531105
2025-12-24 12:20:00.000,188.08,188.16,187.985,188.045,472697
2025-12-24 12:25:00.000,188.0499,188.243,188.015,188.225,455165
2025-12-24 12:30:00.000,188.225,188.31,188.175,188.215,484366
2025-12-24 12:35:00.000,188.22,188.27,188.13,188.195,386456
2025-12-24 12:40:00.000,188.1902,188.21,188.04,188.1,381907
2025-12-24 12:45:00.000,188.095,188.4799,188.07,188.3802,650766
2025-12-24 12:50:00.000,188.39,188.65,188.38,188.635,1013694
2025-12-24 12:55:00.000,188.63,188.67,188.355,188.62,1553453
2025-12-24 13:00:00.000,188.61,188.61,188.32,188.4252,4183441
2025-12-24 13:05:00.000,188.4,188.61,187.11,188.51,67775
2025-12-24 13:10:00.000,188.51,188.51,188.37,188.37,21158
2025-12-24 13:15:00.000,188.39,188.39,188.3001,188.34,25736
2025-12-24 13:20:00.000,188.3499,188.35,188.19,188.23,23408
2025-12-24 13:25:00.000,188.22,188.29,188.21,188.2799,14718
2025-12-24 13:30:00.000,188.28,188.28,188.25,188.26,7356
2025-12-24 13:35:00.000,188.2699,188.29,188.26,188.2601,8119
2025-12-24 13:40:00.000,188.3,188.3398,188.27,188.3108,7401
2025-12-24 13:45:00.000,188.31,188.61,188.31,188.35,7768
2025-12-24 13:50:00.000,188.36,188.61,188.32,188.35,124186
2025-12-24 13:55:00.000,188.35,188.61,188.3199,188.33,13017
2025-12-24 14:00:00.000,188.36,188.36,188.32,188.35,3796
2025-12-24 14:05:00.000,188.34,188.36,188.34,188.36,5176
2025-12-24 14:10:00.000,188.359,188.4,188.35,188.4,10917
2025-12-24 14:15:00.000,188.4,188.409,188.3805,188.409,8409
2025-12-24 14:20:00.000,188.3889,188.4,188.3832,188.4,3220
2025-12-24 14:25:00.000,188.409,188.45,188.409,188.42,12683
2025-12-24 14:30:00.000,188.44,188.44,188.4,188.4007,3276
2025-12-24 14:35:00.000,188.4005,188.4186,188.4,188.41,2648
2025-12-24 14:40:00.000,188.41,188.42,188.41,188.41,3813
2025-12-24 14:45:00.000,188.41,188.41,188.38,188.39,1813
2025-12-24 14:50:00.000,188.42,188.42,188.38,188.4,4721
2025-12-24 14:55:00.000,188.38,188.41,188.35,188.35,3106
2025-12-24 15:00:00.000,188.35,188.35,188.35,188.35,559
2025-12-24 15:05:00.000,188.36,188.3696,188.35,188.3508,6332
2025-12-24 15:10:00.000,188.3501,188.4,188.3501,188.4,2762
2025-12-24 15:15:00.000,188.38,188.39,188.35,188.3501,943
2025-12-24 15:20:00.000,188.35,188.38,188.35,188.35,7551
2025-12-24 15:25:00.000,188.35,188.3669,188.35,188.36,2603
2025-12-24 15:30:00.000,188.36,188.3899,188.36,188.3895,4839
2025-12-24 15:35:00.000,188.3601,188.39,188.35,188.37,4432
2025-12-24 15:40:00.000,188.35,188.37,188.33,188.34,2684
2025-12-24 15:45:00.000,188.35,188.35,188.33,188.3441,1285
2025-12-24 15:50:00.000,188.34,188.34,188.33,188.34,934
2025-12-24 15:55:00.000,188.32,188.37,188.32,188.32,14350
2025-12-24 16:00:00.000,188.33,188.33,188.26,188.28,7938
2025-12-24 16:05:00.000,188.3,188.34,188.27,188.34,5234
2025-12-24 16:10:00.000,188.37,188.39,188.3,188.39,5263
2025-12-24 16:15:00.000,188.3899,188.43,188.38,188.4,5305
2025-12-24 16:20:00.000,188.4282,188.43,188.3226,188.3226,18233
2025-12-24 16:25:00.000,188.36,188.36,188.3116,188.3292,3314
2025-12-24 16:30:00.000,188.31,188.33,188.3,188.3,2850
2025-12-24 16:35:00.000,188.31,188.31,188.3,188.3,6471
2025-12-24 16:40:00.000,188.31,188.31,188.21,188.2109,8272
2025-12-24 16:45:00.000,188.23,188.24,188.1,188.1,11257
2025-12-24 16:50:00.000,188.06,188.0999,188.0201,188.03,9818
2025-12-24 16:55:00.000,188.03,188.1,188.03,188.05,15029
2025-12-25 20:00:00.000,189.19,189.44,189.12,189.44,972
2025-12-25 20:05:00.000,189.47,189.75,189.46,189.75,431
2025-12-25 20:10:00.000,189.78,189.85,189.48,189.48,709
2025-12-25 20:15:00.000,189.49,189.53,189.45,189.53,200
2025-12-25 20:20:00.000,189.54,189.68,189.54,189.65,376
2025-12-25 20:25:00.000,189.61,189.64,189.61,189.64,2
2025-12-25 20:30:00.000,189.64,189.64,189.64,189.64,2
2025-12-25 20:35:00.000,189.72,189.93,189.72,189.93,652
2025-12-25 20:40:00.000,189.96,189.96,189.85,189.87,530
2025-12-25 20:45:00.000,189.88,189.99,189.88,189.99,181
2025-12-25 20:50:00.000,189.98,189.98,189.86,189.86,350
2025-12-25 20:55:00.000,189.89,189.98,189.89,189.98,164
2025-12-25 21:00:00.000,189.99,189.99,189.92,189.94,817
2025-12-25 21:05:00.000,189.92,189.98,189.9,189.98,132
2025-12-25 21:10:00.000,189.97,189.98,189.92,189.94,137
2025-12-25 21:15:00.000,189.94,189.99,189.94,189.98,195
2025-12-25 21:20:00.000,189.97,189.97,189.92,189.93,108
2025-12-25 21:25:00.000,189.93,189.95,189.93,189.95,27
2025-12-25 21:30:00.000,189.95,189.95,189.92,189.94,175
2025-12-25 21:35:00.000,189.93,189.95,189.93,189.95,79
2025-12-25 21:40:00.000,189.93,189.97,189.93,189.97,46
2025-12-25 21:45:00.000,189.98,189.98,189.98,189.98,2
2025-12-25 21:50:00.000,189.97,189.99,189.97,189.99,22
2025-12-25 21:55:00.000,190.03,190.5,190.03,190.5,876
2025-12-25 22:00:00.000,190.46,190.64,190.39,190.64,362
2025-12-25 22:05:00.000,190.64,190.64,190.42,190.45,617
2025-12-25 22:10:00.000,190.52,190.55,190.33,190.33,649
2025-12-25 22:15:00.000,190.35,190.42,190.26,190.32,316
2025-12-25 22:20:00.000,190.36,190.36,190.26,190.26,97
2025-12-25 22:25:00.000,190.22,190.3,190.22,190.3,89
2025-12-25 22:30:00.000,190.29,190.3,190.29,190.3,128
2025-12-25 22:35:00.000,190.32,190.47,190.32,190.45,70
2025-12-25 22:40:00.000,190.45,190.45,190.36,190.36,151
2025-12-25 22:45:00.000,190.36,190.39,190.36,190.39,48
2025-12-25 22:50:00.000,190.4,190.4,190.39,190.39,50
2025-12-25 22:55:00.000,190.4,190.4,190.34,190.34,55
2025-12-25 23:00:00.000,190.33,190.35,190.29,190.29,126
2025-12-25 23:05:00.000,190.28,190.28,190.22,190.22,96
2025-12-25 23:10:00.000,190.22,190.27,190.22,190.27,122
2025-12-25 23:15:00.000,190.27,190.27,190.27,190.27,26
2025-12-25 23:20:00.000,190.26,190.26,190.21,190.22,201
2025-12-25 23:25:00.000,190.24,190.24,190.18,190.18,79
2025-12-25 23:30:00.000,190.15,190.15,190.04,190.04,1178
2025-12-25 23:35:00.000,190.01,190.04,190.01,190.02,108
2025-12-25 23:40:00.000,190.0,190.06,190.0,190.06,237
2025-12-25 23:45:00.000,190.05,190.33,190.05,190.25,191
2025-12-25 23:50:00.000,190.22,190.23,190.18,190.18,197
2025-12-25 23:55:00.000,190.11,190.11,190.11,190.11,49
2025-12-26 00:00:00.000,190.08,190.12,190.02,190.1,293
2025-12-26 00:05:00.000,190.07,190.14,190.07,190.14,18
2025-12-26 00:15:00.000,190.13,190.15,190.13,190.15,35
2025-12-26 00:20:00.000,190.15,190.25,190.15,190.25,166
2025-12-26 00:25:00.000,190.25,190.25,190.13,190.18,131
2025-12-26 00:30:00.000,190.17,190.19,190.13,190.19,128
2025-12-26 00:35:00.000,190.18,190.22,190.18,190.22,49
2025-12-26 00:40:00.000,190.19,190.21,190.15,190.15,97
2025-12-26 00:45:00.000,190.19,190.19,190.19,190.19,2
2025-12-26 00:50:00.000,190.2,190.2,190.11,190.11,81
2025-12-26 00:55:00.000,190.12,190.14,190.12,190.14,50
2025-12-26 01:00:00.000,190.14,190.14,190.11,190.11,24
2025-12-26 01:05:00.000,190.11,190.14,190.11,190.11,189
2025-12-26 01:10:00.000,190.14,190.14,190.11,190.11,29
2025-12-26 01:15:00.000,190.11,190.14,190.1,190.11,129
2025-12-26 01:20:00.000,190.13,190.13,190.06,190.06,32
2025-12-26 01:25:00.000,190.02,190.02,190.02,190.02,31
2025-12-26 01:30:00.000,190.0,190.0,190.0,190.0,52
2025-12-26 01:35:00.000,190.0,190.0,189.99,190.0,32
2025-12-26 01:40:00.000,190.01,190.01,190.01,190.01,76
2025-12-26 01:45:00.000,190.02,190.02,190.0,190.0,123
2025-12-26 01:50:00.000,190.0,190.0,189.99,189.99,45
2025-12-26 01:55:00.000,189.98,189.99,189.95,189.95,461
2025-12-26 02:00:00.000,189.91,189.91,189.82,189.82,52
2025-12-26 02:05:00.000,189.75,189.77,189.72,189.77,823
2025-12-26 02:10:00.000,189.76,189.76,189.69,189.69,140
2025-12-26 02:15:00.000,189.69,189.7,189.66,189.66,60
2025-12-26 02:20:00.000,189.64,189.66,189.57,189.57,171
2025-12-26 02:25:00.000,189.6,189.62,189.59,189.62,201
2025-12-26 02:30:00.000,189.61,189.7,189.61,189.7,396
2025-12-26 02:35:00.000,189.72,189.86,189.72,189.85,278
2025-12-26 02:40:00.000,189.84,189.89,189.84,189.89,303
2025-12-26 02:45:00.000,189.9,189.91,189.88,189.88,152
2025-12-26 02:50:00.000,189.88,189.89,189.85,189.87,304
2025-12-26 02:55:00.000,189.89,189.91,189.89,189.91,65
2025-12-26 03:00:00.000,189.91,189.91,189.79,189.79,185
2025-12-26 03:10:00.000,189.8,189.8,189.79,189.79,99
2025-12-26 03:15:00.000,189.76,189.76,189.75,189.75,28
2025-12-26 03:20:00.000,189.81,189.81,189.81,189.81,2
2025-12-26 03:25:00.000,189.84,189.84,189.84,189.84,2
2025-12-26 03:30:00.000,189.78,189.78,189.78,189.78,2
2025-12-26 03:35:00.000,189.71,189.71,189.71,189.71,53
2025-12-26 03:40:00.000,189.72,189.72,189.72,189.72,1
2025-12-26 03:45:00.000,189.78,189.78,189.73,189.73,96
2025-12-26 03:50:00.000,189.7,189.74,189.7,189.74,44
2025-12-26 04:00:00.000,189.66,189.9,189.5,189.69,2641
2025-12-26 04:05:00.000,189.87,189.92,189.81,189.83,11372
2025-12-26 04:10:00.000,189.82,189.9,189.79,189.8,7123
2025-12-26 04:15:00.000,189.79,189.9,189.79,189.8,4546
2025-12-26 04:20:00.000,189.7,189.7,189.7,189.7,331
2025-12-26 04:25:00.000,189.8,189.87,189.8,189.87,1096
2025-12-26 04:30:00.000,189.83,189.83,189.8,189.8,1075
2025-12-26 04:35:00.000,189.75,189.75,189.75,189.75,100
2025-12-26 04:45:00.000,189.8,189.82,189.79,189.8,1007
2025-12-26 04:50:00.000,189.76,189.85,189.76,189.85,1763
2025-12-26 04:55:00.000,189.87,189.87,189.87,189.87,1000
2025-12-26 05:00:00.000,189.88,189.9,189.87,189.87,3554
2025-12-26 05:05:00.000,189.86,189.9,189.86,189.88,1047
2025-12-26 05:10:00.000,189.89,189.89,189.89,189.89,300
2025-12-26 05:15:00.000,189.83,189.83,189.83,189.83,189
2025-12-26 05:20:00.000,189.85,189.85,189.84,189.84,700
2025-12-26 05:25:00.000,189.83,189.85,189.79,189.85,995
2025-12-26 05:35:00.000,189.89,189.89,189.89,189.89,860
2025-12-26 05:40:00.000,189.9,189.93,189.9,189.93,4455
2025-12-26 05:45:00.000,189.93,189.93,189.93,189.93,476
2025-12-26 05:50:00.000,189.95,189.95,189.93,189.93,948
2025-12-26 05:55:00.000,189.95,189.95,189.88,189.88,1660
2025-12-26 06:00:00.000,189.87,189.88,189.87,189.88,295
2025-12-26 06:05:00.000,189.93,189.95,189.9,189.9,2087
2025-12-26 06:10:00.000,189.85,189.88,189.84,189.88,827
2025-12-26 06:15:00.000,189.85,189.85,189.79,189.79,1387
2025-12-26 06:20:00.000,189.76,189.82,189.75,189.8,1376
2025-12-26 06:25:00.000,189.78,189.79,189.71,189.75,2600
2025-12-26 06:30:00.000,189.72,189.78,189.72,189.77,3428
2025-12-26 06:35:00.000,189.78,189.85,189.78,189.81,2717
2025-12-26 06:40:00.000,189.74,189.74,189.69,189.69,1680
2025-12-26 06:45:00.000,189.7,189.7,189.66,189.66,977
2025-12-26 06:50:00.000,189.65,189.69,189.65,189.69,1197
2025-12-26 06:55:00.000,189.74,189.74,189.73,189.73,228
2025-12-26 07:00:00.000,189.7,189.7,189.51,189.6,11866
2025-12-26 07:05:00.000,189.64,189.7,189.64,189.68,3539
2025-12-26 07:10:00.000,189.7,189.779,189.7,189.71,5107
2025-12-26 07:15:00.000,189.71,189.71,189.6,189.63,2488
2025-12-26 07:20:00.000,189.62,189.68,189.62,189.68,1841
2025-12-26 07:25:00.000,189.68,189.7,189.5,189.55,8467
2025-12-26 07:30:00.000,189.6,189.66,189.52,189.65,7085
2025-12-26 07:35:00.000,189.669,189.71,189.65,189.7,8851
2025-12-26 07:40:00.000,189.69,189.71,189.67,189.71,1406
2025-12-26 07:45:00.000,189.66,189.66,189.62,189.66,3171
2025-12-26 07:50:00.000,189.65,189.68,189.65,189.67,3470
2025-12-26 07:55:00.000,189.69,189.69,189.62,189.64,2160
2025-12-26 08:00:00.000,189.57,190.215,189.5101,189.78,299170
2025-12-26 08:05:00.000,189.8,189.85,188.139,189.85,17169
2025-12-26 08:10:00.000,189.85,189.9336,189.81,189.9291,36478
2025-12-26 08:15:00.000,189.9,189.99,189.8801,189.99,42362
2025-12-26 08:20:00.000,189.99,190.2499,189.98,190.18,94798
2025-12-26 08:25:00.000,190.19,190.2,190.0884,190.1224,35635
2025-12-26 08:30:00.000,190.12,190.14,190.06,190.1,36969
2025-12-26 08:35:00.000,190.09,190.28,190.0701,190.22,55746
2025-12-26 08:40:00.000,190.23,190.38,190.2299,190.3695,69051
2025-12-26 08:45:00.000,190.3699,190.4895,190.3699,190.42,97069
2025-12-26 08:50:00.000,190.41,190.436,190.2783,190.2783,51765
2025-12-26 08:55:00.000,190.2891,190.31,190.13,190.2599,62632
2025-12-26 09:00:00.000,190.27,190.3099,190.16,190.16,32250
2025-12-26 09:05:00.000,190.1501,190.25,190.1501,190.1987,28814
2025-12-26 09:10:00.000,190.2,190.2902,190.17,190.28,26828
2025-12-26 09:15:00.000,190.28,190.38,190.1999,190.2193,35918
2025-12-26 09:20:00.000,190.22,190.23,190.06,190.1784,56197
2025-12-26 09:25:00.000,190.17,190.17,189.58,189.9,144205
2025-12-26 09:30:00.000,189.91,191.52,189.61,191.27,5487721
2025-12-26 09:35:00.000,191.27,192.03,191.135,191.6582,3221987
2025-12-26 09:40:00.000,191.65,192.29,191.5,192.11,2466262
2025-12-26 09:45:00.000,192.1,192.285,191.7101,191.81,2071898
2025-12-26 09:50:00.000,191.835,192.1101,191.3,191.37,1803436
2025-12-26 09:55:00.000,191.365,191.7,191.15,191.21,1832896
2025-12-26 10:00:00.000,191.2146,191.4701,190.7242,191.3002,1993536
2025-12-26 10:05:00.000,191.33,191.53,190.8,190.9262,1414838
2025-12-26 10:10:00.000,190.92,191.0499,190.16,190.2599,1716272
2025-12-26 10:15:00.000,190.25,191.09,190.182,191.0565,1668783
2025-12-26 10:20:00.000,191.0548,191.48,190.97,191.304,1522844
2025-12-26 10:25:00.000,191.3044,191.67,191.13,191.58,1318084
2025-12-26 10:30:00.000,191.57,191.96,191.56,191.96,1301422
2025-12-26 10:35:00.000,191.9501,192.08,191.75,191.891,1213926
2025-12-26 10:40:00.000,191.895,192.12,191.7101,191.9656,991989
2025-12-26 10:45:00.000,191.975,191.985,191.59,191.865,1079060
2025-12-26 10:50:00.000,191.8699,191.98,191.63,191.96,678499
2025-12-26 10:55:00.000,191.9504,192.19,191.89,191.92,1070345
2025-12-26 11:00:00.000,191.92,192.1099,191.7,191.715,750308
2025-12-26 11:05:00.000,191.7193,191.79,191.39,191.4793,953699
2025-12-26 11:10:00.000,191.475,191.57,191.14,191.175,883494
2025-12-26 11:15:00.000,191.16,191.23,190.97,191.0,925853
2025-12-26 11:20:00.000,191.0,191.32,190.94,191.05,961684
2025-12-26 11:25:00.000,191.05,191.09,190.83,191.025,821064
2025-12-26 11:30:00.000,191.037,191.04,190.81,190.935,608243
2025-12-26 11:35:00.000,190.938,191.28,190.93,191.21,819265
2025-12-26 11:40:00.000,191.21,191.35,191.18,191.33,695254
2025-12-26 11:45:00.000,191.34,191.34,191.07,191.1362,531036
2025-12-26 11:50:00.000,191.13,191.19,190.93,191.0762,624371
2025-12-26 11:55:00.000,191.075,191.1699,190.945,190.9462,585101
2025-12-26 12:00:00.000,190.95,190.96,190.73,190.8744,590022
2025-12-26 12:05:00.000,190.87,190.9,190.76,190.8101,427774
2025-12-26 12:10:00.000,190.815,190.88,190.52,190.55,687064
2025-12-26 12:15:00.000,190.5344,190.6599,190.46,190.5998,780933
2025-12-26 12:20:00.000,190.6,190.75,190.56,190.7301,541566
2025-12-26 12:25:00.000,190.7299,190.84,190.65,190.7797,563791
2025-12-26 12:30:00.000,190.77,191.0,190.73,190.8599,657165
2025-12-26 12:35:00.000,190.85,190.98,190.7501,190.9495,503118
2025-12-26 12:40:00.000,190.945,191.09,190.83,190.87,622796
2025-12-26 12:45:00.000,190.875,191.06,190.83,191.035,513051
2025-12-26 12:50:00.000,191.0353,191.0375,190.63,190.965,782503
2025-12-26 12:55:00.000,190.9675,191.2,190.9601,191.105,645597
2025-12-26 13:00:00.000,191.105,191.23,191.02,191.185,587609
2025-12-26 13:05:00.000,191.19,191.37,191.18,191.33,719545
2025-12-26 13:10:00.000,191.33,191.52,191.29,191.4799,713947
2025-12-26 13:15:00.000,191.475,191.4794,191.31,191.4199,585766
2025-12-26 13:20:00.000,191.42,191.44,191.1801,191.394,659500
2025-12-26 13:25:00.000,191.395,191.56,191.36,191.5329,683266
2025-12-26 13:30:00.000,191.535,191.845,191.49,191.68,1026478
2025-12-26 13:35:00.000,191.681,191.785,191.65,191.77,565803
2025-12-26 13:40:00.000,191.7701,191.97,191.71,191.73,926056
2025-12-26 13:45:00.000,191.73,192.01,191.6799,192.0,974917
2025-12-26 13:50:00.000,192.0,192.0801,191.9,191.98,691029
2025-12-26 13:55:00.000,191.99,192.54,191.98,192.5332,1524201
2025-12-26 14:00:00.000,192.5201,192.55,192.265,192.52,1220990
2025-12-26 14:05:00.000,192.52,192.63,192.36,192.5727,896549
2025-12-26 14:10:00.000,192.5756,192.69,192.5,192.52,979377
2025-12-26 14:15:00.000,192.53,192.64,192.33,192.455,923127
2025-12-26 14:20:00.000,192.46,192.51,192.33,192.35,578452
2025-12-26 14:25:00.000,192.34,192.43,192.21,192.24,731817
2025-12-26 14:30:00.000,192.2444,192.3,192.05,192.16,761673
2025-12-26 14:35:00.000,192.1568,192.31,192.14,192.145,552989
2025-12-26 14:40:00.000,192.1499,192.18,191.96,191.99,620689
2025-12-26 14:45:00.000,191.995,192.05,191.83,192.04,762448
2025-12-26 14:50:00.000,192.0382,192.14,191.91,191.9162,618299
2025-12-26 14:55:00.000,191.92,192.04,191.9,191.955,516393
2025-12-26 15:00:00.000,191.95,191.97,191.66,191.7197,608591
2025-12-26 15:05:00.000,191.7199,191.74,191.56,191.6,672097
2025-12-26 15:10:00.000,191.595,191.65,191.48,191.555,620631
2025-12-26 15:15:00.000,191.555,191.595,191.3838,191.48,568103
2025-12-26 15:20:00.000,191.485,191.65,191.4601,191.6444,712352
2025-12-26 15:25:00.000,191.64,191.655,191.4001,191.43,670649
2025-12-26 15:30:00.000,191.42,191.64,191.34,191.6101,818108
2025-12-26 15:35:00.000,191.6174,191.673,191.52,191.6015,663301
2025-12-26 15:40:00.000,191.604,191.645,191.5,191.58,630243
2025-12-26 15:45:00.000,191.58,191.6,191.44,191.495,794020
2025-12-26 15:50:00.000,191.5,191.51,190.83,190.855,1655928
2025-12-26 15:55:00.000,190.85,190.92,190.42,190.53,3524441
2025-12-26 16:00:00.000,190.54,190.55,190.2601,190.28,9851612
2025-12-26 16:05:00.000,190.2602,190.53,189.98,190.0991,177449
2025-12-26 16:10:00.000,190.0962,190.53,190.07,190.28,183865
2025-12-26 16:15:00.000,190.28,190.3197,190.24,190.2401,51792
2025-12-26 16:20:00.000,190.53,190.53,190.2497,190.2499,92992
2025-12-26 16:25:00.000,190.2484,190.25,190.1,190.2,26030
2025-12-26 16:30:00.000,190.16,190.33,190.14,190.14,17538
2025-12-26 16:35:00.000,190.16,190.25,190.14,190.2352,16944
2025-12-26 16:40:00.000,190.2101,190.2918,190.21,190.28,15028
2025-12-26 16:45:00.000,190.2943,190.3,190.2501,190.28,12732
2025-12-26 16:50:00.000,190.26,190.29,190.2548,190.2798,5399
2025-12-26 16:55:00.000,190.28,190.28,190.25,190.2548,9846
2025-12-26 17:00:00.000,190.2501,190.2696,190.21,190.2409,5172
2025-12-26 17:05:00.000,190.25,190.53,190.24,190.25,7740
2025-12-26 17:10:00.000,190.25,190.26,190.21,190.21,11551
2025-12-26 17:15:00.000,190.21,190.53,190.2,190.49,69142
2025-12-26 17:20:00.000,190.479,190.504,190.42,190.46,9539
2025-12-26 17:25:00.000,190.44,190.44,190.3402,190.4064,12813
2025-12-26 17:30:00.000,190.3511,190.4,190.35,190.3985,10564
2025-12-26 17:35:00.000,190.3991,190.4,190.3087,190.3087,3097
2025-12-26 17:40:00.000,190.3987,190.3987,190.21,190.2536,7461
2025-12-26 17:45:00.000,190.21,190.26,190.1,190.1699,22772
2025-12-26 17:50:00.000,190.16,190.2394,190.16,190.18,18855
2025-12-26 17:55:00.000,190.199,190.3,190.18,190.23,19654
2025-12-26 18:00:00.000,190.24,190.26,190.2096,190.2264,6490
2025-12-26 18:05:00.000,190.21,190.23,190.2,190.2,3626
2025-12-26 18:10:00.000,190.19,190.2,190.16,190.16,6766
2025-12-26 18:15:00.000,190.17,190.2,190.17,190.1807,7663
2025-12-26 18:20:00.000,190.1701,190.21,190.1701,190.2099,11200
2025-12-26 18:25:00.000,190.1998,190.2,190.1,190.13,10131
2025-12-26 18:30:00.000,190.15,190.16,190.13,190.14,3090
2025-12-26 18:35:00.000,190.15,190.2,190.1309,190.1792,3349
2025-12-26 18:40:00.000,190.15,190.18,190.14,190.16,5331
2025-12-26 18:45:00.000,190.16,190.18,190.15,190.17,5358
2025-12-26 18:50:00.000,190.1605,190.18,190.13,190.1323,8658
2025-12-26 18:55:00.000,190.13,190.15,190.13,190.1307,9146
2025-12-26 19:00:00.000,190.14,190.17,190.1302,190.1616,3970
2025-12-26 19:05:00.000,190.17,190.17,190.15,190.16,2478
2025-12-26 19:10:00.000,190.16,190.17,190.15,190.16,6429
2025-12-26 19:15:00.000,190.17,190.18,190.16,190.16,12467
2025-12-26 19:20:00.000,190.16,190.18,190.16,190.17,6095
2025-12-26 19:25:00.000,190.17,190.18,190.16,190.1792,11698
2025-12-26 19:30:00.000,190.18,190.18,190.17,190.17,5131
2025-12-26 19:35:00.000,190.18,190.18,190.16,190.1799,23018
2025-12-26 19:40:00.000,190.1701,190.18,190.15,190.1502,15324
2025-12-26 19:45:00.000,190.15,190.16,190.14,190.16,11492
2025-12-26 19:50:00.000,190.1401,190.1401,190.12,190.13,24079
2025-12-26 19:55:00.000,190.14,190.14,190.01,190.0601,38393
2025-12-28 20:00:00.000,187.6,190.98,187.6,190.61,1683
2025-12-28 20:05:00.000,190.7,190.77,190.59,190.63,373
2025-12-28 20:10:00.000,190.65,190.84,190.64,190.84,488
2025-12-28 20:15:00.000,190.84,191.1,190.83,190.97,1755
2025-12-28 20:20:00.000,190.92,191.04,190.9,191.0,301
2025-12-28 20:25:00.000,190.98,190.98,190.85,190.85,60
2025-12-28 20:30:00.000,190.89,190.91,190.84,190.85,132
2025-12-28 20:35:00.000,190.85,190.85,190.62,190.62,183
2025-12-28 20:40:00.000,190.65,190.65,190.55,190.58,201
2025-12-28 20:45:00.000,190.57,190.72,190.57,190.68,276
2025-12-28 20:50:00.000,190.73,190.78,190.73,190.78,147
2025-12-28 20:55:00.000,190.76,190.76,190.69,190.69,394
2025-12-28 21:00:00.000,190.73,190.73,190.69,190.7,580
2025-12-28 21:05:00.000,190.7,190.71,190.59,190.59,1549
2025-12-28 21:10:00.000,190.57,190.58,190.56,190.56,83
2025-12-28 21:15:00.000,190.53,190.53,190.44,190.44,631
2025-12-28 21:20:00.000,190.24,190.26,190.15,190.24,525
2025-12-28 21:25:00.000,190.24,190.24,190.16,190.16,1223
2025-12-28 21:30:00.000,190.2,190.2,190.19,190.19,238
2025-12-28 21:35:00.000,190.16,190.17,190.07,190.17,149
2025-12-28 21:40:00.000,190.24,190.24,190.23,190.23,93
2025-12-28 21:45:00.000,190.24,190.29,190.24,190.29,218
2025-12-28 21:50:00.000,190.35,190.53,190.34,190.5,393
2025-12-28 21:55:00.000,190.51,190.51,190.36,190.36,238
2025-12-28 22:00:00.000,190.3,190.42,190.3,190.42,374
2025-12-28 22:05:00.000,190.41,190.49,190.41,190.49,197
2025-12-28 22:10:00.000,190.52,190.52,190.45,190.5,382
2025-12-28 22:15:00.000,190.51,190.59,190.46,190.57,1434
2025-12-28 22:20:00.000,190.55,190.58,190.54,190.58,171
2025-12-28 22:25:00.000,190.55,190.57,190.46,190.57,1107
2025-12-28 22:30:00.000,190.52,190.59,190.5,190.59,39
2025-12-28 22:35:00.000,190.61,190.68,190.61,190.68,584
2025-12-28 22:40:00.000,190.65,190.65,190.52,190.52,190
2025-12-28 22:45:00.000,190.51,190.66,190.5,190.66,763
2025-12-28 22:50:00.000,190.62,190.64,190.62,190.63,166
2025-12-28 22:55:00.000,190.67,190.7,190.65,190.7,406
2025-12-28 23:00:00.000,190.73,190.76,190.73,190.76,261
2025-12-28 23:05:00.000,190.9,190.9,190.9,190.9,50
2025-12-28 23:15:00.000,190.85,190.85,190.85,190.85,20
2025-12-28 23:20:00.000,190.85,190.85,190.85,190.85,50
2025-12-28 23:30:00.000,190.9,190.9,190.88,190.88,120
2025-12-28 23:35:00.000,190.9,190.9,190.9,190.9,214
2025-12-28 23:45:00.000,190.92,190.93,190.92,190.93,24
2025-12-28 23:50:00.000,190.96,190.97,190.95,190.95,81
2025-12-28 23:55:00.000,190.91,190.92,190.89,190.92,193
2025-12-29 00:00:00.000,190.84,190.87,190.68,190.76,640
2025-12-29 00:05:00.000,190.7,190.7,190.64,190.69,78
2025-12-29 00:10:00.000,190.64,190.64,190.59,190.63,203
2025-12-29 00:15:00.000,190.6,190.6,190.5,190.6,331
2025-12-29 00:20:00.000,190.56,190.68,190.56,190.64,378
2025-12-29 00:25:00.000,190.61,190.65,190.61,190.63,74
2025-12-29 00:35:00.000,190.57,190.6,190.57,190.6,51
2025-12-29 00:45:00.000,190.59,190.59,190.59,190.59,60
2025-12-29 00:50:00.000,190.62,190.62,190.54,190.54,286
2025-12-29 00:55:00.000,190.5,190.5,190.39,190.39,357
2025-12-29 01:00:00.000,190.36,190.39,190.29,190.29,404
2025-12-29 01:05:00.000,190.32,190.32,190.32,190.32,45
2025-12-29 01:10:00.000,190.37,190.37,190.34,190.36,315
2025-12-29 01:15:00.000,190.37,190.38,190.34,190.34,82
2025-12-29 01:20:00.000,190.37,190.38,190.33,190.38,426
2025-12-29 01:25:00.000,190.4,190.45,190.4,190.45,395
2025-12-29 01:30:00.000,190.35,190.35,190.3,190.3,27
2025-12-29 01:35:00.000,190.3,190.3,190.29,190.29,23
2025-12-29 01:50:00.000,190.17,190.24,190.17,190.22,673
2025-12-29 01:55:00.000,190.16,190.19,190.16,190.17,142
2025-12-29 02:00:00.000,190.16,190.16,190.05,190.05,511
2025-12-29 02:05:00.000,190.06,190.08,190.06,190.08,76
2025-12-29 02:10:00.000,190.03,190.04,190.02,190.03,417
2025-12-29 02:15:00.000,190.0,190.0,189.92,189.94,823
2025-12-29 02:20:00.000,189.85,189.89,189.79,189.81,349
2025-12-29 02:25:00.000,189.88,189.92,189.82,189.82,323
2025-12-29 02:30:00.000,189.81,189.81,189.66,189.69,1247
2025-12-29 02:35:00.000,189.66,189.66,189.4,189.49,447
2025-12-29 02:40:00.000,189.27,189.4,189.25,189.4,529
2025-12-29 02:45:00.000,189.44,189.54,189.44,189.54,550
2025-12-29 02:50:00.000,189.57,189.61,189.55,189.59,79
2025-12-29 02:55:00.000,189.56,189.65,189.53,189.65,496
2025-12-29 03:00:00.000,189.62,189.65,189.55,189.63,771
2025-12-29 03:05:00.000,189.63,189.68,189.54,189.58,394
2025-12-29 03:10:00.000,189.58,189.59,189.53,189.53,211
2025-12-29 03:15:00.000,189.52,189.53,189.35,189.37,1406
2025-12-29 03:20:00.000,189.29,189.34,189.25,189.25,317
2025-12-29 03:25:00.000,189.08,189.08,189.02,189.05,977
2025-12-29 03:30:00.000,189.08,189.11,189.03,189.03,57
2025-12-29 03:35:00.000,188.91,188.91,188.45,188.54,443
2025-12-29 03:40:00.000,188.56,188.79,188.54,188.77,588
2025-12-29 03:45:00.000,188.76,188.76,188.41,188.56,900
2025-12-29 03:50:00.000,188.58,188.58,188.5,188.55,46
2025-12-29 03:55:00.000,188.44,188.44,188.36,188.36,37
2025-12-29 04:00:00.000,188.91,189.12,188.53,188.7,10389
2025-12-29 04:05:00.000,188.62,188.62,188.36,188.49,3128
2025-12-29 04:10:00.000,188.48,188.48,188.0,188.0,12942
2025-12-29 04:15:00.000,188.04,188.3,188.0,188.27,8496
2025-12-29 04:20:00.000,188.29,188.3,187.97,187.97,5445
2025-12-29 04:25:00.000,187.93,188.32,187.88,188.32,4820
2025-12-29 04:30:00.000,188.3,188.3,187.99,187.99,2635
2025-12-29 04:35:00.000,188.0,188.0,187.9,187.94,3920
2025-12-29 04:40:00.000,187.93,187.94,187.71,187.72,5223
2025-12-29 04:45:00.000,187.7,187.7,187.45,187.64,10486
2025-12-29 04:50:00.000,187.65,187.88,187.65,187.69,7874
2025-12-29 04:55:00.000,187.6,187.99,187.6,187.94,7781
2025-12-29 05:00:00.000,187.9,187.95,187.84,187.84,1614
2025-12-29 05:05:00.000,187.83,187.9,187.71,187.9,1551
2025-12-29 05:10:00.000,187.84,188.05,187.82,187.95,5717
2025-12-29 05:15:00.000,188.07,188.14,187.96,188.0,3097
2025-12-29 05:20:00.000,187.95,188.03,187.95,188.03,600
2025-12-29 05:25:00.000,188.0,188.12,188.0,188.12,3210
2025-12-29 05:30:00.000,188.14,188.19,188.1,188.1,2944
2025-12-29 05:35:00.000,188.07,188.33,188.06,188.31,2870
2025-12-29 05:40:00.000,188.31,188.36,188.27,188.27,596
2025-12-29 05:45:00.000,188.4,188.4,188.33,188.33,1592
2025-12-29 05:50:00.000,188.33,188.35,188.2,188.2,417
2025-12-29 05:55:00.000,188.23,188.23,188.1,188.1,1554
2025-12-29 06:00:00.000,188.0,188.11,187.98,188.1,4196
2025-12-29 06:05:00.000,188.19,188.19,187.95,187.96,1795
2025-12-29 06:10:00.000,187.93,187.93,187.8,187.86,10708
2025-12-29 06:15:00.000,187.9,187.9,187.7,187.7,1154
2025-12-29 06:20:00.000,187.77,187.95,187.77,187.94,2453
2025-12-29 06:25:00.000,187.9,188.08,187.79,188.08,2108
2025-12-29 06:30:00.000,188.07,188.23,188.07,188.23,3169
2025-12-29 06:35:00.000,188.2,188.22,188.2,188.22,1174
2025-12-29 06:40:00.000,188.25,188.31,188.18,188.3,4282
2025-12-29 06:45:00.000,188.31,188.35,188.04,188.05,3464
2025-12-29 06:50:00.000,188.11,188.16,188.11,188.15,741
2025-12-29 06:55:00.000,188.28,188.44,188.28,188.44,1711
2025-12-29 07:00:00.000,188.49,188.58,188.401,188.5,18324
2025-12-29 07:05:00.000,188.47,188.5,188.37,188.5,4418
2025-12-29 07:10:00.000,188.5,188.55,188.42,188.55,3709
2025-12-29 07:15:00.000,188.52,188.55,188.45,188.47,2574
2025-12-29 07:20:00.000,188.52,188.6,188.5,188.56,3002
2025-12-29 07:25:00.000,188.57,188.57,188.4,188.4,7033
2025-12-29 07:30:00.000,188.42,188.45,188.36,188.4,7281
2025-12-29 07:35:00.000,188.391,188.43,188.349,188.36,1335
2025-12-29 07:40:00.000,188.32,188.33,188.11,188.17,6984
2025-12-29 07:45:00.000,188.139,188.14,188.07,188.1,3482
2025-12-29 07:50:00.000,188.209,188.21,188.11,188.11,2451
2025-12-29 07:55:00.000,188.12,188.13,188.05,188.05,1427
2025-12-29 08:00:00.000,188.4,190.79,187.48,188.34,440593
2025-12-29 08:05:00.000,188.308,188.35,188.13,188.2,17275
2025-12-29 08:10:00.000,188.18,188.33,188.15,188.31,21223
2025-12-29 08:15:00.000,188.32,188.35,188.23,188.27,22895
2025-12-29 08:20:00.000,188.28,188.39,188.2,188.2368,39907
2025-12-29 08:25:00.000,188.22,188.4,188.22,188.3,19917
2025-12-29 08:30:00.000,188.33,188.33,188.08,188.15,42940
2025-12-29 08:35:00.000,188.17,188.2101,188.02,188.05,33431
2025-12-29 08:40:00.000,188.0501,188.25,188.05,188.25,33876
2025-12-29 08:45:00.000,188.27,188.36,187.84,187.8799,85702
2025-12-29 08:50:00.000,187.88,187.99,187.62,187.9799,79023
2025-12-29 08:55:00.000,187.93,188.13,187.91,187.9818,34216
2025-12-29 09:00:00.000,187.961,188.12,187.91,188.04,49831
2025-12-29 09:05:00.000,188.0,188.0384,187.77,187.7701,31192
2025-12-29 09:10:00.000,187.7695,187.9002,187.74,187.86,33782
2025-12-29 09:15:00.000,187.8697,187.88,187.51,187.6608,63253
2025-12-29 09:20:00.000,187.69,187.69,187.45,187.4999,80856
2025-12-29 09:25:00.000,187.51,187.76,187.48,187.7,64830
2025-12-29 09:30:00.000,187.7,187.75,185.91,186.64,5404729
2025-12-29 09:35:00.000,186.66,188.755,186.29,188.295,3248900
2025-12-29 09:40:00.000,188.2983,188.33,187.62,187.92,1976473
2025-12-29 09:45:00.000,187.905,187.915,186.93,187.155,1817940
2025-12-29 09:50:00.000,187.135,187.2899,186.47,186.525,1773434
2025-12-29 09:55:00.000,186.52,186.9699,186.3101,186.6499,1633771
2025-12-29 10:00:00.000,186.64,186.82,186.36,186.47,1221840
2025-12-29 10:05:00.000,186.4687,186.6803,186.31,186.3199,1061812
2025-12-29 10:10:00.000,186.32,186.5599,186.03,186.4764,1231332
2025-12-29 10:15:00.000,186.48,186.9799,186.4701,186.905,1318800
2025-12-29 10:20:00.000,186.8942,187.26,186.89,187.1765,1214046
2025-12-29 10:25:00.000,187.1727,187.33,187.05,187.255,857621
2025-12-29 10:30:00.000,187.26,187.6599,187.14,187.44,1008738
2025-12-29 10:35:00.000,187.425,187.735,187.23,187.41,996697
2025-12-29 10:40:00.000,187.42,187.65,187.25,187.52,580670
2025-12-29 10:45:00.000,187.505,187.55,187.12,187.15,645771
2025-12-29 10:50:00.000,187.15,187.19,186.67,186.935,879663
2025-12-29 10:55:00.000,186.92,187.23,186.83,186.93,838411
2025-12-29 11:00:00.000,186.925,187.0701,186.67,186.69,659760
2025-12-29 11:05:00.000,186.7061,186.81,186.48,186.73,721028
2025-12-29 11:10:00.000,186.74,187.43,186.74,187.325,908680
2025-12-29 11:15:00.000,187.32,187.3912,187.04,187.155,595857
2025-12-29 11:20:00.000,187.16,187.3099,186.9201,187.265,599577
2025-12-29 11:25:00.000,187.265,187.35,187.14,187.2446,457107
2025-12-29 11:30:00.000,187.24,187.31,187.09,187.1401,516628
2025-12-29 11:35:00.000,187.14,187.28,187.07,187.1599,431969
2025-12-29 11:40:00.000,187.15,187.42,187.04,187.4161,548899
2025-12-29 11:45:00.000,187.415,187.58,187.305,187.545,920992
2025-12-29 11:50:00.000,187.5444,187.57,187.43,187.5,452126
2025-12-29 11:55:00.000,187.515,187.54,187.32,187.32,483343
2025-12-29 12:00:00.000,187.3251,187.45,187.2,187.29,463092
2025-12-29 12:05:00.000,187.2899,187.39,187.11,187.1501,561689
2025-12-29 12:10:00.000,187.1599,187.24,187.04,187.16,449112
2025-12-29 12:15:00.000,187.15,187.29,187.04,187.09,559046
2025-12-29 12:20:00.000,187.09,187.19,187.04,187.07,322889
2025-12-29 12:25:00.000,187.0899,187.09,186.79,186.88,570363
2025-12-29 12:30:00.000,186.8799,187.07,186.81,187.06,488537
2025-12-29 12:35:00.000,187.065,187.13,186.93,186.97,487542
2025-12-29 12:40:00.000,186.965,187.1051,186.925,187.0444,426190
2025-12-29 12:45:00.000,187.04,187.13,186.96,187.045,407605
2025-12-29 12:50:00.000,187.0451,187.4098,187.0451,187.365,648294
2025-12-29 12:55:00.000,187.37,187.57,187.34,187.525,752972
2025-12-29 13:00:00.000,187.52,187.5799,187.3,187.405,535525
2025-12-29 13:05:00.000,187.41,187.44,187.31,187.36,337148
2025-12-29 13:10:00.000,187.3535,187.3535,187.1331,187.1764,396907
2025-12-29 13:15:00.000,187.18,187.3899,187.16,187.3784,442743
2025-12-29 13:20:00.000,187.375,187.63,187.34,187.63,698425
2025-12-29 13:25:00.000,187.6239,187.6399,187.425,187.4599,355343
2025-12-29 13:30:00.000,187.455,187.655,187.4,187.655,468253
2025-12-29 13:35:00.000,187.65,187.84,187.615,187.68,715530
2025-12-29 13:40:00.000,187.6812,187.6812,187.46,187.503,474355
2025-12-29 13:45:00.000,187.51,187.6,187.36,187.385,407578
2025-12-29 13:50:00.000,187.3854,187.41,187.29,187.3,486521
2025-12-29 13:55:00.000,187.2979,187.33,187.195,187.245,398891
2025-12-29 14:00:00.000,187.2494,187.275,187.1336,187.2651,446030
2025-12-29 14:05:00.000,187.265,187.34,187.15,187.1561,497946
2025-12-29 14:10:00.000,187.16,187.22,187.05,187.2076,390357
2025-12-29 14:15:00.000,187.2,187.33,187.13,187.1744,465489
2025-12-29 14:20:00.000,187.175,187.4,187.1399,187.315,540043
2025-12-29 14:25:00.000,187.315,187.43,187.29,187.375,389587
2025-12-29 14:30:00.000,187.38,187.53,187.37,187.455,426289
2025-12-29 14:35:00.000,187.4599,187.52,187.42,187.4935,287265
2025-12-29 14:40:00.000,187.4961,187.71,187.48,187.57,530871
2025-12-29 14:45:00.000,187.58,187.825,187.5532,187.7,560075
2025-12-29 14:50:00.000,187.705,187.9598,187.7001,187.825,635527
2025-12-29 14:55:00.000,187.83,188.1,187.5151,187.97,781926
2025-12-29 15:00:00.000,187.97,187.97,187.67,187.6795,589316
2025-12-29 15:05:00.000,187.6758,187.78,187.5618,187.7056,654676
2025-12-29 15:10:00.000,187.7083,187.82,187.68,187.76,542039
2025-12-29 15:15:00.000,187.7661,188.0,187.72,187.95,543776
2025-12-29 15:20:00.000,187.95,188.08,187.92,188.0756,490796
2025-12-29 15:25:00.000,188.075,188.105,187.945,187.9645,523095
2025-12-29 15:30:00.000,187.97,188.09,187.91,187.95,528818
2025-12-29 15:35:00.000,187.945,188.0374,187.77,187.79,498600
2025-12-29 15:40:00.000,187.795,187.92,187.7401,187.87,497056
2025-12-29 15:45:00.000,187.86,188.1,187.81,188.0739,720927
2025-12-29 15:50:00.000,188.085,188.3,187.96,188.0,885838
2025-12-29 15:55:00.000,187.995,188.4,187.995,188.23,1856111
2025-12-29 16:00:00.000,188.21,188.25,188.02,188.2,10818906
2025-12-29 16:05:00.000,188.1501,188.22,188.08,188.15,47794
2025-12-29 16:10:00.000,188.22,188.22,188.03,188.07,68782
2025-12-29 16:15:00.000,188.04,188.2,187.94,187.9536,18150
2025-12-29 16:20:00.000,188.22,188.22,187.93,188.01,34418
2025-12-29 16:25:00.000,188.0208,188.09,188.0208,188.0499,3462
2025-12-29 16:30:00.000,188.04,188.04,187.95,187.95,6357
2025-12-29 16:35:00.000,187.97,188.22,187.96,188.22,16409
2025-12-29 16:40:00.000,188.0,188.22,188.0,188.1,12408
2025-12-29 16:45:00.000,188.08,188.1,188.01,188.01,4890
2025-12-29 16:50:00.000,188.03,188.04,187.96,188.01,4036
2025-12-29 16:55:00.000,188.0301,188.07,188.0,188.0064,5215
2025-12-29 17:00:00.000,188.01,188.22,187.9803,187.9999,13395
2025-12-29 17:05:00.000,187.9999,188.02,187.98,188.0,4005
2025-12-29 17:10:00.000,188.001,188.01,187.98,187.98,4315
2025-12-29 17:15:00.000,187.98,188.22,187.9601,187.9601,139497
2025-12-29 17:20:00.000,187.95,187.99,187.94,187.94,2533
2025-12-29 17:25:00.000,187.9836,187.9836,187.94,187.95,2606
2025-12-29 17:30:00.000,187.96,187.99,187.89,187.89,8024
2025-12-29 17:35:00.000,187.9,187.9,187.8201,187.85,7284
2025-12-29 17:40:00.000,187.86,187.9,187.86,187.86,3119
2025-12-29 17:45:00.000,187.89,187.93,187.86,187.9,1715
2025-12-29 17:50:00.000,187.9,187.96,187.9,187.92,2722
2025-12-29 17:55:00.000,187.92,187.95,187.92,187.95,4078
2025-12-29 18:00:00.000,187.9517,187.97,187.9,187.9,6085
2025-12-29 18:05:00.000,187.9013,187.93,187.8501,187.9,5212
2025-12-29 18:10:00.000,187.9,187.9,187.83,187.88,15079
2025-12-29 18:15:00.000,187.85,187.87,187.821,187.83,7087
2025-12-29 18:20:00.000,187.84,187.87,187.81,187.82,3707
2025-12-29 18:25:00.000,187.86,187.9,187.75,187.75,13258
2025-12-29 18:30:00.000,187.75,187.79,187.72,187.77,12060
2025-12-29 18:35:00.000,187.78,187.83,187.72,187.76,4979
2025-12-29 18:40:00.000,187.76,187.76,187.71,187.71,4252
2025-12-29 18:45:00.000,187.711,187.7292,187.7,187.7128,1767
2025-12-29 18:50:00.000,187.72,187.7399,187.7,187.7,3376
2025-12-29 18:55:00.000,187.7048,187.72,187.7,187.71,2174
2025-12-29 19:00:00.000,187.7198,187.72,187.7,187.7197,3946
2025-12-29 19:05:00.000,187.71,187.72,187.7,187.7032,11118
2025-12-29 19:10:00.000,187.71,187.73,187.67,187.67,11430
2025-12-29 19:15:00.000,187.67,187.7,187.67,187.67,1803
2025-12-29 19:20:00.000,187.69,187.7,187.68,187.7,5666
2025-12-29 19:25:00.000,187.7199,187.8,187.7199,187.76,8028
2025-12-29 19:30:00.000,187.75,187.75,187.7,187.7032,7451
2025-12-29 19:35:00.000,187.72,187.72,187.69,187.69,7238
2025-12-29 19:40:00.000,187.69,187.72,187.69,187.7,18731
2025-12-29 19:45:00.000,187.7,187.72,187.7,187.7187,24466
2025-12-29 19:50:00.000,187.72,187.73,187.71,187.72,16035
2025-12-29 19:55:00.000,187.7101,187.7101,187.6,187.6184,18111
2025-12-29 20:00:00.000,187.55,187.55,187.43,187.46,108
2025-12-29 20:05:00.000,187.61,187.63,187.59,187.59,73
2025-12-29 20:10:00.000,187.58,187.62,187.58,187.62,31
2025-12-29 20:15:00.000,187.65,187.65,187.63,187.63,57
2025-12-29 20:20:00.000,187.6,187.61,187.53,187.53,217
2025-12-29 20:25:00.000,187.5,187.52,187.49,187.52,114
2025-12-29 20:30:00.000,187.5,187.5,187.5,187.5,27
2025-12-29 20:35:00.000,187.49,187.49,187.49,187.49,30
2025-12-29 20:40:00.000,187.5,187.53,187.5,187.53,96
2025-12-29 20:45:00.000,187.5,187.5,187.48,187.5,73
2025-12-29 20:50:00.000,187.49,187.49,187.48,187.49,46
2025-12-29 20:55:00.000,187.49,187.55,187.49,187.55,58
2025-12-29 21:00:00.000,187.57,187.57,187.52,187.56,113
2025-12-29 21:05:00.000,187.54,187.54,187.54,187.54,49
2025-12-29 21:20:00.000,187.53,187.53,187.5,187.53,76
2025-12-29 21:25:00.000,187.52,187.52,187.52,187.52,28
2025-12-29 21:30:00.000,187.53,187.56,187.53,187.56,24
2025-12-29 21:35:00.000,187.5,187.5,187.5,187.5,54
2025-12-29 21:40:00.000,187.53,187.53,187.53,187.53,29
2025-12-29 21:45:00.000,187.52,187.52,187.52,187.52,27
2025-12-29 21:50:00.000,187.51,187.51,187.51,187.51,26
2025-12-29 21:55:00.000,187.52,187.52,187.49,187.49,125
2025-12-29 22:10:00.000,187.55,187.55,187.55,187.55,18
2025-12-29 22:15:00.000,187.56,187.56,187.53,187.53,46
2025-12-29 22:25:00.000,187.56,187.56,187.56,187.56,27
2025-12-29 22:30:00.000,187.57,187.63,187.57,187.63,404
2025-12-29 22:35:00.000,187.62,187.65,187.62,187.65,282
2025-12-29 22:45:00.000,187.77,187.77,187.77,187.77,40
2025-12-29 22:50:00.000,187.76,187.76,187.76,187.76,46
2025-12-29 22:55:00.000,187.76,187.8,187.74,187.77,318
2025-12-29 23:00:00.000,187.77,187.79,187.77,187.79,327
2025-12-29 23:05:00.000,187.81,187.83,187.81,187.83,98
2025-12-29 23:15:00.000,187.84,187.84,187.82,187.82,39
2025-12-29 23:25:00.000,187.8,187.8,187.8,187.8,263
2025-12-29 23:30:00.000,187.82,187.82,187.82,187.82,10
2025-12-29 23:40:00.000,187.82,187.82,187.82,187.82,4
2025-12-29 23:50:00.000,187.87,187.87,187.84,187.84,52
2025-12-29 23:55:00.000,187.92,188.08,187.92,188.08,38
2025-12-30 00:00:00.000,188.04,188.04,187.85,187.85,573
2025-12-30 00:05:00.000,187.87,187.87,187.83,187.83,102
2025-12-30 00:10:00.000,187.85,187.96,187.85,187.96,742
2025-12-30 00:15:00.000,187.94,187.99,187.94,187.96,457
2025-12-30 00:25:00.000,187.95,188.03,187.94,188.03,453
2025-12-30 00:30:00.000,188.02,188.03,188.02,188.03,188
2025-12-30 00:35:00.000,188.04,188.04,187.97,188.0,336
2025-12-30 00:40:00.000,188.0,188.0,187.99,187.99,33
2025-12-30 00:45:00.000,187.93,187.99,187.92,187.98,569
2025-12-30 00:50:00.000,188.0,188.0,187.93,187.96,215
2025-12-30 01:00:00.000,187.95,187.95,187.94,187.94,106
2025-12-30 01:05:00.000,187.92,187.92,187.9,187.9,47
2025-12-30 01:10:00.000,187.9,187.9,187.9,187.9,89
2025-12-30 01:15:00.000,187.88,187.88,187.76,187.76,558
2025-12-30 01:20:00.000,187.75,187.8,187.73,187.73,71
2025-12-30 01:25:00.000,187.74,187.74,187.6,187.65,667
2025-12-30 01:30:00.000,187.65,187.65,187.6,187.61,340
2025-12-30 01:35:00.000,187.71,187.71,187.66,187.67,301
2025-12-30 01:40:00.000,187.74,187.74,187.6,187.6,535
2025-12-30 01:45:00.000,187.75,187.84,187.75,187.84,28
2025-12-30 01:50:00.000,187.8,187.82,187.7,187.7,695
2025-12-30 01:55:00.000,187.73,187.74,187.6,187.64,620
2025-12-30 02:00:00.000,187.59,187.6,187.59,187.6,54
2025-12-30 02:05:00.000,187.62,187.63,187.62,187.63,139
2025-12-30 02:10:00.000,187.59,187.59,187.58,187.58,254
2025-12-30 02:15:00.000,187.6,187.6,187.59,187.59,147
2025-12-30 02:20:00.000,187.52,187.52,187.45,187.46,249
2025-12-30 02:25:00.000,187.44,187.44,187.44,187.44,1
2025-12-30 02:30:00.000,187.38,187.41,187.27,187.28,544
2025-12-30 02:35:00.000,187.36,187.36,187.36,187.36,266
2025-12-30 02:40:00.000,187.41,187.45,187.37,187.45,50
2025-12-30 02:50:00.000,187.47,187.47,187.47,187.47,53
2025-12-30 02:55:00.000,187.49,187.49,187.49,187.49,1
2025-12-30 03:00:00.000,187.48,187.57,187.48,187.57,128
2025-12-30 03:05:00.000,187.59,187.69,187.59,187.66,1099
2025-12-30 03:10:00.000,187.68,187.79,187.68,187.77,688
2025-12-30 03:15:00.000,187.66,187.74,187.66,187.74,261
2025-12-30 03:20:00.000,187.71,187.86,187.71,187.86,673
2025-12-30 03:25:00.000,187.82,187.86,187.82,187.86,347
2025-12-30 03:30:00.000,187.9,187.9,187.9,187.9,126
2025-12-30 03:35:00.000,187.9,187.9,187.9,187.9,190
2025-12-30 03:40:00.000,187.89,187.89,187.89,187.89,20
2025-12-30 04:00:00.000,187.84,187.99,187.84,187.99,1656
2025-12-30 04:05:00.000,188.09,188.09,188.05,188.05,396
2025-12-30 04:10:00.000,188.13,188.15,188.03,188.03,1650
2025-12-30 04:15:00.000,188.03,188.08,188.03,188.08,278
2025-12-30 04:20:00.000,188.01,188.1,188.01,188.1,3558
2025-12-30 04:25:00.000,188.1,188.14,188.06,188.14,1989
2025-12-30 04:30:00.000,188.14,188.14,188.1,188.1,216
2025-12-30 04:35:00.000,188.11,188.16,188.11,188.11,1100
2025-12-30 04:40:00.000,188.11,188.11,188.0,188.0,669
2025-12-30 04:45:00.000,188.07,188.12,188.07,188.12,620
2025-12-30 04:50:00.000,187.98,187.99,187.93,187.93,1022
2025-12-30 04:55:00.000,187.98,187.98,187.96,187.96,400
2025-12-30 05:00:00.000,187.99,188.0,187.99,188.0,530
2025-12-30 05:05:00.000,188.01,188.02,187.99,188.02,499
2025-12-30 05:10:00.000,188.04,188.05,188.04,188.05,398
2025-12-30 05:15:00.000,188.05,188.05,188.01,188.01,524
2025-12-30 05:20:00.000,188.04,188.04,188.04,188.04,162
2025-12-30 05:25:00.000,188.04,188.04,187.94,187.94,342
2025-12-30 05:30:00.000,187.95,188.04,187.94,188.04,1719
2025-12-30 05:35:00.000,188.0,188.0,187.91,187.91,415
2025-12-30 05:40:00.000,188.02,188.11,188.02,188.11,3622
2025-12-30 05:45:00.000,188.13,188.13,188.09,188.09,322
2025-12-30 05:50:00.000,188.05,188.05,188.05,188.05,556
2025-12-30 05:55:00.000,188.07,188.09,188.07,188.09,501
2025-12-30 06:00:00.000,188.04,188.05,188.04,188.05,519
2025-12-30 06:05:00.000,188.02,188.02,188.02,188.02,663
2025-12-30 06:10:00.000,188.02,188.15,188.02,188.15,1507
2025-12-30 06:15:00.000,188.09,188.12,188.09,188.1,490
2025-12-30 06:25:00.000,188.06,188.06,188.01,188.01,869
2025-12-30 06:30:00.000,188.04,188.07,188.04,188.06,1736
2025-12-30 06:35:00.000,188.06,188.12,188.04,188.12,2178
2025-12-30 06:40:00.000,188.13,188.13,188.13,188.13,300
2025-12-30 06:45:00.000,188.2,188.31,188.2,188.31,2335
2025-12-30 06:50:00.000,188.33,188.39,188.33,188.36,2309
2025-12-30 06:55:00.000,188.32,188.32,188.32,188.32,137
2025-12-30 07:00:00.000,188.28,188.62,188.28,188.59,6454
2025-12-30 07:05:00.000,188.6,188.6,188.559,188.57,1989
2025-12-30 07:10:00.000,188.54,188.7,188.54,188.659,11687
2025-12-30 07:15:00.000,188.61,188.69,188.58,188.64,3403
2025-12-30 07:20:00.000,188.6,188.6,188.55,188.55,2466
2025-12-30 07:25:00.000,188.54,188.54,188.46,188.5,3300
2025-12-30 07:30:00.000,188.54,188.639,188.5,188.5,15586
2025-12-30 07:35:00.000,188.45,188.55,188.35,188.55,4183
2025-12-30 07:40:00.000,188.54,188.54,188.54,188.54,382
2025-12-30 07:45:00.000,188.54,188.571,188.5,188.56,2045
2025-12-30 07:50:00.000,188.58,188.64,188.55,188.561,1826
2025-12-30 07:55:00.000,188.56,188.56,188.521,188.55,1622
2025-12-30 08:00:00.000,188.31,188.7,187.36,188.59,266254
2025-12-30 08:05:00.000,188.58,188.58,188.47,188.55,11906
2025-12-30 08:10:00.000,188.5399,188.55,188.37,188.424,21006
2025-12-30 08:15:00.000,188.4504,188.55,188.4504,188.51,13198
2025-12-30 08:20:00.000,188.54,188.56,188.4891,188.55,17723
2025-12-30 08:25:00.000,188.5392,188.57,188.5201,188.5268,14048
2025-12-30 08:30:00.000,188.52,188.52,188.37,188.45,31167
2025-12-30 08:35:00.000,188.4601,188.48,188.33,188.41,25537
2025-12-30 08:40:00.000,188.39,188.49,188.38,188.46,23611
2025-12-30 08:45:00.000,188.48,188.49,188.37,188.4099,12882
2025-12-30 08:50:00.000,188.3516,188.37,188.279,188.31,26422
2025-12-30 08:55:00.000,188.29,188.41,188.29,188.41,11183
2025-12-30 09:00:00.000,188.4001,188.4001,188.34,188.37,3906
2025-12-30 09:05:00.000,188.36,188.56,188.31,188.31,28181
2025-12-30 09:10:00.000,188.31,188.68,188.201,188.45,33313
2025-12-30 09:15:00.000,188.47,188.5689,188.4221,188.5199,15006
2025-12-30 09:20:00.000,188.5384,188.55,188.38,188.4052,33514
2025-12-30 09:25:00.000,188.351,188.49,188.23,188.2499,31668
2025-12-30 09:30:00.000,188.23,188.99,187.81,187.8401,2563750
2025-12-30 09:35:00.000,187.86,188.1073,187.33,187.6377,1690361
2025-12-30 09:40:00.000,187.64,187.88,187.2,187.3066,1269970
2025-12-30 09:45:00.000,187.32,187.881,187.08,187.875,1517641
2025-12-30 09:50:00.000,187.875,188.0399,187.255,187.5577,1378506
2025-12-30 09:55:00.000,187.5699,187.79,187.42,187.5439,1007705
2025-12-30 10:00:00.000,187.54,187.67,187.23,187.4356,1001918
2025-12-30 10:05:00.000,187.4444,187.52,187.2,187.25,840913
2025-12-30 10:10:00.000,187.25,187.315,186.93,187.2501,1364818
2025-12-30 10:15:00.000,187.26,187.36,187.1602,187.34,904411
2025-12-30 10:20:00.000,187.3315,187.43,187.08,187.085,1016363
2025-12-30 10:25:00.000,187.08,187.18,186.99,187.1703,818732
2025-12-30 10:30:00.000,187.17,187.41,187.105,187.26,828292
2025-12-30 10:35:00.000,187.25,187.55,187.13,187.495,807682
2025-12-30 10:40:00.000,187.495,187.545,187.28,187.415,703006
2025-12-30 10:45:00.000,187.42,187.73,187.3201,187.7201,837193
2025-12-30 10:50:00.000,187.7201,187.935,187.65,187.8,1047400
2025-12-30 10:55:00.000,187.81,187.945,187.69,187.87,803280
2025-12-30 11:00:00.000,187.86,188.01,187.7601,187.99,729505
2025-12-30 11:05:00.000,187.985,188.08,187.71,187.76,993142
2025-12-30 11:10:00.000,187.765,188.1199,187.725,188.04,834574
2025-12-30 11:15:00.000,188.045,188.27,188.02,188.26,793671
2025-12-30 11:20:00.000,188.27,188.51,188.23,188.3156,1204874
2025-12-30 11:25:00.000,188.3101,188.32,188.2,188.26,566000
2025-12-30 11:30:00.000,188.25,188.41,188.21,188.35,694981
2025-12-30 11:35:00.000,188.35,188.38,187.97,188.069,855586
2025-12-30 11:40:00.000,188.065,188.07,187.94,188.0401,486483
2025-12-30 11:45:00.000,188.045,188.06,187.8701,187.885,510580
2025-12-30 11:50:00.000,187.885,188.01,187.8707,187.97,509158
2025-12-30 11:55:00.000,187.97,188.05,187.95,188.01,421526
2025-12-30 12:00:00.000,188.0,188.0064,187.8,187.8168,474710
2025-12-30 12:05:00.000,187.8175,188.03,187.81,187.9297,519592
2025-12-30 12:10:00.000,187.93,187.97,187.82,187.82,356814
2025-12-30 12:15:00.000,187.82,187.98,187.73,187.9325,552984
2025-12-30 12:20:00.000,187.9306,188.0,187.83,187.875,373151
2025-12-30 12:25:00.000,187.8761,187.93,187.82,187.9099,272892
2025-12-30 12:30:00.000,187.905,187.91,187.75,187.85,539285
2025-12-30 12:35:00.000,187.85,187.905,187.81,187.87,337806
2025-12-30 12:40:00.000,187.8756,188.03,187.8701,187.92,421907
2025-12-30 12:45:00.000,187.9102,187.93,187.7,187.8199,611067
2025-12-30 12:50:00.000,187.8146,188.07,187.785,188.04,612438
2025-12-30 12:55:00.000,188.0401,188.1399,188.03,188.06,448200
2025-12-30 13:00:00.000,188.065,188.08,187.8,187.875,503898
2025-12-30 13:05:00.000,187.8839,188.12,187.88,188.09,656206
2025-12-30 13:10:00.000,188.0956,188.25,188.025,188.18,523401
2025-12-30 13:15:00.000,188.19,188.24,188.1299,188.1444,393766
2025-12-30 13:20:00.000,188.15,188.175,188.0693,188.095,292861
2025-12-30 13:25:00.000,188.0998,188.23,188.07,188.216,364127
2025-12-30 13:30:00.000,188.21,188.2999,188.1794,188.195,526048
2025-12-30 13:35:00.000,188.2,188.22,188.0001,188.03,402379
2025-12-30 13:40:00.000,188.05,188.08,187.9401,188.0261,366680
2025-12-30 13:45:00.000,188.025,188.19,187.985,188.175,422801
2025-12-30 13:50:00.000,188.175,188.23,188.13,188.175,366603
2025-12-30 13:55:00.000,188.18,188.32,188.1,188.2698,543618
2025-12-30 14:00:00.000,188.25,188.355,188.07,188.07,550563
2025-12-30 14:05:00.000,188.07,188.07,187.95,187.995,439220
2025-12-30 14:10:00.000,187.99,188.21,187.9001,188.2056,444454
2025-12-30 14:15:00.000,188.2,188.25,188.1,188.1939,377071
2025-12-30 14:20:00.000,188.2,188.23,188.06,188.1,363107
2025-12-30 14:25:00.000,188.105,188.19,188.08,188.1542,309061
2025-12-30 14:30:00.000,188.15,188.2,187.97,188.015,433232
2025-12-30 14:35:00.000,188.015,188.035,187.94,188.005,386920
2025-12-30 14:40:00.000,188.0051,188.0151,187.87,187.89,459168
2025-12-30 14:45:00.000,187.89,187.93,187.71,187.7699,591058
2025-12-30 14:50:00.000,187.76,187.9,187.68,187.8244,694071
2025-12-30 14:55:00.000,187.82,187.98,187.81,187.91,607919
2025-12-30 15:00:00.000,187.9,187.94,187.79,187.86,441485
2025-12-30 15:05:00.000,187.8501,187.88,187.63,187.63,526508
2025-12-30 15:10:00.000,187.633,187.6768,187.41,187.55,765795
2025-12-30 15:15:00.000,187.555,187.63,187.53,187.555,512932
2025-12-30 15:20:00.000,187.5599,187.6801,187.54,187.62,515611
2025-12-30 15:25:00.000,187.62,187.68,187.5601,187.58,426663
2025-12-30 15:30:00.000,187.58,187.68,187.51,187.645,447762
2025-12-30 15:35:00.000,187.65,187.66,187.55,187.656,421540
2025-12-30 15:40:00.000,187.65,187.74,187.605,187.6544,542889
2025-12-30 15:45:00.000,187.66,187.795,187.59,187.655,690933
2025-12-30 15:50:00.000,187.76,187.925,187.61,187.68,1002291
2025-12-30 15:55:00.000,187.69,187.85,187.5,187.55,1794533
2025-12-30 16:00:00.000,187.54,187.8,187.5,187.5,11574447
2025-12-30 16:05:00.000,187.5,187.54,187.33,187.33,71505
2025-12-30 16:10:00.000,187.35,187.43,187.3,187.3299,25018
2025-12-30 16:15:00.000,187.3198,187.39,187.22,187.349,36205
2025-12-30 16:20:00.000,187.32,187.33,187.27,187.33,20372
2025-12-30 16:25:00.000,187.3048,187.39,187.3,187.3699,7449
2025-12-30 16:30:00.000,187.36,187.36,187.22,187.27,13649
2025-12-30 16:35:00.000,187.2999,187.31,187.21,187.2496,12833
2025-12-30 16:40:00.000,187.25,187.3399,187.2207,187.32,7781
2025-12-30 16:45:00.000,187.3,187.34,187.22,187.24,9754
2025-12-30 16:50:00.000,187.2248,187.29,187.2248,187.24,6920
2025-12-30 16:55:00.000,187.25,187.25,187.22,187.24,7681
2025-12-30 17:00:00.000,187.2398,187.24,187.2,187.201,8103
2025-12-30 17:05:00.000,187.22,187.22,187.2,187.2101,13393
2025-12-30 17:10:00.000,187.22,187.2391,187.16,187.17,8438
2025-12-30 17:15:00.000,187.1892,187.1936,187.14,187.14,17270
2025-12-30 17:20:00.000,187.1697,187.1697,187.1,187.1601,20329
2025-12-30 17:25:00.000,187.17,187.2499,187.17,187.22,7584
2025-12-30 17:30:00.000,187.22,187.46,187.22,187.45,34673
2025-12-30 17:35:00.000,187.45,187.45,187.3206,187.37,26798
2025-12-30 17:40:00.000,187.38,187.47,187.35,187.3501,12338
2025-12-30 17:45:00.000,187.35,187.3501,187.2729,187.2729,7822
2025-12-30 17:50:00.000,187.28,187.33,187.26,187.27,10034
2025-12-30 17:55:00.000,187.27,187.3,187.25,187.2564,4147
2025-12-30 18:00:00.000,187.33,187.3498,187.27,187.3,4267
2025-12-30 18:05:00.000,187.27,187.3,187.27,187.2999,1716
2025-12-30 18:10:00.000,187.28,187.29,187.15,187.15,11700
2025-12-30 18:15:00.000,187.242,187.242,187.17,187.22,11007
2025-12-30 18:20:00.000,187.18,187.23,187.18,187.23,3237
2025-12-30 18:25:00.000,187.21,187.34,187.21,187.28,27590
2025-12-30 18:30:00.000,187.22,187.3,187.22,187.2299,10805
2025-12-30 18:35:00.000,187.22,187.23,187.1803,187.1803,9119
2025-12-30 18:40:00.000,187.19,187.22,187.17,187.1799,10633
2025-12-30 18:45:00.000,187.24,187.24,187.1818,187.2152,3606
2025-12-30 18:50:00.000,187.2,187.22,187.2,187.22,4669
2025-12-30 18:55:00.000,187.21,187.22,187.19,187.22,6606
2025-12-30 19:00:00.000,187.22,187.26,187.21,187.21,9863
2025-12-30 19:05:00.000,187.21,187.211,187.14,187.2,11054
2025-12-30 19:10:00.000,187.1492,187.18,187.09,187.15,17898
2025-12-30 19:15:00.000,187.15,187.19,187.15,187.15,3225
2025-12-30 19:20:00.000,187.11,187.15,187.11,187.12,6645
2025-12-30 19:25:00.000,187.12,187.1204,187.12,187.12,4385
2025-12-30 19:30:00.000,187.1232,187.13,187.051,187.06,14133
2025-12-30 19:35:00.000,187.1,187.1,187.06,187.0692,8453
2025-12-30 19:40:00.000,187.05,187.07,187.05,187.05,17325
2025-12-30 19:45:00.000,187.05,187.06,187.04,187.04,9404
2025-12-30 19:50:00.000,187.05,187.1,187.03,187.07,16823
2025-12-30 19:55:00.000,187.07,187.09,187.06,187.08,15366
2025-12-30 20:00:00.000,186.98,187.64,186.98,187.21,892
2025-12-30 20:05:00.000,187.23,187.25,187.18,187.25,449
2025-12-30 20:10:00.000,187.31,187.33,187.26,187.29,662
2025-12-30 20:15:00.000,187.3,187.31,187.25,187.25,393
2025-12-30 20:20:00.000,187.25,187.26,187.25,187.26,35
2025-12-30 20:25:00.000,187.29,187.29,187.27,187.27,37
2025-12-30 20:35:00.000,187.21,187.21,187.09,187.09,93
2025-12-30 20:40:00.000,187.09,187.18,187.09,187.17,177
2025-12-30 20:45:00.000,187.19,187.19,187.13,187.13,69
2025-12-30 20:50:00.000,187.13,187.16,187.13,187.14,167
2025-12-30 20:55:00.000,187.13,187.19,187.13,187.19,399
2025-12-30 21:00:00.000,187.24,187.28,187.24,187.28,80
2025-12-30 21:05:00.000,187.37,187.37,187.2,187.2,1276
2025-12-30 21:10:00.000,187.18,187.24,187.18,187.24,53
2025-12-30 21:15:00.000,187.24,187.28,187.24,187.27,80
2025-12-30 21:20:00.000,187.29,187.33,187.29,187.33,109
2025-12-30 21:25:00.000,187.39,187.44,187.36,187.36,81
2025-12-30 21:30:00.000,187.4,187.41,187.4,187.41,43
2025-12-30 21:35:00.000,187.36,187.36,187.24,187.24,38
2025-12-30 21:45:00.000,187.25,187.25,187.23,187.23,96
2025-12-30 21:50:00.000,187.22,187.26,187.17,187.26,256
2025-12-30 21:55:00.000,187.24,187.29,187.24,187.28,107
2025-12-30 22:00:00.000,187.24,187.24,187.24,187.24,12
2025-12-30 22:15:00.000,187.2,187.2,187.2,187.2,53
2025-12-30 22:20:00.000,187.2,187.2,187.19,187.19,28
2025-12-30 22:25:00.000,187.2,187.2,187.16,187.16,54
2025-12-30 22:30:00.000,187.16,187.16,187.11,187.11,52
2025-12-30 22:35:00.000,187.12,187.12,187.11,187.12,30
2025-12-30 22:55:00.000,187.12,187.12,187.12,187.12,27
2025-12-30 23:00:00.000,187.14,187.14,187.14,187.14,82
2025-12-30 23:05:00.000,187.14,187.14,187.14,187.14,25
2025-12-30 23:10:00.000,187.12,187.18,187.12,187.18,100
2025-12-30 23:15:00.000,187.18,187.24,187.18,187.24,105
2025-12-30 23:20:00.000,187.17,187.17,187.17,187.17,46
2025-12-30 23:35:00.000,187.17,187.17,187.17,187.17,26
2025-12-31 00:05:00.000,187.12,187.12,187.12,187.12,27
2025-12-31 00:10:00.000,187.07,187.08,187.07,187.08,57
2025-12-31 00:20:00.000,187.1,187.1,187.1,187.1,29
2025-12-31 00:40:00.000,187.08,187.1,187.06,187.06,210
2025-12-31 00:45:00.000,187.05,187.05,187.05,187.05,26
2025-12-31 00:50:00.000,187.06,187.06,186.98,186.98,207
2025-12-31 00:55:00.000,186.9,186.9,186.85,186.85,146
2025-12-31 01:00:00.000,186.83,186.85,186.83,186.85,27
2025-12-31 01:05:00.000,186.85,186.86,186.85,186.86,108
2025-12-31 01:10:00.000,186.8,186.8,186.8,186.8,26
2025-12-31 01:15:00.000,186.76,186.76,186.71,186.71,54
2025-12-31 01:20:00.000,186.64,186.68,186.62,186.68,827
2025-12-31 01:30:00.000,186.65,186.68,186.65,186.68,97
2025-12-31 01:35:00.000,186.68,186.68,186.67,186.67,241
2025-12-31 01:40:00.000,186.66,186.66,186.63,186.66,46
2025-12-31 01:45:00.000,186.62,186.62,186.58,186.58,86
2025-12-31 01:50:00.000,186.57,186.57,186.54,186.54,82
2025-12-31 01:55:00.000,186.53,186.57,186.53,186.57,606
2025-12-31 02:00:00.000,186.63,186.67,186.63,186.67,92
2025-12-31 02:05:00.000,186.68,186.68,186.63,186.63,266
2025-12-31 02:10:00.000,186.6,186.62,186.55,186.58,506
2025-12-31 02:15:00.000,186.6,186.68,186.6,186.68,54
2025-12-31 02:20:00.000,186.78,186.78,186.78,186.78,3
2025-12-31 02:25:00.000,186.75,186.8,186.75,186.8,21
2025-12-31 02:30:00.000,186.91,186.97,186.91,186.97,25
2025-12-31 02:40:00.000,186.94,187.29,186.94,187.16,534
2025-12-31 02:45:00.000,187.12,187.22,187.12,187.16,126
2025-12-31 02:50:00.000,187.27,187.33,187.25,187.26,219
2025-12-31 02:55:00.000,187.3,187.37,187.28,187.37,167
2025-12-31 03:00:00.000,187.36,187.5,187.36,187.47,92
2025-12-31 03:05:00.000,187.45,187.45,187.28,187.28,192
2025-12-31 03:10:00.000,187.26,187.32,187.24,187.32,107
2025-12-31 03:15:00.000,187.35,187.36,187.32,187.36,221
2025-12-31 03:20:00.000,187.41,187.41,187.31,187.31,99
2025-12-31 03:25:00.000,187.25,187.25,187.23,187.23,101
2025-12-31 03:30:00.000,187.16,187.16,187.0,187.05,141
2025-12-31 03:35:00.000,186.96,186.96,186.81,186.87,462
2025-12-31 03:40:00.000,187.07,187.14,187.07,187.14,91
2025-12-31 03:45:00.000,187.03,187.03,187.03,187.03,19
2025-12-31 03:50:00.000,187.02,187.02,187.01,187.01,73
2025-12-31 03:55:00.000,186.97,186.97,186.97,186.97,35
2025-12-31 04:00:00.000,187.02,187.04,186.95,187.0,4448
2025-12-31 04:05:00.000,187.04,187.09,186.89,186.89,5956
2025-12-31 04:10:00.000,186.97,186.99,186.9,186.95,1017
2025-12-31 04:15:00.000,187.07,187.09,187.05,187.05,657
2025-12-31 04:20:00.000,186.98,187.01,186.9,186.9,1982
2025-12-31 04:25:00.000,186.89,186.89,186.8,186.8,1500
2025-12-31 04:30:00.000,186.8,186.81,186.75,186.75,1021
2025-12-31 04:35:00.000,186.77,186.86,186.77,186.85,700
2025-12-31 04:40:00.000,186.78,186.78,186.7,186.71,1332
2025-12-31 04:45:00.000,186.77,186.77,186.77,186.77,160
2025-12-31 04:50:00.000,186.7,186.72,186.66,186.72,1401
2025-12-31 04:55:00.000,186.79,186.79,186.7,186.7,215
2025-12-31 05:00:00.000,186.63,186.69,186.63,186.69,601
2025-12-31 05:05:00.000,186.66,186.66,186.59,186.59,1718
2025-12-31 05:10:00.000,186.7,186.8,186.7,186.8,420
2025-12-31 05:15:00.000,186.81,186.84,186.77,186.77,660
2025-12-31 05:20:00.000,186.82,186.88,186.8,186.8,1312
2025-12-31 05:25:00.000,186.83,186.86,186.82,186.86,622
2025-12-31 05:30:00.000,186.95,187.0,186.79,186.79,659
2025-12-31 05:35:00.000,186.85,186.85,186.82,186.84,1086
2025-12-31 05:40:00.000,186.85,186.85,186.85,186.85,100
2025-12-31 05:45:00.000,186.86,186.96,186.86,186.96,900
2025-12-31 05:50:00.000,187.01,187.1,187.01,187.06,479
2025-12-31 05:55:00.000,187.14,187.28,187.12,187.28,2355
2025-12-31 06:00:00.000,187.3,187.63,187.3,187.55,2803
2025-12-31 06:05:00.000,187.54,187.56,187.47,187.47,2080
2025-12-31 06:10:00.000,187.45,187.48,187.45,187.48,550
2025-12-31 06:15:00.000,187.45,187.45,187.33,187.33,701
2025-12-31 06:20:00.000,187.36,187.36,187.35,187.35,686
2025-12-31 06:25:00.000,187.43,187.66,187.43,187.66,6209
2025-12-31 06:30:00.000,187.67,187.73,187.66,187.72,1696
2025-12-31 06:35:00.000,187.72,187.89,187.72,187.78,1308
2025-12-31 06:40:00.000,187.8,187.8,187.78,187.78,495
2025-12-31 06:45:00.000,187.82,187.82,187.76,187.79,1375
2025-12-31 06:50:00.000,187.77,187.77,187.65,187.65,6113
2025-12-31 06:55:00.000,187.65,187.79,187.65,187.71,1206
2025-12-31 07:00:00.000,187.69,187.81,187.63,187.73,5360
2025-12-31 07:05:00.000,187.73,188.0,187.73,188.0,16171
2025-12-31 07:10:00.000,188.02,188.14,188.02,188.08,8461
2025-12-31 07:15:00.000,188.1,188.25,188.1,188.25,3841
2025-12-31 07:20:00.000,188.29,188.33,188.13,188.221,3835
2025-12-31 07:25:00.000,188.2,188.23,188.18,188.18,11996
2025-12-31 07:30:00.000,188.19,188.28,188.15,188.191,8771
2025-12-31 07:35:00.000,188.21,188.29,188.2,188.2,4322
2025-12-31 07:40:00.000,188.21,188.229,188.14,188.14,4771
2025-12-31 07:45:00.000,188.15,188.2,188.1,188.2,2953
2025-12-31 07:50:00.000,188.22,188.23,188.18,188.2,1908
2025-12-31 07:55:00.000,188.181,188.25,188.181,188.25,1183
2025-12-31 08:00:00.000,187.72,188.3,186.53,188.07,381059
2025-12-31 08:05:00.000,188.0795,188.31,188.05,188.23,65745
2025-12-31 08:10:00.000,188.2299,188.31,188.2299,188.2898,21575
2025-12-31 08:15:00.000,188.29,188.48,188.281,188.43,31981
2025-12-31 08:20:00.000,188.45,188.79,188.44,188.79,61516
2025-12-31 08:25:00.000,188.7803,188.89,188.74,188.76,71454
2025-12-31 08:30:00.000,188.77,189.07,188.77,188.9436,90939
2025-12-31 08:35:00.000,188.9355,189.1,188.81,189.03,57561
2025-12-31 08:40:00.000,189.02,189.15,188.98,189.14,58509
2025-12-31 08:45:00.000,189.16,189.3199,189.1352,189.31,86899
2025-12-31 08:50:00.000,189.32,189.7,189.2705,189.67,141836
2025-12-31 08:55:00.000,189.6501,189.78,189.4699,189.65,132203
2025-12-31 09:00:00.000,189.65,189.88,189.57,189.68,115674
2025-12-31 09:05:00.000,189.7004,189.72,189.57,189.65,67248
2025-12-31 09:10:00.000,189.6401,189.8199,189.6401,189.65,73249
2025-12-31 09:15:00.000,189.65,189.71,189.5584,189.6,50684
2025-12-31 09:20:00.000,189.6099,189.77,189.5201,189.65,75500
2025-12-31 09:25:00.000,189.65,189.9,189.55,189.6,81086
2025-12-31 09:30:00.000,189.55,190.56,189.13,190.19,4175501
2025-12-31 09:35:00.000,190.19,190.4399,188.8001,189.1,2532588
2025-12-31 09:40:00.000,189.105,189.1999,188.6993,188.99,1351435
2025-12-31 09:45:00.000,188.995,189.1,188.09,188.52,2261194
2025-12-31 09:50:00.000,188.527,188.675,188.1,188.5887,1378798
2025-12-31 09:55:00.000,188.59,188.78,188.3,188.6157,1259451
2025-12-31 10:00:00.000,188.61,188.85,188.46,188.71,1209463
2025-12-31 10:05:00.000,188.7114,189.08,188.7086,188.9,1303809
2025-12-31 10:10:00.000,188.92,188.99,188.429,188.755,1187283
2025-12-31 10:15:00.000,188.7699,188.86,188.34,188.49,954499
2025-12-31 10:20:00.000,188.49,188.801,188.3601,188.72,888653
2025-12-31 10:25:00.000,188.72,189.0799,188.685,189.015,1155140
2025-12-31 10:30:00.000,189.01,189.14,188.82,188.9256,1009625
2025-12-31 10:35:00.000,188.92,189.0,188.74,188.89,706351
2025-12-31 10:40:00.000,188.885,188.92,188.66,188.775,675016
2025-12-31 10:45:00.000,188.77,188.79,188.5701,188.74,580279
2025-12-31 10:50:00.000,188.72,188.73,188.56,188.565,544338
2025-12-31 10:55:00.000,188.565,188.61,188.1582,188.3,918970
2025-12-31 11:00:00.000,188.3,188.61,188.2845,188.5657,919374
2025-12-31 11:05:00.000,188.5503,188.57,188.36,188.3843,568730
2025-12-31 11:10:00.000,188.38,188.47,188.2157,188.415,855099
2025-12-31 11:15:00.000,188.4244,188.7554,188.3901,188.6665,864108
2025-12-31 11:20:00.000,188.666,188.72,188.45,188.59,618526
2025-12-31 11:25:00.000,188.59,188.85,188.58,188.846,672020
2025-12-31 11:30:00.000,188.845,188.9,188.68,188.78,659245
2025-12-31 11:35:00.000,188.78,188.99,188.77,188.92,612866
2025-12-31 11:40:00.000,188.92,188.95,188.71,188.8804,570777
2025-12-31 11:45:00.000,188.88,188.96,188.84,188.905,525358
2025-12-31 11:50:00.000,188.9016,189.0199,188.81,188.95,662936
2025-12-31 11:55:00.000,188.945,189.061,188.93,189.015,589361
2025-12-31 12:00:00.000,189.0192,189.28,188.99,189.125,861379
2025-12-31 12:05:00.000,189.125,189.19,188.77,188.817,837959
2025-12-31 12:10:00.000,188.81,188.9757,188.7801,188.93,512265
2025-12-31 12:15:00.000,188.93,188.98,188.83,188.9,495557
2025-12-31 12:20:00.000,188.9001,188.918,188.775,188.8344,373597
2025-12-31 12:25:00.000,188.83,188.965,188.7901,188.9199,387215
2025-12-31 12:30:00.000,188.916,189.01,188.83,188.895,398568
2025-12-31 12:35:00.000,188.89,189.0199,188.83,188.89,413430
2025-12-31 12:40:00.000,188.9,188.9699,188.8,188.9,470984
2025-12-31 12:45:00.000,188.8999,188.92,188.57,188.575,462022
2025-12-31 12:50:00.000,188.58,188.78,188.5,188.7399,582605
2025-12-31 12:55:00.000,188.74,188.75,188.55,188.715,493117
2025-12-31 13:00:00.000,188.72,188.84,188.675,188.83,495223
2025-12-31 13:05:00.000,188.83,188.93,188.745,188.8999,439623
2025-12-31 13:10:00.000,188.895,188.92,188.83,188.91,381756
2025-12-31 13:15:00.000,188.915,188.9182,188.74,188.795,415964
2025-12-31 13:20:00.000,188.79,188.83,188.73,188.765,323086
2025-12-31 13:25:00.000,188.77,189.02,188.749,188.97,543423
2025-12-31 13:30:00.000,188.965,188.98,188.78,188.805,422981
2025-12-31 13:35:00.000,188.805,188.85,188.69,188.8309,463025
2025-12-31 13:40:00.000,188.83,189.055,188.83,188.9884,617482
2025-12-31 13:45:00.000,188.9851,189.05,188.79,188.82,598197
2025-12-31 13:50:00.000,188.815,188.89,188.725,188.87,438860
2025-12-31 13:55:00.000,188.87,188.935,188.64,188.68,546791
2025-12-31 14:00:00.000,188.69,188.86,188.69,188.78,470985
2025-12-31 14:05:00.000,188.78,188.8,188.52,188.5557,504409
2025-12-31 14:10:00.000,188.555,188.62,188.48,188.58,460271
2025-12-31 14:15:00.000,188.57,188.5957,188.19,188.22,583405
2025-12-31 14:20:00.000,188.22,188.24,188.01,188.19,992018
2025-12-31 14:25:00.000,188.18,188.25,188.01,188.045,666891
2025-12-31 14:30:00.000,188.05,188.0999,187.36,187.42,1139591
2025-12-31 14:35:00.000,187.44,187.7891,187.41,187.58,954032
2025-12-31 14:40:00.000,187.59,187.78,187.57,187.695,600700
2025-12-31 14:45:00.000,187.6951,187.8,187.63,187.69,427844
2025-12-31 14:50:00.000,187.7,187.82,187.635,187.7367,429259
2025-12-31 14:55:00.000,187.7301,187.86,187.715,187.795,452111
2025-12-31 15:00:00.000,187.79,187.82,187.53,187.6351,558834
2025-12-31 15:05:00.000,187.63,187.79,187.46,187.5255,593613
2025-12-31 15:10:00.000,187.52,187.52,187.255,187.44,802258
2025-12-31 15:15:00.000,187.44,187.65,187.4001,187.54,625051
2025-12-31 15:20:00.000,187.52,187.53,187.215,187.33,690301
2025-12-31 15:25:00.000,187.325,187.38,187.09,187.135,539258
2025-12-31 15:30:00.000,187.14,187.41,187.08,187.335,707148
2025-12-31 15:35:00.000,187.3323,187.47,187.295,187.33,671518
2025-12-31 15:40:00.000,187.335,187.43,187.16,187.42,514818
2025-12-31 15:45:00.000,187.425,187.45,187.2,187.245,604061
2025-12-31 15:50:00.000,187.25,187.35,187.0,187.07,1157745
2025-12-31 15:55:00.000,187.03,187.1299,186.49,186.49,3536924
2025-12-31 16:00:00.000,186.5,188.1427,186.48,186.57,18742493
2025-12-31 16:05:00.000,186.5799,186.65,186.3,186.35,90835
2025-12-31 16:10:00.000,186.37,186.54,186.308,186.54,63815
2025-12-31 16:15:00.000,186.57,186.57,186.42,186.4401,33867
2025-12-31 16:20:00.000,186.44,186.5,186.27,186.28,34913
2025-12-31 16:25:00.000,186.27,186.5,186.26,186.36,23183
2025-12-31 16:30:00.000,186.3607,186.4386,186.35,186.36,19465
2025-12-31 16:35:00.000,186.35,186.39,186.35,186.39,19445
2025-12-31 16:40:00.000,186.3601,186.5,186.35,186.448,434593
2025-12-31 16:45:00.000,186.4462,186.58,186.4414,186.5502,23931
2025-12-31 16:50:00.000,186.5013,186.63,186.5013,186.62,23169
2025-12-31 16:55:00.000,186.6,186.62,186.5,186.538,21330
2025-12-31 17:00:00.000,186.5499,186.62,186.51,186.6101,9580
2025-12-31 17:05:00.000,186.6098,186.62,186.6,186.6098,13643
2025-12-31 17:10:00.000,186.6001,186.6997,186.6,186.65,19689
2025-12-31 17:15:00.000,186.66,186.6791,186.64,186.64,2794
2025-12-31 17:20:00.000,186.62,186.6399,186.6,186.6001,5531
2025-12-31 17:25:00.000,186.6282,186.65,186.6,186.64,13698
2025-12-31 17:30:00.000,186.65,186.65,186.6106,186.6417,2511
2025-12-31 17:35:00.000,186.6101,186.6403,186.61,186.64,7087
2025-12-31 17:40:00.000,186.63,186.6392,186.6,186.6,3798
2025-12-31 17:45:00.000,186.6032,186.6288,186.6,186.615,7611
2025-12-31 17:50:00.000,186.615,186.62,186.53,186.53,5620
2025-12-31 17:55:00.000,186.5427,186.6,186.5,186.58,102381
2025-12-31 18:00:00.000,186.6,186.6,186.59,186.5999,1188
2025-12-31 18:05:00.000,186.6,186.6,186.59,186.59,3273
2025-12-31 18:10:00.000,186.56,186.59,186.56,186.58,2211
2025-12-31 18:15:00.000,186.5701,186.58,186.5309,186.5309,4419
2025-12-31 18:20:00.000,186.57,186.58,186.55,186.58,9625
2025-12-31 18:25:00.000,186.6,186.61,186.55,186.57,5905
2025-12-31 18:30:00.000,186.55,186.6,186.55,186.6,4303
2025-12-31 18:35:00.000,186.58,186.61,186.58,186.6,10825
2025-12-31 18:40:00.000,186.6,186.6,186.54,186.5497,25758
2025-12-31 18:45:00.000,186.55,186.55,186.51,186.5299,5061
2025-12-31 18:50:00.000,186.51,186.5747,186.51,186.54,15197
2025-12-31 18:55:00.000,186.58,186.58,186.5274,186.54,8294
2025-12-31 19:00:00.000,186.5398,186.55,186.51,186.51,6135
2025-12-31 19:05:00.000,186.53,186.54,186.52,186.53,14622
2025-12-31 19:10:00.000,186.5216,186.5216,186.4,186.4,23904
2025-12-31 19:15:00.000,186.41,186.42,186.35,186.39,11703
2025-12-31 19:20:00.000,186.388,186.4315,186.36,186.3703,16337
2025-12-31 19:25:00.000,186.39,186.4,186.36,186.3699,8190
2025-12-31 19:30:00.000,186.37,186.43,186.3698,186.39,3018
2025-12-31 19:35:00.000,186.39,186.47,186.39,186.43,7051
2025-12-31 19:40:00.000,186.42,186.48,186.4,186.45,6511
2025-12-31 19:45:00.000,186.45,186.46,186.41,186.4396,7149
2025-12-31 19:50:00.000,186.41,186.45,186.41,186.42,5786
2025-12-31 19:55:00.000,186.4201,186.46,186.41,186.4593,28817
2026-01-01 20:00:00.000,186.44,187.53,186.44,187.53,1211
2026-01-01 20:05:00.000,187.66,187.8,187.66,187.71,370
2026-01-01 20:10:00.000,187.72,187.72,187.53,187.6,404
2026-01-01 20:15:00.000,187.51,187.51,187.51,187.51,20
2026-01-01 20:20:00.000,187.59,187.66,187.56,187.66,302
2026-01-01 20:25:00.000,187.56,187.56,187.56,187.56,26
2026-01-01 20:30:00.000,187.56,187.64,187.55,187.64,148
2026-01-01 20:35:00.000,187.64,187.65,187.63,187.63,58
2026-01-01 20:40:00.000,187.69,187.75,187.68,187.74,216
2026-01-01 20:45:00.000,187.88,187.88,187.87,187.87,55
2026-01-01 20:50:00.000,187.94,187.97,187.88,187.96,368
2026-01-01 20:55:00.000,187.95,187.95,187.9,187.9,192
2026-01-01 21:00:00.000,187.93,187.93,187.81,187.81,163
2026-01-01 21:10:00.000,187.85,187.9,187.85,187.9,84
2026-01-01 21:15:00.000,187.94,187.98,187.94,187.98,21
2026-01-01 21:20:00.000,187.97,188.15,187.97,188.15,190
2026-01-01 21:25:00.000,188.1,188.27,188.1,188.24,181
2026-01-01 21:30:00.000,188.24,188.26,188.16,188.26,171
2026-01-01 21:35:00.000,188.3,188.33,188.3,188.32,104
2026-01-01 21:40:00.000,188.34,188.39,188.34,188.39,84
2026-01-01 21:45:00.000,188.39,188.39,188.39,188.39,20
2026-01-01 21:50:00.000,188.32,188.38,188.32,188.38,238
2026-01-01 21:55:00.000,188.4,188.41,188.28,188.31,483
2026-01-01 22:00:00.000,188.27,188.32,188.27,188.31,308
2026-01-01 22:05:00.000,188.3,188.3,188.23,188.23,112
2026-01-01 22:10:00.000,188.26,188.26,188.26,188.26,19
2026-01-01 22:15:00.000,188.28,188.29,188.28,188.29,82
2026-01-01 22:20:00.000,188.32,188.32,188.32,188.32,29
2026-01-01 22:30:00.000,188.38,188.38,188.35,188.35,79
2026-01-01 22:35:00.000,188.39,188.4,188.39,188.4,27
2026-01-01 22:40:00.000,188.37,188.4,188.37,188.4,89
2026-01-01 22:45:00.000,188.38,188.38,188.38,188.38,28
2026-01-01 22:50:00.000,188.38,188.39,188.37,188.37,159
2026-01-01 22:55:00.000,188.4,188.56,188.4,188.56,61
2026-01-01 23:00:00.000,188.53,188.53,188.4,188.4,86
2026-01-01 23:05:00.000,188.37,188.39,188.35,188.37,253
2026-01-01 23:10:00.000,188.39,188.49,188.39,188.49,298
2026-01-01 23:15:00.000,188.48,188.48,188.48,188.48,53
2026-01-01 23:20:00.000,188.47,188.48,188.46,188.46,140
2026-01-01 23:25:00.000,188.48,188.48,188.46,188.46,110
2026-01-01 23:30:00.000,188.43,188.43,188.4,188.4,54
2026-01-01 23:40:00.000,188.42,188.46,188.42,188.46,61
2026-01-01 23:45:00.000,188.44,188.44,188.4,188.41,81
2026-01-01 23:50:00.000,188.44,188.46,188.41,188.41,164
2026-01-01 23:55:00.000,188.4,188.4,188.3,188.32,1491
2026-01-02 00:00:00.000,188.31,188.31,188.18,188.21,1427
2026-01-02 00:05:00.000,188.25,188.25,188.21,188.21,318
2026-01-02 00:10:00.000,188.27,188.29,188.27,188.29,51
2026-01-02 00:15:00.000,188.28,188.4,188.28,188.4,80
2026-01-02 00:20:00.000,188.42,188.44,188.42,188.44,45
2026-01-02 00:25:00.000,188.42,188.42,188.3,188.3,150
2026-01-02 00:45:00.000,188.37,188.41,188.37,188.41,55
2026-01-02 00:50:00.000,188.41,188.41,188.41,188.41,33
2026-01-02 00:55:00.000,188.41,188.44,188.41,188.44,77
2026-01-02 01:00:00.000,188.45,188.45,188.41,188.41,76
2026-01-02 01:05:00.000,188.47,188.54,188.47,188.54,90
2026-01-02 01:10:00.000,188.61,188.64,188.61,188.64,54
2026-01-02 01:15:00.000,188.61,188.61,188.55,188.58,83
2026-01-02 01:20:00.000,188.57,188.57,188.51,188.51,31
2026-01-02 01:25:00.000,188.5,188.5,188.5,188.5,32
2026-01-02 01:40:00.000,188.47,188.57,188.47,188.57,72
2026-01-02 01:45:00.000,188.5,188.5,188.5,188.5,99
2026-01-02 01:50:00.000,188.5,188.5,188.5,188.5,27
2026-01-02 01:55:00.000,188.5,188.5,188.5,188.5,250
2026-01-02 02:00:00.000,188.51,188.53,188.45,188.45,162
2026-01-02 02:05:00.000,188.45,188.45,188.4,188.42,201
2026-01-02 02:10:00.000,188.47,188.5,188.44,188.44,223
2026-01-02 02:15:00.000,188.45,188.45,188.44,188.44,326
2026-01-02 02:20:00.000,188.47,188.47,188.47,188.47,20
2026-01-02 02:25:00.000,188.47,188.47,188.46,188.46,58
2026-01-02 02:30:00.000,188.49,188.49,188.48,188.48,172
2026-01-02 02:35:00.000,188.5,188.5,188.5,188.5,30
2026-01-02 02:40:00.000,188.49,188.49,188.46,188.46,479
2026-01-02 02:45:00.000,188.47,188.47,188.47,188.47,48
2026-01-02 02:50:00.000,188.47,188.47,188.47,188.47,385
2026-01-02 02:55:00.000,188.52,188.52,188.5,188.52,459
2026-01-02 03:00:00.000,188.52,188.68,188.48,188.68,1169
2026-01-02 03:05:00.000,188.67,188.77,188.64,188.77,246
2026-01-02 03:10:00.000,188.72,188.93,188.72,188.93,806
2026-01-02 03:15:00.000,189.08,189.27,189.01,189.23,534
2026-01-02 03:20:00.000,189.31,189.46,189.31,189.33,361
2026-01-02 03:25:00.000,189.26,189.39,189.26,189.34,94
2026-01-02 03:30:00.000,189.43,189.43,189.35,189.39,75
2026-01-02 03:35:00.000,189.49,189.5,189.47,189.47,901
2026-01-02 03:40:00.000,189.44,189.44,189.37,189.37,80
2026-01-02 03:45:00.000,189.27,189.47,189.26,189.47,417
2026-01-02 03:50:00.000,189.47,189.48,189.47,189.48,222
2026-01-02 03:55:00.000,189.45,189.45,189.41,189.41,94
2026-01-02 04:00:00.000,188.66,190.05,188.61,190.05,17278
2026-01-02 04:05:00.000,190.1,190.14,189.78,189.95,6304
2026-01-02 04:10:00.000,189.96,190.2,189.96,190.13,5728
2026-01-02 04:15:00.000,190.1,190.1,190.0,190.05,4808
2026-01-02 04:20:00.000,190.1,190.1,190.01,190.01,2446
2026-01-02 04:25:00.000,190.03,190.16,190.0,190.16,3227
2026-01-02 04:30:00.000,190.04,190.08,190.04,190.08,456
2026-01-02 04:35:00.000,190.07,190.1,190.05,190.1,3281
2026-01-02 04:40:00.000,190.16,190.23,190.16,190.23,2264
2026-01-02 04:45:00.000,190.27,190.27,190.1,190.1,1648
2026-01-02 04:50:00.000,190.06,190.14,190.06,190.11,2094
2026-01-02 04:55:00.000,190.12,190.21,190.12,190.18,1278
2026-01-02 05:00:00.000,190.16,190.16,190.11,190.14,743
2026-01-02 05:05:00.000,190.14,190.17,190.14,190.16,1538
2026-01-02 05:10:00.000,190.14,190.14,190.05,190.05,3595
2026-01-02 05:15:00.000,190.05,190.05,190.01,190.01,3088
2026-01-02 05:20:00.000,190.05,190.06,190.05,190.06,411
2026-01-02 05:25:00.000,190.03,190.03,190.01,190.01,727
2026-01-02 05:30:00.000,190.01,190.01,189.78,189.8,45714
2026-01-02 05:35:00.000,189.77,189.93,189.77,189.9,1942
2026-01-02 05:40:00.000,189.91,189.91,189.9,189.9,389
2026-01-02 05:45:00.000,189.81,189.94,189.8,189.91,5042
2026-01-02 05:50:00.000,189.9,189.9,189.85,189.87,1442
2026-01-02 05:55:00.000,189.88,189.88,189.81,189.88,1055
2026-01-02 06:00:00.000,189.87,189.9,189.83,189.83,1042
2026-01-02 06:05:00.000,189.86,189.86,189.85,189.85,447
2026-01-02 06:10:00.000,189.87,189.87,189.87,189.87,200
2026-01-02 06:15:00.000,189.89,189.9,189.83,189.83,989
2026-01-02 06:20:00.000,189.85,189.86,189.85,189.86,400
2026-01-02 06:25:00.000,189.81,189.86,189.8,189.86,1950
2026-01-02 06:30:00.000,189.87,189.87,189.86,189.86,362
2026-01-02 06:35:00.000,189.89,189.91,189.88,189.89,1207
2026-01-02 06:40:00.000,189.94,190.04,189.94,189.97,2003
2026-01-02 06:45:00.000,189.93,189.93,189.83,189.83,886
2026-01-02 06:50:00.000,189.84,189.85,189.82,189.84,1433
2026-01-02 06:55:00.000,189.84,189.87,189.84,189.86,1461
2026-01-02 07:00:00.000,189.81,189.85,189.44,189.5,58737
2026-01-02 07:05:00.000,189.52,189.62,189.49,189.5,25886
2026-01-02 07:10:00.000,189.45,189.45,189.31,189.32,9532
2026-01-02 07:15:00.000,189.36,189.56,189.36,189.5,8813
2026-01-02 07:20:00.000,189.49,189.52,189.32,189.32,5249
2026-01-02 07:25:00.000,189.39,189.41,189.38,189.4,3835
2026-01-02 07:30:00.000,189.41,189.5,189.4,189.4,12081
2026-01-02 07:35:00.000,189.38,189.38,189.19,189.25,11672
2026-01-02 07:40:00.000,189.26,189.41,189.25,189.41,9710
2026-01-02 07:45:00.000,189.35,189.35,189.241,189.241,4162
2026-01-02 07:50:00.000,189.27,189.27,189.15,189.19,5027
2026-01-02 07:55:00.000,189.22,189.22,189.13,189.13,2099
2026-01-02 08:00:00.000,189.62,190.27,188.18,189.1799,495265
2026-01-02 08:05:00.000,189.18,189.25,186.5,189.16,43763
2026-01-02 08:10:00.000,189.16,189.24,189.11,189.16,24976
2026-01-02 08:15:00.000,189.13,189.24,189.05,189.21,29673
2026-01-02 08:20:00.000,189.22,189.3,189.1232,189.1232,22633
2026-01-02 08:25:00.000,189.17,189.17,189.05,189.14,21848
2026-01-02 08:30:00.000,189.15,189.2099,189.1151,189.19,12503
2026-01-02 08:35:00.000,189.21,189.31,189.2,189.2499,18252
2026-01-02 08:40:00.000,189.251,189.27,189.2209,189.2499,14575
2026-01-02 08:45:00.000,189.23,189.27,189.2,189.2,31163
2026-01-02 08:50:00.000,189.19,189.21,189.11,189.12,13770
2026-01-02 08:55:00.000,189.1268,189.2591,189.08,189.1,32536
2026-01-02 09:00:00.000,189.08,189.23,189.08,189.2197,19332
2026-01-02 09:05:00.000,189.22,189.2268,189.07,189.12,28066
2026-01-02 09:10:00.000,189.12,189.17,188.89,188.99,41575
2026-01-02 09:15:00.000,188.97,189.0,188.81,188.96,40776
2026-01-02 09:20:00.000,188.95,188.95,188.75,188.8,29228
2026-01-02 09:25:00.000,188.84,189.94,188.84,189.89,120413
2026-01-02 09:30:00.000,189.81,191.22,189.59,191.12,5182723
2026-01-02 09:35:00.000,191.13,191.86,190.89,190.9984,2748134
2026-01-02 09:40:00.000,190.97,191.911,189.83,191.8,2485069
2026-01-02 09:45:00.000,191.7999,192.64,191.63,192.36,2492909
2026-01-02 09:50:00.000,192.37,192.9299,192.12,192.31,1951775
2026-01-02 09:55:00.000,192.31,192.4,191.73,191.73,1550063
2026-01-02 10:00:00.000,191.735,192.24,191.735,191.825,1518330
2026-01-02 10:05:00.000,191.82,191.98,191.5,191.67,1238418
2026-01-02 10:10:00.000,191.67,191.75,190.81,191.065,1691764
2026-01-02 10:15:00.000,191.045,191.42,190.7,191.025,1373733
2026-01-02 10:20:00.000,191.02,191.045,189.85,190.0,1810208
2026-01-02 10:25:00.000,190.03,190.64,189.7301,190.589,1604789
2026-01-02 10:30:00.000,190.57,190.92,190.34,190.8201,1401156
2026-01-02 10:35:00.000,190.805,191.39,190.795,191.37,1324131
2026-01-02 10:40:00.000,191.375,191.735,191.28,191.59,1295132
2026-01-02 10:45:00.000,191.59,191.66,190.93,190.95,1195818
2026-01-02 10:50:00.000,190.96,191.0,189.95,190.187,1323681
2026-01-02 10:55:00.000,190.1856,190.2101,188.8201,188.97,1641072
2026-01-02 11:00:00.000,188.98,189.2,188.57,189.0935,1611004
2026-01-02 11:05:00.000,189.09,189.136,188.64,189.05,1155429
2026-01-02 11:10:00.000,189.03,189.3,188.29,189.26,1547333
2026-01-02 11:15:00.000,189.2532,189.511,188.945,189.1,1216790
2026-01-02 11:20:00.000,189.13,189.54,188.8401,189.44,928423
2026-01-02 11:25:00.000,189.45,189.8,189.24,189.5994,933337
2026-01-02 11:30:00.000,189.6,190.0,189.43,189.9399,1019920
2026-01-02 11:35:00.000,189.9326,190.065,189.63,189.77,932245
2026-01-02 11:40:00.000,189.7799,190.01,189.57,189.64,776320
2026-01-02 11:45:00.000,189.63,189.9268,189.4001,189.53,707768
2026-01-02 11:50:00.000,189.5197,189.63,189.08,189.2168,761796
2026-01-02 11:55:00.000,189.2163,189.35,189.11,189.34,563188
2026-01-02 12:00:00.000,189.34,189.44,189.08,189.15,620418
2026-01-02 12:05:00.000,189.17,189.53,189.17,189.325,508750
2026-01-02 12:10:00.000,189.31,189.72,189.2601,189.63,654666
2026-01-02 12:15:00.000,189.6201,189.65,189.44,189.46,449376
2026-01-02 12:20:00.000,189.4699,189.5,189.18,189.315,573756
2026-01-02 12:25:00.000,189.29,189.49,189.23,189.48,503021
2026-01-02 12:30:00.000,189.5,189.85,189.465,189.645,920669
2026-01-02 12:35:00.000,189.645,189.74,189.54,189.72,489172
2026-01-02 12:40:00.000,189.72,189.91,189.55,189.8401,601571
2026-01-02 12:45:00.000,189.83,189.94,189.4001,189.5699,676824
2026-01-02 12:50:00.000,189.565,189.76,189.36,189.6601,614093
2026-01-02 12:55:00.000,189.66,189.76,189.375,189.4586,491727
2026-01-02 13:00:00.000,189.45,189.68,189.4109,189.57,529864
2026-01-02 13:05:00.000,189.56,189.64,189.31,189.425,442163
2026-01-02 13:10:00.000,189.4303,189.59,189.25,189.2618,459486
2026-01-02 13:15:00.000,189.26,189.63,189.16,189.56,617253
2026-01-02 13:20:00.000,189.55,189.77,189.41,189.4299,598754
2026-01-02 13:25:00.000,189.425,189.5,189.2601,189.3617,526229
2026-01-02 13:30:00.000,189.37,189.41,189.22,189.37,472736
2026-01-02 13:35:00.000,189.37,189.58,189.28,189.4039,463946
2026-01-02 13:40:00.000,189.39,189.47,189.29,189.46,458381
2026-01-02 13:45:00.000,189.47,189.7,189.11,189.13,864751
2026-01-02 13:50:00.000,189.13,189.135,188.6,188.7775,906312
2026-01-02 13:55:00.000,188.78,188.785,188.26,188.5835,862900
2026-01-02 14:00:00.000,188.6,189.02,188.52,188.995,1025364
2026-01-02 14:05:00.000,189.0,189.2799,188.92,189.11,790148
2026-01-02 14:10:00.000,189.1,189.28,188.99,189.1,675271
2026-01-02 14:15:00.000,189.11,189.23,188.76,188.91,688639
2026-01-02 14:20:00.000,188.91,189.635,188.82,189.275,750112
2026-01-02 14:25:00.000,189.27,189.36,189.0601,189.2057,630314
2026-01-02 14:30:00.000,189.205,189.5456,189.195,189.5103,683412
2026-01-02 14:35:00.000,189.52,189.62,189.3499,189.4001,562386
2026-01-02 14:40:00.000,189.41,189.57,189.26,189.305,609737
2026-01-02 14:45:00.000,189.31,189.39,189.07,189.15,644530
2026-01-02 14:50:00.000,189.16,189.16,188.8,188.925,779657
2026-01-02 14:55:00.000,188.93,188.9757,188.6101,188.676,759245
2026-01-02 15:00:00.000,188.675,188.89,188.55,188.58,621557
2026-01-02 15:05:00.000,188.585,188.74,188.55,188.72,545529
2026-01-02 15:10:00.000,188.73,188.9999,188.72,188.8432,684662
2026-01-02 15:15:00.000,188.8344,189.1843,188.7724,189.1843,643605
2026-01-02 15:20:00.000,189.1801,189.25,188.995,189.04,689551
2026-01-02 15:25:00.000,189.0421,189.1,188.85,188.955,661397
2026-01-02 15:30:00.000,188.95,189.04,188.74,188.78,780830
2026-01-02 15:35:00.000,188.77,189.01,188.74,188.83,602208
2026-01-02 15:40:00.000,188.84,188.855,188.6801,188.72,522843
2026-01-02 15:45:00.000,188.72,188.82,188.54,188.7368,739285
2026-01-02 15:50:00.000,188.73,188.8999,188.48,188.65,1226198
2026-01-02 15:55:00.000,188.65,188.88,188.5,188.8099,2410381
2026-01-02 16:00:00.000,188.8,188.94,188.5,188.5048,13817073
2026-01-02 16:05:00.000,188.509,189.0016,188.4551,189.0,97747
2026-01-02 16:10:00.000,188.86,188.99,188.85,188.8838,16698
2026-01-02 16:15:00.000,188.88,188.92,188.8499,188.85,32093
2026-01-02 16:20:00.000,188.85,188.86,188.64,188.72,11569
2026-01-02 16:25:00.000,188.72,188.77,188.6801,188.7101,8627
2026-01-02 16:30:00.000,188.72,188.79,188.71,188.77,14539
2026-01-02 16:35:00.000,188.77,188.79,188.76,188.76,10442
2026-01-02 16:40:00.000,188.76,188.81,188.74,188.81,12981
2026-01-02 16:45:00.000,188.8036,188.8036,188.6768,188.6768,11991
2026-01-02 16:50:00.000,188.67,188.67,188.5501,188.63,33805
2026-01-02 16:55:00.000,188.69,188.7,188.631,188.67,16952
2026-01-02 17:00:00.000,188.6668,188.85,188.6,188.85,1244890
2026-01-02 17:05:00.000,188.6599,188.7394,188.63,188.7394,7684
2026-01-02 17:10:00.000,188.739,188.82,188.739,188.7699,10912
2026-01-02 17:15:00.000,188.75,188.7794,188.71,188.71,4577
2026-01-02 17:20:00.000,188.7109,188.76,188.7109,188.75,4319
2026-01-02 17:25:00.000,188.75,188.7536,188.71,188.71,17665
2026-01-02 17:30:00.000,188.71,188.72,188.7,188.7097,10137
2026-01-02 17:35:00.000,188.7,188.7668,188.7,188.7668,9376
2026-01-02 17:40:00.000,188.77,188.78,188.76,188.77,14378
2026-01-02 17:45:00.000,188.77,188.8,188.76,188.7701,3376
2026-01-02 17:50:00.000,188.8,188.8,188.7801,188.79,2687
2026-01-02 17:55:00.000,188.8,188.8,188.7899,188.8,3976
2026-01-02 18:00:00.000,188.78,188.84,188.75,188.8104,13466
2026-01-02 18:05:00.000,188.81,188.84,188.8,188.84,7872
2026-01-02 18:10:00.000,188.85,188.85,188.8,188.81,10778
2026-01-02 18:15:00.000,188.8,188.9,188.8,188.86,18695
2026-01-02 18:20:00.000,188.8221,188.85,188.7782,188.84,7224
2026-01-02 18:25:00.000,188.78,188.8,188.76,188.77,13014
2026-01-02 18:30:00.000,188.7999,188.85,188.78,188.8401,6856
2026-01-02 18:35:00.000,188.88,188.95,188.86,188.9208,17053
2026-01-02 18:40:00.000,188.9248,188.95,188.9,188.9,3630
2026-01-02 18:45:00.000,188.92,188.92,188.88,188.9001,8947
2026-01-02 18:50:00.000,188.91,188.92,188.86,188.87,8967
2026-01-02 18:55:00.000,188.8628,188.92,188.8605,188.92,4183
2026-01-02 19:00:00.000,188.94,188.95,188.93,188.93,6324
2026-01-02 19:05:00.000,188.94,188.94,188.92,188.92,1550
2026-01-02 19:10:00.000,188.9,188.909,188.89,188.8901,4112
2026-01-02 19:15:00.000,188.91,188.94,188.89,188.94,5903
2026-01-02 19:20:00.000,188.9199,188.92,188.8948,188.9199,5363
2026-01-02 19:25:00.000,188.9198,188.93,188.89,188.91,4623
2026-01-02 19:30:00.000,188.92,188.92,188.8801,188.8801,8152
2026-01-02 19:35:00.000,188.87,188.88,188.8501,188.88,9214
2026-01-02 19:40:00.000,188.8709,188.8709,188.85,188.86,3176
2026-01-02 19:45:00.000,188.87,188.92,188.8601,188.8883,12667
2026-01-02 19:50:00.000,188.9,188.92,188.89,188.9099,20417
2026-01-02 19:55:00.000,188.9,188.9698,188.88,188.9698,18052
2026-01-04 20:00:00.000,188.95,190.01,188.95,189.52,974
2026-01-04 20:05:00.000,189.77,189.78,189.56,189.58,661
2026-01-04 20:10:00.000,189.56,189.64,189.51,189.51,629
2026-01-04 20:15:00.000,189.6,189.6,189.5,189.55,1037
2026-01-04 20:20:00.000,189.6,189.81,189.6,189.78,701
2026-01-04 20:25:00.000,189.79,189.8,189.79,189.8,69
2026-01-04 20:30:00.000,189.84,189.84,189.69,189.69,143
2026-01-04 20:35:00.000,189.68,189.79,189.67,189.79,18
2026-01-04 20:40:00.000,189.79,189.79,189.79,189.79,5
2026-01-04 20:45:00.000,189.8,189.81,189.79,189.81,59
2026-01-04 20:50:00.000,189.77,189.77,189.66,189.74,182
2026-01-04 20:55:00.000,189.73,189.8,189.67,189.67,151
2026-01-04 21:00:00.000,189.68,189.79,189.68,189.79,129
2026-01-04 21:05:00.000,189.76,189.79,189.76,189.79,32
2026-01-04 21:10:00.000,189.8,189.8,189.76,189.76,90
2026-01-04 21:15:00.000,189.73,189.74,189.73,189.74,43
2026-01-04 21:20:00.000,189.72,189.74,189.72,189.74,46
2026-01-04 21:25:00.000,189.75,189.76,189.74,189.75,86
2026-01-04 21:30:00.000,189.76,189.78,189.76,189.77,66
2026-01-04 21:35:00.000,189.81,189.81,189.79,189.8,77
2026-01-04 21:40:00.000,189.75,189.78,189.75,189.78,57
2026-01-04 21:45:00.000,189.82,189.96,189.82,189.96,84
2026-01-04 21:50:00.000,190.0,190.07,189.96,190.0,242
2026-01-04 21:55:00.000,190.06,190.16,190.01,190.03,905
2026-01-04 22:00:00.000,190.02,190.03,189.98,189.98,103
2026-01-04 22:05:00.000,189.99,190.23,189.99,190.23,68
2026-01-04 22:10:00.000,190.16,190.16,190.09,190.09,37
2026-01-04 22:15:00.000,190.09,190.17,190.09,190.15,245
2026-01-04 22:20:00.000,190.13,190.13,190.13,190.13,25
2026-01-04 22:25:00.000,190.06,190.07,190.04,190.07,92
2026-01-04 22:30:00.000,190.07,190.09,190.07,190.09,26
2026-01-04 22:35:00.000,190.09,190.15,190.08,190.08,173
2026-01-04 22:40:00.000,190.07,190.11,190.06,190.11,416
2026-01-04 22:45:00.000,190.08,190.08,190.02,190.03,373
2026-01-04 22:50:00.000,190.07,190.1,190.06,190.06,331
2026-01-04 22:55:00.000,190.05,190.06,190.05,190.05,341
2026-01-04 23:00:00.000,190.05,190.08,190.05,190.05,168
2026-01-04 23:05:00.000,190.04,190.06,190.04,190.06,45
2026-01-04 23:10:00.000,190.01,190.01,189.96,189.98,332
2026-01-04 23:15:00.000,189.99,189.99,189.91,189.91,811
2026-01-04 23:20:00.000,189.9,189.9,189.77,189.77,723
2026-01-04 23:25:00.000,189.77,189.77,189.73,189.73,140
2026-01-04 23:30:00.000,189.72,189.73,189.72,189.73,4
2026-01-04 23:35:00.000,189.73,189.82,189.73,189.77,625
2026-01-04 23:40:00.000,189.77,189.77,189.74,189.76,608
2026-01-04 23:45:00.000,189.78,189.82,189.78,189.78,662
2026-01-04 23:50:00.000,189.77,189.79,189.74,189.76,774
2026-01-04 23:55:00.000,189.76,189.83,189.76,189.83,431
2026-01-05 00:00:00.000,189.79,189.82,189.77,189.82,441
2026-01-05 00:05:00.000,189.81,189.81,189.78,189.78,125
2026-01-05 00:10:00.000,189.81,189.81,189.79,189.79,50
2026-01-05 00:15:00.000,189.77,189.77,189.76,189.76,199
2026-01-05 00:20:00.000,189.8,189.82,189.8,189.82,82
2026-01-05 00:25:00.000,189.85,189.85,189.82,189.82,49
2026-01-05 00:30:00.000,189.84,189.84,189.82,189.82,51
2026-01-05 00:35:00.000,189.8,189.81,189.79,189.8,674
2026-01-05 00:40:00.000,189.79,189.88,189.79,189.86,382
2026-01-05 00:45:00.000,189.85,189.96,189.83,189.93,1409
2026-01-05 00:50:00.000,189.92,189.92,189.92,189.92,4
2026-01-05 00:55:00.000,190.0,190.07,190.0,190.07,94
2026-01-05 01:00:00.000,190.07,190.1,190.07,190.1,258
2026-01-05 01:05:00.000,190.11,190.11,190.03,190.03,279
2026-01-05 01:10:00.000,190.01,190.01,189.98,189.98,35
2026-01-05 01:15:00.000,189.98,189.99,189.98,189.99,111
2026-01-05 01:20:00.000,189.96,189.96,189.96,189.96,97
2026-01-05 01:25:00.000,189.88,189.88,189.82,189.85,633
2026-01-05 01:30:00.000,189.86,189.88,189.81,189.81,370
2026-01-05 01:35:00.000,189.79,189.85,189.79,189.82,86
2026-01-05 01:40:00.000,189.76,189.79,189.76,189.79,106
2026-01-05 01:45:00.000,189.82,189.82,189.82,189.82,51
2026-01-05 01:50:00.000,189.86,189.89,189.86,189.88,78
2026-01-05 01:55:00.000,189.83,189.9,189.83,189.9,177
2026-01-05 02:00:00.000,189.92,190.02,189.86,190.02,896
2026-01-05 02:05:00.000,189.99,189.99,189.89,189.89,1217
2026-01-05 02:15:00.000,189.82,189.82,189.78,189.79,89
2026-01-05 02:20:00.000,189.7,189.71,189.7,189.7,210
2026-01-05 02:30:00.000,189.75,189.75,189.68,189.68,340
2026-01-05 02:35:00.000,189.65,189.65,189.65,189.65,2
2026-01-05 02:40:00.000,189.7,189.7,189.56,189.59,2028
2026-01-05 02:45:00.000,189.52,189.54,189.52,189.54,468
2026-01-05 02:50:00.000,189.55,189.55,189.49,189.49,39
2026-01-05 02:55:00.000,189.67,189.69,189.59,189.65,96
2026-01-05 03:00:00.000,189.72,189.87,189.7,189.87,329
2026-01-05 03:10:00.000,189.81,189.95,189.81,189.95,268
2026-01-05 03:15:00.000,189.98,189.98,189.93,189.94,150
2026-01-05 03:20:00.000,190.01,190.01,189.98,189.98,3040
2026-01-05 03:25:00.000,189.93,190.01,189.91,190.0,78
2026-01-05 03:30:00.000,189.96,189.97,189.95,189.96,363
2026-01-05 03:35:00.000,189.97,190.03,189.97,190.03,352
2026-01-05 03:40:00.000,189.88,189.97,189.88,189.94,392
2026-01-05 03:45:00.000,189.93,189.93,189.92,189.92,110
2026-01-05 03:50:00.000,189.96,190.0,189.92,189.92,777
2026-01-05 04:00:00.000,189.59,189.99,189.59,189.94,5731
2026-01-05 04:05:00.000,189.94,190.1,189.94,190.1,4608
2026-01-05 04:10:00.000,190.12,190.27,190.08,190.27,5188
2026-01-05 04:15:00.000,190.21,190.25,190.1,190.22,3696
2026-01-05 04:20:00.000,190.22,190.41,190.22,190.36,3319
2026-01-05 04:25:00.000,190.23,190.34,190.09,190.2,5531
2026-01-05 04:30:00.000,190.16,190.23,190.1,190.17,1054
2026-01-05 04:35:00.000,190.2,190.25,190.18,190.18,2934
2026-01-05 04:40:00.000,190.24,190.27,190.17,190.17,1105
2026-01-05 04:45:00.000,190.15,190.19,190.0,190.02,5162
2026-01-05 04:50:00.000,190.12,190.17,190.12,190.14,2697
2026-01-05 04:55:00.000,190.05,190.06,190.02,190.02,1400
2026-01-05 05:00:00.000,190.09,190.16,190.09,190.14,1773
2026-01-05 05:05:00.000,190.16,190.17,190.09,190.1,7892
2026-01-05 05:10:00.000,190.13,190.48,190.1,190.48,34205
2026-01-05 05:15:00.000,190.35,190.48,190.35,190.48,2845
2026-01-05 05:20:00.000,190.48,190.48,190.44,190.44,1044
2026-01-05 05:25:00.000,190.39,190.42,190.33,190.38,1723
2026-01-05 05:30:00.000,190.29,190.29,190.25,190.26,2031
2026-01-05 05:35:00.000,190.34,190.34,190.26,190.26,259
2026-01-05 05:40:00.000,190.28,190.34,190.28,190.29,2676
2026-01-05 05:45:00.000,190.41,190.9,190.41,190.75,8594
2026-01-05 05:50:00.000,190.85,191.13,190.78,191.13,10913
2026-01-05 05:55:00.000,191.08,191.12,191.01,191.11,4181
2026-01-05 06:00:00.000,191.08,191.1,191.02,191.05,695
2026-01-05 06:05:00.000,191.01,191.06,190.89,190.89,3382
2026-01-05 06:10:00.000,190.92,191.0,190.92,190.99,2440
2026-01-05 06:15:00.000,190.96,191.05,190.91,191.05,805
2026-01-05 06:20:00.000,191.08,191.08,191.03,191.05,1955
2026-01-05 06:25:00.000,191.05,191.17,191.05,191.12,4681
2026-01-05 06:30:00.000,191.11,191.13,191.11,191.13,249
2026-01-05 06:35:00.000,191.14,191.22,191.13,191.22,1686
2026-01-05 06:40:00.000,191.17,191.18,191.03,191.03,5990
2026-01-05 06:45:00.000,191.15,191.17,191.12,191.13,1443
2026-01-05 06:50:00.000,191.16,191.18,191.16,191.18,575
2026-01-05 06:55:00.000,191.1,191.12,191.06,191.07,6171
2026-01-05 07:00:00.000,191.0,191.53,190.91,191.35,63430
2026-01-05 07:05:00.000,191.35,191.74,191.3,191.69,19262
2026-01-05 07:10:00.000,191.7,191.74,191.66,191.67,4281
2026-01-05 07:15:00.000,191.65,191.73,191.6,191.62,7253
2026-01-05 07:20:00.000,191.68,191.83,191.65,191.65,61513
2026-01-05 07:25:00.000,191.7,191.78,191.48,191.48,11757
2026-01-05 07:30:00.000,191.48,191.63,191.48,191.63,4096
2026-01-05 07:35:00.000,191.6,191.61,191.49,191.56,3147
2026-01-05 07:40:00.000,191.58,191.6,191.44,191.44,6281
2026-01-05 07:45:00.000,191.44,191.57,191.28,191.55,9820
2026-01-05 07:50:00.000,191.58,191.72,191.55,191.68,13750
2026-01-05 07:55:00.000,191.75,191.8,191.61,191.61,11936
2026-01-05 08:00:00.000,191.0,191.8375,189.52,191.8,536102
2026-01-05 08:05:00.000,191.81,191.83,188.378,191.52,41055
2026-01-05 08:10:00.000,191.5252,191.78,191.5,191.68,42367
2026-01-05 08:15:00.000,191.6616,191.73,191.54,191.6741,31732
2026-01-05 08:20:00.000,191.62,191.65,191.24,191.32,31048
2026-01-05 08:25:00.000,191.3105,191.466,191.26,191.42,34206
2026-01-05 08:30:00.000,191.42,191.66,191.42,191.65,33624
2026-01-05 08:35:00.000,191.6401,191.73,191.61,191.6901,21957
2026-01-05 08:40:00.000,191.7058,191.71,191.5,191.5301,24042
2026-01-05 08:45:00.000,191.53,191.68,191.5,191.63,25842
2026-01-05 08:50:00.000,191.6206,191.75,191.6,191.75,39521
2026-01-05 08:55:00.000,191.75,191.99,191.74,191.78,97245
2026-01-05 09:00:00.000,191.78,192.239,191.78,192.239,101581
2026-01-05 09:05:00.000,192.22,192.25,191.8509,191.9,72818
2026-01-05 09:10:00.000,191.8899,192.24,191.8899,192.07,84066
2026-01-05 09:15:00.000,192.08,192.151,191.98,192.109,50487
2026-01-05 09:20:00.000,192.1,192.11,192.0,192.05,39072
2026-01-05 09:25:00.000,192.03,192.05,191.25,191.82,118400
2026-01-05 09:30:00.000,191.77,193.63,191.68,192.975,6257449
2026-01-05 09:35:00.000,192.96,192.989,190.9686,191.097,2611503
2026-01-05 09:40:00.000,191.12,191.351,189.75,190.23,2863560
2026-01-05 09:45:00.000,190.2201,190.665,189.39,189.7642,2633832
2026-01-05 09:50:00.000,189.76,190.605,189.75,190.56,1849288
2026-01-05 09:55:00.000,190.55,190.655,189.83,190.12,1473978
2026-01-05 10:00:00.000,190.12,190.46,189.72,190.1599,1379017
2026-01-05 10:05:00.000,190.16,190.3698,189.8,190.0802,1044597
2026-01-05 10:10:00.000,190.07,190.12,189.73,189.83,1086383
2026-01-05 10:15:00.000,189.85,190.38,189.715,190.29,1217205
2026-01-05 10:20:00.000,190.29,190.4299,189.7001,189.92,1119570
2026-01-05 10:25:00.000,189.91,190.14,189.55,190.075,1297066
2026-01-05 10:30:00.000,190.07,190.235,189.8873,190.045,1243491
2026-01-05 10:35:00.000,190.04,190.05,189.52,189.71,1281935
2026-01-05 10:40:00.000,189.7001,189.93,189.26,189.335,963911
2026-01-05 10:45:00.000,189.3,189.67,189.29,189.55,911396
2026-01-05 10:50:00.000,189.56,189.9,189.38,189.76,873185
2026-01-05 10:55:00.000,189.765,190.315,189.67,190.25,1322285
2026-01-05 11:00:00.000,190.25,190.4297,190.06,190.2599,1225646
2026-01-05 11:05:00.000,190.27,190.75,190.24,190.5661,1223152
2026-01-05 11:10:00.000,190.57,190.89,190.36,190.37,1466887
2026-01-05 11:15:00.000,190.37,190.455,190.1,190.135,1081905
2026-01-05 11:20:00.000,190.1345,190.2,189.91,189.955,1072780
2026-01-05 11:25:00.000,189.95,190.31,189.94,190.19,906659
2026-01-05 11:30:00.000,190.185,190.31,190.1148,190.1243,751485
2026-01-05 11:35:00.000,190.125,190.32,190.04,190.095,774919
2026-01-05 11:40:00.000,190.095,190.315,189.82,190.125,906178
2026-01-05 11:45:00.000,190.125,190.47,190.08,190.42,802377
2026-01-05 11:50:00.000,190.412,190.49,189.94,189.9566,985903
2026-01-05 11:55:00.000,189.9583,189.9899,189.28,189.3,1167363
2026-01-05 12:00:00.000,189.31,189.325,188.23,188.43,1838079
2026-01-05 12:05:00.000,188.42,188.48,187.3,187.57,2417049
2026-01-05 12:10:00.000,187.5763,187.87,187.07,187.86,2141043
2026-01-05 12:15:00.000,187.8636,187.918,187.32,187.7744,1409860
2026-01-05 12:20:00.000,187.8,187.8761,187.3119,187.555,1229277
2026-01-05 12:25:00.000,187.5482,187.68,187.33,187.62,1236103
2026-01-05 12:30:00.000,187.61,187.615,187.05,187.405,1213926
2026-01-05 12:35:00.000,187.405,187.91,187.405,187.875,1327590
2026-01-05 12:40:00.000,187.87,187.995,187.645,187.765,986565
2026-01-05 12:45:00.000,187.7605,188.08,187.6,187.946,951583
2026-01-05 12:50:00.000,187.95,188.1,187.7543,187.805,836464
2026-01-05 12:55:00.000,187.81,188.0,187.765,187.905,625582
2026-01-05 13:00:00.000,187.9,188.02,187.79,187.8999,800978
2026-01-05 13:05:00.000,187.8945,187.93,187.56,187.66,1052755
2026-01-05 13:10:00.000,187.67,187.695,187.44,187.515,872058
2026-01-05 13:15:00.000,187.52,187.53,186.995,187.3132,1334375
2026-01-05 13:20:00.000,187.3044,187.5,187.09,187.4944,831580
2026-01-05 13:25:00.000,187.4998,187.85,187.49,187.785,1233254
2026-01-05 13:30:00.000,187.78,187.98,187.78,187.855,774128
2026-01-05 13:35:00.000,187.855,188.03,187.68,187.99,776620
2026-01-05 13:40:00.000,187.9851,188.24,187.94,188.15,912598
2026-01-05 13:45:00.000,188.18,188.2,187.97,188.09,771024
2026-01-05 13:50:00.000,188.08,188.08,187.805,187.835,709156
2026-01-05 13:55:00.000,187.82,187.86,187.38,187.445,973248
2026-01-05 14:00:00.000,187.4599,187.48,187.19,187.26,1028393
2026-01-05 14:05:00.000,187.2631,187.3007,186.94,187.1301,1272349
2026-01-05 14:10:00.000,187.13,187.15,186.665,186.665,1194239
2026-01-05 14:15:00.000,186.66,186.82,186.38,186.73,1239601
2026-01-05 14:20:00.000,186.715,186.84,186.58,186.7297,913638
2026-01-05 14:25:00.000,186.73,186.86,186.45,186.6432,1121681
2026-01-05 14:30:00.000,186.65,186.66,186.38,186.385,839830
2026-01-05 14:35:00.000,186.3857,186.47,186.15,186.3258,1102659
2026-01-05 14:40:00.000,186.32,186.49,186.23,186.36,1178524
2026-01-05 14:45:00.000,186.365,186.76,186.33,186.625,1407934
2026-01-05 14:50:00.000,186.615,186.74,186.445,186.6501,1139643
2026-01-05 14:55:00.000,186.655,186.93,186.61,186.7401,994336
2026-01-05 15:00:00.000,186.74,186.89,186.51,186.58,975815
2026-01-05 15:05:00.000,186.59,187.15,186.545,187.0999,1168808
2026-01-05 15:10:00.000,187.085,187.285,187.045,187.2201,1065301
2026-01-05 15:15:00.000,187.2297,187.3,187.12,187.16,766933
2026-01-05 15:20:00.000,187.1599,187.54,187.08,187.535,1057676
2026-01-05 15:25:00.000,187.5399,187.57,187.35,187.47,996843
2026-01-05 15:30:00.000,187.47,187.49,187.28,187.4501,1104056
2026-01-05 15:35:00.000,187.455,187.79,187.455,187.655,1823610
2026-01-05 15:40:00.000,187.66,187.91,187.58,187.795,1337107
2026-01-05 15:45:00.000,187.78,188.12,187.775,188.1045,1412471
2026-01-05 15:50:00.000,188.12,188.13,187.655,187.77,1544092
2026-01-05 15:55:00.000,187.76,188.16,187.6043,188.11,2465475
2026-01-05 16:00:00.000,188.1167,188.36,187.9,188.36,17841536
2026-01-05 16:05:00.000,188.3548,188.7629,188.12,188.4,811021
2026-01-05 16:10:00.000,188.3706,188.3987,188.12,188.3201,211195
2026-01-05 16:15:00.000,188.34,188.36,188.12,188.3,142853
2026-01-05 16:20:00.000,188.32,190.01,188.01,188.19,69905
2026-01-05 16:25:00.000,188.2,188.25,188.1801,188.23,21637
2026-01-05 16:30:00.000,188.221,188.26,188.12,188.24,1009656
2026-01-05 16:35:00.000,188.24,188.28,188.2201,188.26,31695
2026-01-05 16:40:00.000,188.24,188.24,187.65,187.7394,105327
2026-01-05 16:45:00.000,187.73,188.12,187.32,187.55,89917
2026-01-05 16:50:00.000,187.56,187.74,187.5,187.6501,53125
2026-01-05 16:55:00.000,187.65,187.7,187.5,187.57,41417
2026-01-05 17:00:00.000,187.54,187.6,187.54,187.6,33206
2026-01-05 17:05:00.000,187.599,187.6,187.4,187.45,35474
2026-01-05 17:10:00.000,187.465,189.2,187.45,189.0976,240845
2026-01-05 17:15:00.000,189.189,189.3,188.12,188.6892,470969
2026-01-05 17:20:00.000,188.6,188.75,188.2,188.38,69704
2026-01-05 17:25:00.000,188.34,188.34,188.0,188.05,68680
2026-01-05 17:30:00.000,188.05,188.14,187.82,187.95,64464
2026-01-05 17:35:00.000,187.95,187.96,187.87,187.92,21329
2026-01-05 17:40:00.000,187.93,188.12,187.72,187.72,48113
2026-01-05 17:45:00.000,187.8,187.92,187.22,187.28,107508
2026-01-05 17:50:00.000,187.3,187.6,187.3,187.48,60455
2026-01-05 17:55:00.000,187.4795,187.68,187.46,187.6332,32468
2026-01-05 18:00:00.000,187.67,187.7,187.49,187.58,26805
2026-01-05 18:05:00.000,187.59,187.708,187.5,187.708,32116
2026-01-05 18:10:00.000,187.72,187.88,187.72,187.86,24427
2026-01-05 18:15:00.000,187.8699,187.9,187.63,187.77,20348
2026-01-05 18:20:00.000,187.75,187.78,187.7,187.75,8476
2026-01-05 18:25:00.000,187.75,187.76,187.7,187.7,12215
2026-01-05 18:30:00.000,187.699,187.88,187.45,187.71,32198
2026-01-05 18:35:00.000,187.75,187.9594,187.69,187.9594,35402
2026-01-05 18:40:00.000,187.9599,188.12,187.88,188.12,53538
2026-01-05 18:45:00.000,188.0832,188.1,187.95,188.03,14424
2026-01-05 18:50:00.000,187.96,187.99,187.72,187.72,14864
2026-01-05 18:55:00.000,187.73,187.9,187.73,187.9,12247
2026-01-05 19:00:00.000,187.8899,188.05,187.8899,188.031,24923
2026-01-05 19:05:00.000,188.04,188.05,187.867,187.89,19090
2026-01-05 19:10:00.000,187.89,187.99,187.83,187.96,12147
2026-01-05 19:15:00.000,188.0,188.12,187.9684,188.06,40877
2026-01-05 19:20:00.000,188.09,188.09,188.01,188.01,8791
2026-01-05 19:25:00.000,188.01,188.04,187.9601,188.0201,17599
2026-01-05 19:30:00.000,188.04,188.05,187.98,187.98,23638
2026-01-05 19:35:00.000,187.9801,188.01,187.83,187.96,19259
2026-01-05 19:40:00.000,187.9995,188.0,187.9,187.99,13674
2026-01-05 19:45:00.000,187.9833,187.99,187.88,187.88,17481
2026-01-05 19:50:00.000,187.88,187.9507,187.84,187.9507,15826
2026-01-05 19:55:00.000,187.97,188.0,187.9,187.9916,31334
2026-01-05 20:00:00.000,188.08,188.25,188.04,188.25,346
2026-01-05 20:05:00.000,188.22,188.22,187.96,188.07,294
2026-01-05 20:10:00.000,188.06,188.09,188.03,188.07,126
2026-01-05 20:15:00.000,188.09,188.17,188.09,188.17,132
2026-01-05 20:20:00.000,188.15,188.15,188.13,188.13,84
2026-01-05 20:25:00.000,188.14,188.2,188.13,188.13,386
2026-01-05 20:30:00.000,188.17,188.17,188.13,188.15,288
2026-01-05 20:35:00.000,188.14,188.14,188.06,188.06,143
2026-01-05 20:40:00.000,188.04,188.04,187.95,188.0,619
2026-01-05 20:45:00.000,188.01,188.03,188.0,188.01,134
2026-01-05 20:50:00.000,188.04,188.06,188.04,188.06,52
2026-01-05 20:55:00.000,188.05,188.09,188.04,188.09,98
2026-01-05 21:00:00.000,188.13,188.13,188.07,188.09,161
2026-01-05 21:05:00.000,188.1,188.14,188.1,188.14,58
2026-01-05 21:10:00.000,188.16,188.18,188.16,188.18,87
2026-01-05 21:15:00.000,188.14,188.14,188.13,188.14,81
2026-01-05 21:20:00.000,188.15,188.21,188.15,188.21,133
2026-01-05 21:25:00.000,188.2,188.35,188.18,188.35,2839
2026-01-05 21:30:00.000,188.28,188.35,188.28,188.35,53
2026-01-05 21:35:00.000,188.36,188.45,188.36,188.4,121
2026-01-05 21:40:00.000,188.43,188.61,188.43,188.61,169
2026-01-05 21:45:00.000,188.58,188.6,188.55,188.6,131
2026-01-05 21:50:00.000,188.65,188.66,188.6,188.6,154
2026-01-05 21:55:00.000,188.58,188.59,188.58,188.59,54
2026-01-05 22:00:00.000,188.67,188.67,188.58,188.61,84
2026-01-05 22:05:00.000,188.61,188.7,188.61,188.7,80
2026-01-05 22:10:00.000,188.71,188.74,188.69,188.73,183
2026-01-05 22:15:00.000,188.77,188.77,188.64,188.64,122
2026-01-05 22:20:00.000,188.61,188.67,188.61,188.67,98
2026-01-05 22:30:00.000,188.64,188.64,188.64,188.64,6
2026-01-05 22:35:00.000,188.68,188.78,188.68,188.68,116
2026-01-05 22:45:00.000,188.73,188.73,188.7,188.71,49
2026-01-05 22:50:00.000,188.71,188.74,188.71,188.74,4
2026-01-05 22:55:00.000,188.75,188.75,188.72,188.72,70
2026-01-05 23:05:00.000,188.72,188.8,188.72,188.8,238
2026-01-05 23:10:00.000,188.81,188.81,188.67,188.75,2448
2026-01-05 23:15:00.000,188.77,188.83,188.77,188.83,103
2026-01-05 23:20:00.000,188.88,188.9,188.88,188.9,165
2026-01-05 23:25:00.000,188.9,188.95,188.9,188.92,228
2026-01-05 23:30:00.000,188.93,188.94,188.9,188.9,108
2026-01-05 23:35:00.000,188.9,188.98,188.87,188.98,239
2026-01-05 23:40:00.000,189.07,189.32,189.07,189.2,1030
2026-01-05 23:45:00.000,189.1,189.11,189.07,189.1,148
2026-01-05 23:50:00.000,189.09,189.1,189.06,189.06,83
2026-01-05 23:55:00.000,189.12,189.15,189.1,189.12,261
2026-01-06 00:00:00.000,189.14,189.16,188.99,188.99,151
2026-01-06 00:05:00.000,188.97,188.97,188.93,188.93,69
2026-01-06 00:10:00.000,188.97,189.07,188.97,189.05,158
2026-01-06 00:15:00.000,189.06,189.13,189.02,189.12,142
2026-01-06 00:20:00.000,189.16,189.16,189.13,189.16,116
2026-01-06 00:25:00.000,189.12,189.15,189.12,189.13,106
2026-01-06 00:30:00.000,189.12,189.12,189.1,189.1,79
2026-01-06 00:35:00.000,189.07,189.07,189.07,189.07,25
2026-01-06 00:40:00.000,189.08,189.08,189.06,189.07,50
2026-01-06 00:45:00.000,189.04,189.04,189.04,189.04,18
2026-01-06 00:50:00.000,189.04,189.04,188.95,188.95,235
2026-01-06 00:55:00.000,188.95,188.95,188.95,188.95,27
2026-01-06 01:00:00.000,189.0,189.04,189.0,189.04,26
2026-01-06 01:05:00.000,189.09,189.09,189.09,189.09,26
2026-01-06 01:10:00.000,189.1,189.1,189.1,189.1,97
2026-01-06 01:15:00.000,189.11,189.15,189.11,189.15,102
2026-01-06 01:20:00.000,189.19,189.27,189.18,189.24,119
2026-01-06 01:25:00.000,189.25,189.25,189.2,189.2,106
2026-01-06 01:30:00.000,189.21,189.25,189.21,189.25,38
2026-01-06 01:35:00.000,189.25,189.3,189.25,189.3,51
2026-01-06 01:40:00.000,189.3,189.41,189.29,189.41,360
2026-01-06 01:45:00.000,189.4,189.45,189.4,189.42,485
2026-01-06 01:50:00.000,189.43,189.47,189.43,189.44,111
2026-01-06 01:55:00.000,189.45,189.46,189.42,189.43,145
2026-01-06 02:00:00.000,189.45,189.45,189.35,189.36,230
2026-01-06 02:05:00.000,189.33,189.39,189.33,189.39,240
2026-01-06 02:10:00.000,189.39,189.39,189.39,189.39,53
2026-01-06 02:15:00.000,189.39,189.39,189.36,189.37,307
2026-01-06 02:20:00.000,189.36,189.38,189.36,189.38,108
2026-01-06 02:25:00.000,189.4,189.4,189.37,189.4,252
2026-01-06 02:30:00.000,189.35,189.35,189.29,189.29,78
2026-01-06 02:35:00.000,189.25,189.26,189.24,189.26,83
2026-01-06 02:40:00.000,189.26,189.26,189.21,189.21,77
2026-01-06 02:45:00.000,189.19,189.19,189.12,189.12,479
2026-01-06 02:50:00.000,189.11,189.23,189.11,189.23,231
2026-01-06 02:55:00.000,189.23,189.27,189.22,189.27,109
2026-01-06 03:00:00.000,189.27,189.28,189.06,189.06,273
2026-01-06 03:05:00.000,189.01,189.03,188.88,188.88,381
2026-01-06 03:10:00.000,188.8,188.8,188.56,188.56,273
2026-01-06 03:15:00.000,188.48,188.62,188.48,188.54,231
2026-01-06 03:20:00.000,188.59,188.75,188.31,188.31,378
2026-01-06 03:25:00.000,188.34,188.52,188.26,188.45,389
2026-01-06 03:30:00.000,188.48,188.48,188.17,188.2,252
2026-01-06 03:35:00.000,188.17,188.49,188.17,188.39,191
2026-01-06 03:40:00.000,188.41,188.57,188.41,188.57,54
2026-01-06 03:45:00.000,188.67,188.89,188.67,188.89,117
2026-01-06 03:50:00.000,188.92,188.98,188.92,188.98,6
2026-01-06 03:55:00.000,188.94,188.94,188.91,188.91,74
2026-01-06 04:00:00.000,189.0,189.03,188.3,188.5,11364
2026-01-06 04:05:00.000,188.46,188.5,188.23,188.25,3006
2026-01-06 04:10:00.000,188.28,188.64,188.28,188.4,10728
2026-01-06 04:15:00.000,188.49,188.55,188.2,188.3,8562
2026-01-06 04:20:00.000,188.34,188.41,188.28,188.41,1511
2026-01-06 04:25:00.000,188.41,188.41,188.35,188.38,1728
2026-01-06 04:30:00.000,188.4,188.63,188.4,188.6,2118
2026-01-06 04:35:00.000,188.7,188.81,188.64,188.75,5596
2026-01-06 04:40:00.000,188.78,189.04,188.78,189.04,6076
2026-01-06 04:45:00.000,188.98,189.25,188.98,189.21,5898
2026-01-06 04:50:00.000,189.13,189.31,189.09,189.3,5597
2026-01-06 04:55:00.000,189.29,189.3,189.17,189.19,6415
2026-01-06 05:00:00.000,189.2,189.2,189.13,189.13,1422
2026-01-06 05:05:00.000,189.11,189.2,189.07,189.07,2344
2026-01-06 05:10:00.000,189.07,189.09,189.04,189.08,1589
2026-01-06 05:15:00.000,189.12,189.19,189.12,189.19,651
2026-01-06 05:20:00.000,189.15,189.15,188.99,189.0,2682
2026-01-06 05:25:00.000,189.1,189.2,189.1,189.2,1266
2026-01-06 05:30:00.000,189.21,189.3,189.21,189.3,1314
2026-01-06 05:35:00.000,189.23,189.23,189.17,189.21,1878
2026-01-06 05:40:00.000,189.14,189.14,189.07,189.07,2142
2026-01-06 05:45:00.000,189.04,189.21,189.02,189.12,2842
2026-01-06 05:50:00.000,189.2,189.47,189.18,189.46,11057
2026-01-06 05:55:00.000,189.4,189.43,189.33,189.33,5093
2026-01-06 06:00:00.000,189.31,189.42,189.31,189.38,1220
2026-01-06 06:05:00.000,189.4,189.46,189.37,189.45,3396
2026-01-06 06:10:00.000,189.46,189.46,189.35,189.35,3242
2026-01-06 06:15:00.000,189.37,189.37,189.28,189.32,1813
2026-01-06 06:20:00.000,189.31,189.36,189.3,189.35,1633
2026-01-06 06:25:00.000,189.29,189.29,189.17,189.17,900
2026-01-06 06:30:00.000,189.15,189.2,189.15,189.15,1586
2026-01-06 06:35:00.000,189.18,189.23,189.16,189.23,1728
2026-01-06 06:40:00.000,189.21,189.29,189.2,189.27,1299
2026-01-06 06:45:00.000,189.2,189.2,189.08,189.08,420
2026-01-06 06:50:00.000,189.07,189.1,189.05,189.1,4110
2026-01-06 06:55:00.000,189.2,189.25,189.17,189.17,7133
2026-01-06 07:00:00.000,189.17,189.36,189.12,189.25,31673
2026-01-06 07:05:00.000,189.24,189.24,189.03,189.06,11502
2026-01-06 07:10:00.000,189.08,189.18,189.03,189.18,6764
2026-01-06 07:15:00.000,189.18,189.22,189.11,189.11,2827
2026-01-06 07:20:00.000,189.11,189.28,189.08,189.25,6921
2026-01-06 07:25:00.000,189.23,189.34,189.18,189.29,10973
2026-01-06 07:30:00.000,189.35,189.35,189.19,189.28,7931
2026-01-06 07:35:00.000,189.3,189.3,189.15,189.2,4069
2026-01-06 07:40:00.000,189.2,189.32,189.2,189.3,5432
2026-01-06 07:45:00.000,189.3,189.43,189.27,189.43,6869
2026-01-06 07:50:00.000,189.46,189.46,189.29,189.32,12923
2026-01-06 07:55:00.000,189.35,189.45,189.35,189.42,4909
2026-01-06 08:00:00.000,188.29,189.58,188.16,189.559,500365
2026-01-06 08:05:00.000,189.5302,189.67,189.46,189.5002,59470
2026-01-06 08:10:00.000,189.5,189.64,189.43,189.599,34644
2026-01-06 08:15:00.000,189.558,189.68,189.55,189.5601,31962
2026-01-06 08:20:00.000,189.5501,189.65,189.51,189.62,59473
2026-01-06 08:25:00.000,189.65,189.65,189.42,189.54,38829
2026-01-06 08:30:00.000,189.52,189.68,189.4809,189.68,42398
2026-01-06 08:35:00.000,189.6797,189.8,189.6248,189.73,52217
2026-01-06 08:40:00.000,189.73,189.8,189.6503,189.78,39975
2026-01-06 08:45:00.000,189.78,189.79,189.4,189.54,71999
2026-01-06 08:50:00.000,189.55,189.5798,189.34,189.55,49353
2026-01-06 08:55:00.000,189.56,189.76,189.5503,189.72,84951
2026-01-06 09:00:00.000,189.7168,189.77,189.5,189.7697,72846
2026-01-06 09:05:00.000,189.75,189.91,189.75,189.78,58515
2026-01-06 09:10:00.000,189.78,190.19,189.74,190.19,135141
2026-01-06 09:15:00.000,190.1899,190.2003,189.9701,190.17,133312
2026-01-06 09:20:00.000,190.13,190.19,190.04,190.09,77620
2026-01-06 09:25:00.000,190.13,190.7,190.13,190.52,165108
2026-01-06 09:30:00.000,190.51,190.98,189.67,190.27,5074889
2026-01-06 09:35:00.000,190.27,190.88,189.7601,190.44,2493616
2026-01-06 09:40:00.000,190.4437,190.55,188.98,190.08,2642775
2026-01-06 09:45:00.000,190.09,191.45,189.9614,191.235,2742128
2026-01-06 09:50:00.000,191.275,191.99,191.19,191.585,2565858
2026-01-06 09:55:00.000,191.59,192.174,191.4107,191.9042,2167950
2026-01-06 10:00:00.000,191.9,192.09,191.1,191.1101,2013949
2026-01-06 10:05:00.000,191.1088,191.35,190.725,190.9301,1616596
2026-01-06 10:10:00.000,190.9389,191.695,190.66,191.44,1845714
2026-01-06 10:15:00.000,191.44,191.955,191.41,191.75,1428604
2026-01-06 10:20:00.000,191.735,191.83,191.03,191.375,1371082
2026-01-06 10:25:00.000,191.36,191.765,191.22,191.4,1177931
2026-01-06 10:30:00.000,191.3896,191.525,190.78,190.85,1313270
2026-01-06 10:35:00.000,190.86,191.0301,190.27,190.47,1540146
2026-01-06 10:40:00.000,190.4879,190.6599,190.0,190.205,1370177
2026-01-06 10:45:00.000,190.18,190.3183,189.66,189.92,1246893
2026-01-06 10:50:00.000,189.92,190.048,189.28,189.465,1290610
2026-01-06 10:55:00.000,189.46,189.52,188.89,189.12,1655107
2026-01-06 11:00:00.000,189.11,189.11,188.06,188.0733,1830626
2026-01-06 11:05:00.000,188.08,188.53,187.6401,188.495,2066178
2026-01-06 11:10:00.000,188.4832,188.7,187.935,188.2586,1622726
2026-01-06 11:15:00.000,188.2655,188.61,188.175,188.45,1014592
2026-01-06 11:20:00.000,188.455,188.91,188.32,188.77,1390562
2026-01-06 11:25:00.000,188.77,188.935,188.395,188.59,1134536
2026-01-06 11:30:00.000,188.59,190.03,188.395,189.76,2870673
2026-01-06 11:35:00.000,189.755,189.755,188.755,189.25,1524304
2026-01-06 11:40:00.000,189.2573,189.54,188.81,188.89,1042981
2026-01-06 11:45:00.000,188.892,189.45,188.835,189.41,926754
2026-01-06 11:50:00.000,189.41,189.62,189.3235,189.39,679651
2026-01-06 11:55:00.000,189.3846,189.675,189.0232,189.49,858486
2026-01-06 12:00:00.000,189.5,189.565,188.53,188.79,1098382
2026-01-06 12:05:00.000,188.79,189.04,188.7001,188.91,762122
2026-01-06 12:10:00.000,188.9,189.01,188.7,188.85,814470
2026-01-06 12:15:00.000,188.8387,188.96,188.55,188.695,831341
2026-01-06 12:20:00.000,188.69,189.23,188.525,189.0,1143677
2026-01-06 12:25:00.000,189.003,189.3765,188.97,189.0399,833103
2026-01-06 12:30:00.000,189.04,189.5486,189.03,189.49,1007783
2026-01-06 12:35:00.000,189.49,189.7118,189.31,189.455,868434
2026-01-06 12:40:00.000,189.45,189.46,188.95,189.11,853697
2026-01-06 12:45:00.000,189.12,189.29,188.86,188.94,762344
2026-01-06 12:50:00.000,188.94,189.08,188.73,188.99,642212
2026-01-06 12:55:00.000,188.985,189.0,188.639,188.7099,571358
2026-01-06 13:00:00.000,188.705,188.77,188.44,188.45,706868
2026-01-06 13:05:00.000,188.46,188.63,188.295,188.46,834028
2026-01-06 13:10:00.000,188.47,188.63,188.26,188.285,731182
2026-01-06 13:15:00.000,188.29,188.64,188.27,188.48,713194
2026-01-06 13:20:00.000,188.475,188.63,188.33,188.56,723857
2026-01-06 13:25:00.000,188.555,188.56,188.13,188.205,711960
2026-01-06 13:30:00.000,188.22,188.25,187.3,187.5699,1241617
2026-01-06 13:35:00.000,187.55,187.93,187.52,187.84,937536
2026-01-06 13:40:00.000,187.8338,188.17,187.79,188.135,809791
2026-01-06 13:45:00.000,188.1333,188.34,188.03,188.105,817199
2026-01-06 13:50:00.000,188.1001,188.2801,187.945,188.12,741569
2026-01-06 13:55:00.000,188.1257,188.2703,188.005,188.235,485537
2026-01-06 14:00:00.000,188.24,188.24,187.67,187.715,794593
2026-01-06 14:05:00.000,187.7199,187.82,187.52,187.63,775385
2026-01-06 14:10:00.000,187.6301,187.95,187.54,187.885,808031
2026-01-06 14:15:00.000,187.885,188.0683,187.75,188.065,587406
2026-01-06 14:20:00.000,188.0468,188.23,187.97,188.22,689125
2026-01-06 14:25:00.000,188.215,188.2299,187.91,187.985,617405
2026-01-06 14:30:00.000,187.9899,188.14,187.855,188.05,565930
2026-01-06 14:35:00.000,188.054,188.16,187.97,188.005,582747
2026-01-06 14:40:00.000,187.99,188.28,187.98,188.17,698536
2026-01-06 14:45:00.000,188.179,188.225,187.78,187.95,895651
2026-01-06 14:50:00.000,187.955,188.11,187.87,187.885,563855
2026-01-06 14:55:00.000,187.87,187.925,187.68,187.69,613215
2026-01-06 15:00:00.000,187.7,187.93,187.47,187.5255,913891
2026-01-06 15:05:00.000,187.53,187.5799,187.32,187.335,701878
2026-01-06 15:10:00.000,187.3346,187.62,187.3,187.46,808364
2026-01-06 15:15:00.000,187.465,187.69,187.3,187.335,801338
2026-01-06 15:20:00.000,187.34,187.48,187.19,187.21,941728
2026-01-06 15:25:00.000,187.2198,187.305,186.8701,186.94,1379096
2026-01-06 15:30:00.000,186.94,187.23,186.82,187.1901,967039
2026-01-06 15:35:00.000,187.195,187.36,187.12,187.295,785994
2026-01-06 15:40:00.000,187.295,187.45,187.2,187.225,1074030
2026-01-06 15:45:00.000,187.23,187.6101,187.1,187.5901,1127780
2026-01-06 15:50:00.000,187.59,187.69,187.39,187.4933,1177236
2026-01-06 15:55:00.000,187.5,187.59,187.09,187.27,3459097
2026-01-06 16:00:00.000,187.26,187.6,187.2306,187.4401,17932430
2026-01-06 16:05:00.000,187.4498,187.48,187.24,187.36,106925
2026-01-06 16:10:00.000,187.4185,187.48,187.03,187.4175,42092
2026-01-06 16:15:00.000,187.43,187.649,187.4282,187.649,51083
2026-01-06 16:20:00.000,187.65,187.6999,187.49,187.65,48897
2026-01-06 16:25:00.000,187.66,187.7,187.62,187.68,24352
2026-01-06 16:30:00.000,187.68,187.7,187.66,187.67,21435
2026-01-06 16:35:00.000,187.6973,187.73,187.67,187.7192,25890
2026-01-06 16:40:00.000,187.7194,187.85,187.7032,187.85,41227
2026-01-06 16:45:00.000,187.8403,187.8403,187.71,187.74,24604
2026-01-06 16:50:00.000,187.78,187.8197,187.24,187.81,46683
2026-01-06 16:55:00.000,187.8199,187.82,187.71,187.7293,37536
2026-01-06 17:00:00.000,187.7107,187.74,187.71,187.7108,24840
2026-01-06 17:05:00.000,187.71,187.73,187.67,187.67,26627
2026-01-06 17:10:00.000,187.69,187.69,187.62,187.6899,14076
2026-01-06 17:15:00.000,187.6664,187.73,187.66,187.73,15427
2026-01-06 17:20:00.000,187.73,187.74,187.71,187.72,4917
2026-01-06 17:25:00.000,187.72,187.82,187.72,187.82,14766
2026-01-06 17:30:00.000,187.8,187.82,187.76,187.8,9634
2026-01-06 17:35:00.000,187.8199,187.85,187.81,187.82,14213
2026-01-06 17:40:00.000,187.83,187.8699,187.82,187.8601,13005
2026-01-06 17:45:00.000,187.8697,187.88,187.86,187.88,17962
2026-01-06 17:50:00.000,187.889,187.95,187.87,187.94,20109
2026-01-06 17:55:00.000,187.9496,187.99,187.92,187.9899,24108
2026-01-06 18:00:00.000,187.97,188.1,187.92,188.081,86614
2026-01-06 18:05:00.000,188.0801,188.09,188.03,188.08,18950
2026-01-06 18:10:00.000,188.0799,188.1,188.04,188.051,36916
2026-01-06 18:15:00.000,188.05,188.0516,187.94,187.95,17554
2026-01-06 18:20:00.000,187.9409,188.1,187.24,188.0993,37929
2026-01-06 18:25:00.000,188.0999,188.1,188.04,188.0501,34340
2026-01-06 18:30:00.000,188.06,188.0693,188.01,188.03,12567
2026-01-06 18:35:00.000,188.0302,188.05,188.0,188.0202,21869
2026-01-06 18:40:00.000,188.03,188.05,188.0,188.04,10627
2026-01-06 18:45:00.000,188.0201,188.12,188.0201,188.11,19149
2026-01-06 18:50:00.000,188.11,188.19,188.11,188.19,18601
2026-01-06 18:55:00.000,188.189,188.242,188.15,188.17,38804
2026-01-06 19:00:00.000,188.17,188.28,188.15,188.25,37138
2026-01-06 19:05:00.000,188.25,188.2887,188.22,188.28,20136
2026-01-06 19:10:00.000,188.28,188.3,188.25,188.29,21479
2026-01-06 19:15:00.000,188.3,188.38,188.2901,188.37,23779
2026-01-06 19:20:00.000,188.33,188.347,188.2099,188.21,15135
2026-01-06 19:25:00.000,188.2084,188.2297,188.1415,188.1603,13937
2026-01-06 19:30:00.000,188.1741,188.23,188.15,188.21,4805
2026-01-06 19:35:00.000,188.22,188.26,188.2048,188.2299,15494
2026-01-06 19:40:00.000,188.22,188.22,188.1507,188.2,9124
2026-01-06 19:45:00.000,188.2,188.2501,188.19,188.24,23967
2026-01-06 19:50:00.000,188.24,188.24,188.13,188.17,29378
2026-01-06 19:55:00.000,188.15,188.16,188.1,188.16,34527
2026-01-06 20:00:00.000,188.25,188.26,188.25,188.26,98
2026-01-06 20:05:00.000,188.26,188.26,188.23,188.26,368
2026-01-06 20:10:00.000,188.26,188.28,188.24,188.27,59
2026-01-06 20:15:00.000,188.22,188.22,188.22,188.22,34
2026-01-06 20:20:00.000,188.19,188.24,188.19,188.21,182
2026-01-06 20:25:00.000,188.19,188.19,188.15,188.18,119
2026-01-06 20:30:00.000,188.14,188.19,188.14,188.15,83
2026-01-06 20:35:00.000,188.17,188.24,188.17,188.24,64
2026-01-06 20:40:00.000,188.24,188.24,188.21,188.23,285
2026-01-06 20:45:00.000,188.19,188.21,188.19,188.2,166
2026-01-06 20:50:00.000,188.13,188.13,188.09,188.09,109
2026-01-06 20:55:00.000,188.03,188.08,188.03,188.03,141
2026-01-06 21:00:00.000,187.98,187.98,187.95,187.95,53
2026-01-06 21:05:00.000,188.06,188.11,187.99,188.0,249
2026-01-06 21:10:00.000,188.04,188.04,188.0,188.0,112
2026-01-06 21:15:00.000,188.06,188.11,188.03,188.09,224
2026-01-06 21:20:00.000,188.15,188.15,188.09,188.09,54
2026-01-06 21:25:00.000,188.1,188.21,188.1,188.18,153
2026-01-06 21:30:00.000,188.14,188.14,188.06,188.1,169
2026-01-06 21:35:00.000,188.09,188.11,188.09,188.11,81
2026-01-06 21:40:00.000,188.12,188.15,188.12,188.15,3
2026-01-06 21:45:00.000,188.15,188.15,188.12,188.12,56
2026-01-06 21:50:00.000,188.14,188.14,188.0,188.06,307
2026-01-06 21:55:00.000,188.09,188.13,188.09,188.1,80
2026-01-06 22:00:00.000,188.13,188.14,187.94,187.94,694
2026-01-06 22:05:00.000,188.06,188.06,188.06,188.06,5
2026-01-06 22:10:00.000,188.09,188.1,188.07,188.1,38
2026-01-06 22:15:00.000,188.08,188.08,188.06,188.06,85
2026-01-06 22:30:00.000,188.11,188.11,188.11,188.11,29
2026-01-06 22:35:00.000,188.16,188.23,188.16,188.23,118
2026-01-06 22:40:00.000,188.23,188.23,188.23,188.23,27
2026-01-06 22:45:00.000,188.23,188.23,188.23,188.23,27
2026-01-06 22:50:00.000,188.23,188.25,188.23,188.25,152
2026-01-06 22:55:00.000,188.23,188.23,188.09,188.09,128
2026-01-06 23:00:00.000,188.09,188.1,188.07,188.08,164
2026-01-06 23:05:00.000,188.04,188.07,187.91,187.91,507
2026-01-06 23:10:00.000,188.0,188.0,187.95,187.95,147
2026-01-06 23:15:00.000,187.98,188.02,187.96,188.0,219
2026-01-06 23:20:00.000,187.99,187.99,187.92,187.92,83
2026-01-06 23:25:00.000,187.95,187.95,187.88,187.88,122
2026-01-06 23:30:00.000,187.89,187.91,187.89,187.89,135
2026-01-06 23:35:00.000,187.9,187.99,187.9,187.96,209
2026-01-06 23:40:00.000,187.9,187.9,187.79,187.81,146
2026-01-06 23:45:00.000,187.85,187.94,187.85,187.88,112
2026-01-06 23:50:00.000,187.92,187.92,187.92,187.92,1
2026-01-06 23:55:00.000,187.94,187.95,187.91,187.91,57
2026-01-07 00:00:00.000,187.9,187.9,187.81,187.81,82
2026-01-07 00:05:00.000,187.8,187.8,187.77,187.77,64
2026-01-07 00:10:00.000,187.84,187.84,187.84,187.84,29
2026-01-07 00:20:00.000,187.91,187.91,187.91,187.91,24
2026-01-07 00:25:00.000,187.91,187.91,187.91,187.91,26
2026-01-07 00:30:00.000,187.93,188.02,187.93,188.02,125
2026-01-07 00:35:00.000,188.0,188.04,188.0,188.04,201
2026-01-07 00:40:00.000,188.09,188.09,187.92,187.92,126
2026-01-07 00:45:00.000,187.97,188.0,187.97,187.97,210
2026-01-07 00:50:00.000,187.91,187.92,187.91,187.92,47
2026-01-07 00:55:00.000,187.96,187.97,187.95,187.97,59
2026-01-07 01:00:00.000,187.97,187.98,187.97,187.98,108
2026-01-07 01:05:00.000,188.02,188.1,188.02,188.1,78
2026-01-07 01:10:00.000,188.11,188.22,188.11,188.22,79
2026-01-07 01:15:00.000,188.2,188.2,188.15,188.15,83
2026-01-07 01:20:00.000,188.14,188.14,188.14,188.14,29
2026-01-07 01:25:00.000,188.14,188.14,188.14,188.14,96
2026-01-07 01:30:00.000,188.1,188.13,188.09,188.09,104
2026-01-07 01:35:00.000,188.05,188.05,187.98,188.01,208
2026-01-07 01:40:00.000,187.97,187.97,187.9,187.9,221
2026-01-07 01:45:00.000,187.92,187.96,187.91,187.96,118
2026-01-07 01:50:00.000,187.97,188.03,187.95,188.02,117
2026-01-07 01:55:00.000,188.06,188.06,187.95,187.95,232
2026-01-07 02:00:00.000,187.95,187.97,187.92,187.97,75
2026-01-07 02:05:00.000,187.99,188.05,187.99,188.03,122
2026-01-07 02:10:00.000,187.97,187.97,187.95,187.95,32
2026-01-07 02:15:00.000,187.95,187.95,187.9,187.9,66
2026-01-07 02:20:00.000,187.89,187.9,187.89,187.89,378
2026-01-07 02:25:00.000,187.92,188.04,187.92,188.04,289
2026-01-07 02:30:00.000,188.04,188.04,188.04,188.04,768
2026-01-07 02:35:00.000,187.99,188.04,187.99,188.04,52
2026-01-07 02:40:00.000,188.01,188.01,188.01,188.01,9
2026-01-07 02:45:00.000,188.13,188.14,188.13,188.14,263
2026-01-07 02:50:00.000,188.12,188.13,188.11,188.11,82
2026-01-07 02:55:00.000,188.11,188.11,188.0,188.0,82
2026-01-07 03:00:00.000,187.99,188.04,187.86,187.86,322
2026-01-07 03:05:00.000,187.83,187.83,187.73,187.77,294
2026-01-07 03:10:00.000,187.77,187.8,187.75,187.75,207
2026-01-07 03:15:00.000,187.77,187.77,187.76,187.76,4
2026-01-07 03:20:00.000,187.76,187.83,187.76,187.76,302
2026-01-07 03:25:00.000,187.67,187.67,187.56,187.67,137
2026-01-07 03:30:00.000,187.66,187.69,187.61,187.61,207
2026-01-07 03:35:00.000,187.58,187.59,187.54,187.56,26
2026-01-07 03:40:00.000,187.69,187.69,187.64,187.64,59
2026-01-07 03:45:00.000,187.65,187.67,187.65,187.67,34
2026-01-07 03:50:00.000,187.61,187.63,187.61,187.61,122
2026-01-07 03:55:00.000,187.64,187.65,187.62,187.62,38
2026-01-07 04:00:00.000,187.86,187.86,187.16,187.31,8050
2026-01-07 04:05:00.000,187.35,187.43,187.25,187.33,11609
2026-01-07 04:10:00.000,187.4,187.5,187.4,187.5,1226
2026-01-07 04:15:00.000,187.65,187.65,187.65,187.65,200
2026-01-07 04:20:00.000,187.5,187.55,187.5,187.55,984
2026-01-07 04:25:00.000,187.63,187.64,187.63,187.64,911
2026-01-07 04:30:00.000,187.74,187.83,187.74,187.79,1490
2026-01-07 04:35:00.000,187.81,187.84,187.72,187.77,881
2026-01-07 04:40:00.000,187.75,187.81,187.74,187.81,1192
2026-01-07 04:45:00.000,187.82,187.87,187.82,187.85,959
2026-01-07 04:50:00.000,187.75,187.75,187.66,187.66,1300
2026-01-07 04:55:00.000,187.7,187.75,187.7,187.75,346
2026-01-07 05:00:00.000,187.65,187.65,187.59,187.63,5273
2026-01-07 05:05:00.000,187.7,187.71,187.69,187.71,449
2026-01-07 05:10:00.000,187.71,187.71,187.71,187.71,100
2026-01-07 05:15:00.000,187.6,187.7,187.6,187.7,600
2026-01-07 05:20:00.000,187.72,187.72,187.71,187.71,657
2026-01-07 05:25:00.000,187.46,187.46,187.43,187.43,653
2026-01-07 05:30:00.000,187.4,187.49,187.16,187.3,1760
2026-01-07 05:35:00.000,187.28,187.37,187.28,187.31,900
2026-01-07 05:40:00.000,187.18,187.18,187.14,187.17,1552
2026-01-07 05:45:00.000,187.0,187.05,186.86,187.0,8719
2026-01-07 05:50:00.000,187.1,187.18,187.09,187.18,753
2026-01-07 05:55:00.000,187.09,187.24,187.09,187.24,1960
2026-01-07 06:00:00.000,187.3,187.36,187.3,187.36,1878
2026-01-07 06:05:00.000,187.35,187.35,187.3,187.3,2217
2026-01-07 06:10:00.000,187.31,187.36,187.31,187.36,454
2026-01-07 06:20:00.000,187.5,187.5,187.42,187.43,300
2026-01-07 06:25:00.000,187.43,187.43,187.41,187.41,200
2026-01-07 06:30:00.000,187.45,187.5,187.44,187.5,1000
2026-01-07 06:35:00.000,187.59,187.72,187.59,187.72,1149
2026-01-07 06:40:00.000,187.72,187.74,187.72,187.73,800
2026-01-07 06:45:00.000,187.75,188.0,187.75,187.96,3233
2026-01-07 06:50:00.000,187.9,187.94,187.9,187.92,1669
2026-01-07 06:55:00.000,187.92,187.92,187.83,187.87,1385
2026-01-07 07:00:00.000,187.91,188.23,187.91,188.14,5837
2026-01-07 07:05:00.000,188.07,188.24,188.05,188.24,5885
2026-01-07 07:10:00.000,188.25,188.41,188.25,188.34,2915
2026-01-07 07:15:00.000,188.31,188.44,188.31,188.4,2993
2026-01-07 07:20:00.000,188.39,188.441,188.3,188.441,1723
2026-01-07 07:25:00.000,188.45,188.51,188.41,188.45,6507
2026-01-07 07:30:00.000,188.5,188.51,188.3,188.41,3247
2026-01-07 07:35:00.000,188.35,188.42,188.301,188.4,2382
2026-01-07 07:40:00.000,188.361,188.4,188.361,188.4,4518
2026-01-07 07:45:00.000,188.37,188.439,188.37,188.43,6829
2026-01-07 07:50:00.000,188.31,188.33,188.22,188.231,1303
2026-01-07 07:55:00.000,188.24,188.24,188.11,188.11,4691
2026-01-07 08:00:00.000,188.1,188.52,186.86,188.16,359360
2026-01-07 08:05:00.000,188.18,188.2,187.95,187.99,15816
2026-01-07 08:10:00.000,187.96,188.01,187.93,187.9993,18153
2026-01-07 08:15:00.000,188.01,188.2,187.99,188.04,23844
2026-01-07 08:20:00.000,188.0387,188.2199,188.0064,188.12,18542
2026-01-07 08:25:00.000,188.13,188.2197,188.1,188.2197,13998
2026-01-07 08:30:00.000,188.2148,188.37,188.13,188.1492,32777
2026-01-07 08:35:00.000,188.15,188.1986,187.99,188.1986,25111
2026-01-07 08:40:00.000,188.14,188.2,188.09,188.1999,17309
2026-01-07 08:45:00.000,188.1994,188.2,187.71,188.0,29410
2026-01-07 08:50:00.000,187.9501,188.02,187.8583,188.01,12183
2026-01-07 08:55:00.000,187.9399,188.05,187.9399,188.0048,17687
2026-01-07 09:00:00.000,188.02,188.04,187.7248,187.7803,30146
2026-01-07 09:05:00.000,187.8,187.8499,187.6,187.83,45983
2026-01-07 09:10:00.000,187.82,187.96,187.82,187.8716,33459
2026-01-07 09:15:00.000,187.86,188.0,187.85,188.0,32400
2026-01-07 09:20:00.000,187.98,188.0,187.67,187.8,43009
2026-01-07 09:25:00.000,187.83,188.98,187.83,188.61,102906
2026-01-07 09:30:00.000,188.57,188.61,186.56,187.995,4521324
2026-01-07 09:35:00.000,188.0,188.37,186.9101,188.08,2062077
2026-01-07 09:40:00.000,188.09,188.69,187.64,188.6758,1849248
2026-01-07 09:45:00.000,188.648,188.82,188.27,188.4801,1671593
2026-01-07 09:50:00.000,188.485,189.315,188.24,189.1001,1846564
2026-01-07 09:55:00.000,189.1,190.2,189.09,190.1,2546277
2026-01-07 10:00:00.000,190.1,190.27,189.28,190.02,2000756
2026-01-07 10:05:00.000,190.03,191.08,189.86,190.7454,2856205
2026-01-07 10:10:00.000,190.74,190.84,190.21,190.515,1707037
2026-01-07 10:15:00.000,190.52,190.85,190.26,190.74,1621808
2026-01-07 10:20:00.000,190.745,191.335,190.65,191.195,1983550
2026-01-07 10:25:00.000,191.15,191.36,190.75,191.015,1555472
2026-01-07 10:30:00.000,191.02,191.071,190.53,190.57,1395965
2026-01-07 10:35:00.000,190.57,190.96,188.77,189.215,2566566
2026-01-07 10:40:00.000,189.23,190.07,188.47,189.38,3104979
2026-01-07 10:45:00.000,189.375,190.5898,189.26,190.39,2162035
2026-01-07 10:50:00.000,190.39,190.635,189.6835,189.818,1355591
2026-01-07 10:55:00.000,189.8,189.82,189.52,189.615,977578
2026-01-07 11:00:00.000,189.62,189.99,189.54,189.65,889658
2026-01-07 11:05:00.000,189.6598,189.9799,189.6,189.71,678812
2026-01-07 11:10:00.000,189.705,190.29,189.61,190.29,903908
2026-01-07 11:15:00.000,190.29,190.345,189.95,190.1,736751
2026-01-07 11:20:00.000,190.09,190.12,189.53,189.55,750908
2026-01-07 11:25:00.000,189.54,189.58,189.183,189.58,948310
2026-01-07 11:30:00.000,189.57,190.06,189.52,189.89,969963
2026-01-07 11:35:00.000,189.9,189.99,189.465,189.605,693349
2026-01-07 11:40:00.000,189.61,190.01,189.55,189.8867,727885
2026-01-07 11:45:00.000,189.895,190.115,189.78,189.825,567733
2026-01-07 11:50:00.000,189.83,190.09,189.67,190.06,740178
2026-01-07 11:55:00.000,190.0679,190.33,190.04,190.16,701762
2026-01-07 12:00:00.000,190.165,190.44,190.0,190.2918,769926
2026-01-07 12:05:00.000,190.295,190.6,190.24,190.31,811346
2026-01-07 12:10:00.000,190.305,190.3403,190.11,190.18,632249
2026-01-07 12:15:00.000,190.18,190.24,190.09,190.1627,428931
2026-01-07 12:20:00.000,190.1648,190.35,190.09,190.34,441963
2026-01-07 12:25:00.000,190.35,190.35,189.925,190.003,739659
2026-01-07 12:30:00.000,190.005,190.18,189.89,190.175,527348
2026-01-07 12:35:00.000,190.1701,190.21,189.95,190.065,387742
2026-01-07 12:40:00.000,190.07,190.13,189.95,190.07,381414
2026-01-07 12:45:00.000,190.07,190.13,189.95,190.0064,352874
2026-01-07 12:50:00.000,190.0,190.025,189.77,189.79,509923
2026-01-07 12:55:00.000,189.8,189.9699,189.68,189.94,607925
2026-01-07 13:00:00.000,189.93,190.0,189.81,189.945,402347
2026-01-07 13:05:00.000,189.94,190.16,189.89,190.08,555187
2026-01-07 13:10:00.000,190.0764,190.0764,189.844,190.035,448850
2026-01-07 13:15:00.000,190.04,190.06,189.73,189.82,510922
2026-01-07 13:20:00.000,189.82,189.88,189.7,189.82,392532
2026-01-07 13:25:00.000,189.82,189.935,189.58,189.625,551762
2026-01-07 13:30:00.000,189.625,189.83,189.525,189.7004,578224
2026-01-07 13:35:00.000,189.705,189.705,189.52,189.58,417578
2026-01-07 13:40:00.000,189.58,189.65,189.44,189.465,543340
2026-01-07 13:45:00.000,189.46,189.76,189.37,189.7301,594870
2026-01-07 13:50:00.000,189.74,189.965,189.67,189.91,717749
2026-01-07 13:55:00.000,189.9,189.94,189.67,189.775,532033
2026-01-07 14:00:00.000,189.78,189.94,189.605,189.94,556535
2026-01-07 14:05:00.000,189.95,190.0,189.77,189.88,581541
2026-01-07 14:10:00.000,189.89,189.925,189.46,189.83,840685
2026-01-07 14:15:00.000,189.85,189.878,189.48,189.61,541371
2026-01-07 14:20:00.000,189.6142,189.705,189.49,189.51,506517
2026-01-07 14:25:00.000,189.5257,189.53,189.2,189.2801,607926
2026-01-07 14:30:00.000,189.285,189.62,189.21,189.5999,597125
2026-01-07 14:35:00.000,189.6,189.78,189.4901,189.725,573746
2026-01-07 14:40:00.000,189.72,189.75,189.47,189.57,513604
2026-01-07 14:45:00.000,189.57,189.5999,189.4,189.46,427149
2026-01-07 14:50:00.000,189.47,189.66,189.41,189.6235,536515
2026-01-07 14:55:00.000,189.63,189.74,189.18,189.25,681118
2026-01-07 15:00:00.000,189.26,189.33,189.14,189.3,599931
2026-01-07 15:05:00.000,189.29,189.42,189.21,189.2203,515779
2026-01-07 15:10:00.000,189.215,189.26,188.85,188.872,861295
2026-01-07 15:15:00.000,188.87,189.19,188.75,189.1,798561
2026-01-07 15:20:00.000,189.09,189.1,188.885,188.924,479257
2026-01-07 15:25:00.000,188.93,189.075,188.9,188.99,681120
2026-01-07 15:30:00.000,188.98,189.18,188.78,189.01,810844
2026-01-07 15:35:00.000,189.01,189.0711,188.8,188.86,626829
2026-01-07 15:40:00.000,188.8503,189.02,188.805,188.9399,588989
2026-01-07 15:45:00.000,188.935,189.075,188.905,189.05,665263
2026-01-07 15:50:00.000,189.05,189.26,188.99,189.08,990956
2026-01-07 15:55:00.000,189.07,189.25,188.775,189.25,1958069
2026-01-07 16:00:00.000,189.25,189.39,189.06,189.1102,16687088
2026-01-07 16:05:00.000,189.11,189.13,189.0,189.06,452682
2026-01-07 16:10:00.000,189.0402,189.11,189.0,189.09,27585
2026-01-07 16:15:00.000,189.0897,189.12,189.021,189.1,265599
2026-01-07 16:20:00.000,189.11,189.15,189.02,189.1,64250
2026-01-07 16:25:00.000,189.05,189.11,189.02,189.03,704474
2026-01-07 16:30:00.000,189.0284,189.05,189.01,189.05,7378
2026-01-07 16:35:00.000,189.05,189.07,189.01,189.063,6391
2026-01-07 16:40:00.000,189.05,189.11,189.0301,189.0732,5713
2026-01-07 16:45:00.000,189.05,189.07,189.03,189.07,3315
2026-01-07 16:50:00.000,189.0636,189.07,189.02,189.0636,3889
2026-01-07 16:55:00.000,189.06,189.14,189.06,189.12,8211
2026-01-07 17:00:00.000,189.0964,189.14,189.08,189.09,4175
2026-01-07 17:05:00.000,189.09,189.17,189.08,189.17,6611
2026-01-07 17:10:00.000,189.17,189.18,189.15,189.1684,9339
2026-01-07 17:15:00.000,189.1501,189.2289,189.1501,189.2,8585
2026-01-07 17:20:00.000,189.194,189.2331,189.11,189.11,13561
2026-01-07 17:25:00.000,189.17,189.17,189.13,189.15,5858
2026-01-07 17:30:00.000,189.16,189.19,189.14,189.18,4713
2026-01-07 17:35:00.000,189.19,189.19,189.16,189.1893,7876
2026-01-07 17:40:00.000,189.1736,189.2,189.14,189.1896,6437
2026-01-07 17:45:00.000,189.1585,189.1599,189.0648,189.1,3516
2026-01-07 17:50:00.000,189.15,189.15,189.1,189.1,4624
2026-01-07 17:55:00.000,189.1082,189.1492,189.1079,189.1492,10038
2026-01-07 18:00:00.000,189.15,189.19,189.1,189.14,9671
2026-01-07 18:05:00.000,189.13,189.14,189.03,189.03,4527
2026-01-07 18:10:00.000,189.07,189.12,189.04,189.0903,6606
2026-01-07 18:15:00.000,189.0347,189.1,189.0,189.01,7798
2026-01-07 18:20:00.000,189.02,189.06,189.01,189.03,6066
2026-01-07 18:25:00.000,189.03,189.05,189.01,189.04,6429
2026-01-07 18:30:00.000,189.0398,189.05,189.01,189.0198,7288
2026-01-07 18:35:00.000,189.02,189.03,189.0,189.03,7764
2026-01-07 18:40:00.000,189.03,189.1,189.03,189.1,8267
2026-01-07 18:45:00.000,189.05,189.08,189.04,189.06,3090
2026-01-07 18:50:00.000,189.0497,189.05,189.01,189.03,2137
2026-01-07 18:55:00.000,189.04,189.07,189.0148,189.07,4367
2026-01-07 19:00:00.000,189.02,189.0604,189.02,189.0604,1548
2026-01-07 19:05:00.000,189.07,189.07,189.0,189.07,20004
2026-01-07 19:10:00.000,189.05,189.07,189.01,189.01,4812
2026-01-07 19:15:00.000,189.04,189.06,189.0209,189.0504,7880
2026-01-07 19:20:00.000,189.0499,189.06,189.04,189.06,3880
2026-01-07 19:25:00.000,189.06,189.06,188.97,189.0252,12984
2026-01-07 19:30:00.000,189.0,189.06,189.0,189.02,5485
2026-01-07 19:35:00.000,189.03,189.11,189.03,189.11,11886
2026-01-07 19:40:00.000,189.1101,189.13,189.11,189.12,11389
2026-01-07 19:45:00.000,189.13,189.16,189.1299,189.16,11083
2026-01-07 19:50:00.000,189.17,189.21,189.1598,189.21,17461
2026-01-07 19:55:00.000,189.23,189.39,189.18,189.3699,23103
2026-01-07 20:00:00.000,189.32,189.34,189.27,189.27,59
2026-01-07 20:05:00.000,189.29,189.31,189.29,189.31,80
2026-01-07 20:10:00.000,189.26,189.26,189.23,189.23,27
2026-01-07 20:15:00.000,189.2,189.21,189.2,189.21,36
2026-01-07 20:20:00.000,189.2,189.23,189.2,189.23,53
2026-01-07 20:25:00.000,189.19,189.19,189.15,189.15,194
2026-01-07 20:30:00.000,189.13,189.13,189.06,189.07,68
2026-01-07 20:35:00.000,189.05,189.13,189.04,189.12,196
2026-01-07 20:40:00.000,189.09,189.09,189.07,189.09,36
2026-01-07 20:45:00.000,189.1,189.11,189.09,189.11,130
2026-01-07 20:50:00.000,189.08,189.08,189.05,189.05,52
2026-01-07 20:55:00.000,189.05,189.05,189.04,189.04,33
2026-01-07 21:00:00.000,189.07,189.07,189.02,189.02,468
2026-01-07 21:05:00.000,189.05,189.05,189.05,189.05,26
2026-01-07 21:10:00.000,189.08,189.08,189.05,189.06,157
2026-01-07 21:15:00.000,189.08,189.11,189.08,189.11,86
2026-01-07 21:20:00.000,189.09,189.1,189.06,189.06,54
2026-01-07 21:25:00.000,189.07,189.11,189.04,189.11,170
2026-01-07 21:30:00.000,189.12,189.14,189.12,189.14,24
2026-01-07 21:35:00.000,189.14,189.16,189.07,189.07,137
2026-01-07 21:40:00.000,189.06,189.06,188.97,188.98,96
2026-01-07 21:45:00.000,188.98,188.98,188.79,188.84,608
2026-01-07 21:50:00.000,188.82,188.85,188.77,188.84,105
2026-01-07 21:55:00.000,188.8,188.8,188.72,188.74,783
2026-01-07 22:00:00.000,188.74,188.84,188.74,188.84,181
2026-01-07 22:05:00.000,188.86,188.92,188.84,188.9,235
2026-01-07 22:10:00.000,188.93,188.93,188.9,188.9,150
2026-01-07 22:15:00.000,188.88,188.88,188.87,188.87,27
2026-01-07 22:25:00.000,188.83,188.83,188.79,188.79,189
2026-01-07 22:30:00.000,188.8,188.84,188.8,188.84,57
2026-01-07 22:35:00.000,188.8,188.8,188.72,188.72,31
2026-01-07 22:40:00.000,188.83,188.87,188.83,188.84,62
2026-01-07 22:45:00.000,188.85,188.85,188.82,188.82,32
2026-01-07 22:50:00.000,188.75,188.77,188.74,188.77,90
2026-01-07 22:55:00.000,188.73,188.73,188.67,188.67,27
2026-01-07 23:00:00.000,188.67,188.67,188.67,188.67,1
2026-01-07 23:05:00.000,188.63,188.71,188.63,188.71,71
2026-01-07 23:10:00.000,188.7,188.7,188.65,188.66,74
2026-01-07 23:15:00.000,188.71,188.71,188.67,188.69,103
2026-01-07 23:20:00.000,188.62,188.66,188.62,188.66,35
2026-01-07 23:25:00.000,188.7,188.7,188.65,188.66,192
2026-01-07 23:30:00.000,188.66,188.72,188.66,188.69,30
2026-01-07 23:35:00.000,188.7,188.7,188.65,188.67,81
2026-01-07 23:40:00.000,188.65,188.65,188.65,188.65,55
2026-01-07 23:45:00.000,188.64,188.7,188.63,188.7,295
2026-01-07 23:55:00.000,188.74,188.78,188.74,188.78,42
2026-01-08 00:00:00.000,188.8,188.86,188.78,188.86,622
2026-01-08 00:05:00.000,188.86,188.9,188.86,188.9,79
2026-01-08 00:10:00.000,188.85,188.85,188.84,188.84,27
2026-01-08 00:15:00.000,188.78,188.78,188.78,188.78,130
2026-01-08 00:20:00.000,188.77,188.79,188.77,188.79,54
2026-01-08 00:25:00.000,188.78,188.78,188.78,188.78,4
2026-01-08 00:30:00.000,188.73,188.73,188.68,188.68,27
2026-01-08 00:35:00.000,188.62,188.64,188.62,188.64,106
2026-01-08 00:40:00.000,188.63,188.63,188.6,188.6,51
2026-01-08 00:45:00.000,188.58,188.58,188.55,188.55,55
2026-01-08 00:50:00.000,188.54,188.54,188.42,188.44,166
2026-01-08 00:55:00.000,188.43,188.47,188.34,188.34,188
2026-01-08 01:00:00.000,188.33,188.33,188.17,188.18,39
2026-01-08 01:05:00.000,188.12,188.13,188.12,188.13,4
2026-01-08 01:10:00.000,188.12,188.14,188.04,188.05,338
2026-01-08 01:15:00.000,188.05,188.05,187.76,187.76,370
2026-01-08 01:20:00.000,187.84,188.0,187.81,187.83,1424
2026-01-08 01:25:00.000,187.75,187.9,187.75,187.9,208
2026-01-08 01:30:00.000,187.93,187.96,187.73,187.96,1561
2026-01-08 01:35:00.000,187.87,187.97,187.84,187.94,257
2026-01-08 01:40:00.000,187.94,188.09,187.94,188.09,197
2026-01-08 01:45:00.000,188.1,188.16,188.1,188.16,63
2026-01-08 01:50:00.000,188.17,188.18,188.07,188.16,141
2026-01-08 01:55:00.000,188.14,188.19,188.12,188.19,147
2026-01-08 02:00:00.000,188.15,188.15,188.05,188.05,163
2026-01-08 02:05:00.000,188.07,188.27,188.07,188.27,294
2026-01-08 02:10:00.000,188.29,188.45,188.29,188.43,198
2026-01-08 02:15:00.000,188.43,188.43,188.29,188.29,242
2026-01-08 02:20:00.000,188.31,190.64,188.31,190.4,3902
2026-01-08 02:25:00.000,190.55,190.57,189.28,190.34,3174
2026-01-08 02:30:00.000,190.34,190.48,189.54,189.87,4985
2026-01-08 02:35:00.000,189.9,190.05,189.84,189.89,1385
2026-01-08 02:40:00.000,189.89,190.02,189.87,189.94,295
2026-01-08 02:45:00.000,189.96,189.96,189.89,189.89,105
2026-01-08 02:50:00.000,189.63,189.63,189.39,189.4,479
2026-01-08 02:55:00.000,189.36,189.36,189.25,189.25,400
2026-01-08 03:00:00.000,189.25,189.38,189.25,189.33,34
2026-01-08 03:05:00.000,189.29,189.4,189.29,189.4,721
2026-01-08 03:10:00.000,189.52,189.68,189.51,189.68,87
2026-01-08 03:15:00.000,189.66,189.66,189.66,189.66,2
2026-01-08 03:20:00.000,189.76,189.76,189.53,189.55,1772
2026-01-08 03:25:00.000,189.54,189.67,189.54,189.64,378
2026-01-08 03:30:00.000,189.67,189.8,189.67,189.78,822
2026-01-08 03:35:00.000,189.86,189.87,189.84,189.84,104
2026-01-08 03:40:00.000,189.91,189.94,189.89,189.91,724
2026-01-08 03:45:00.000,189.92,189.92,189.68,189.69,857
2026-01-08 03:50:00.000,189.81,189.81,189.73,189.73,375
2026-01-08 03:55:00.000,189.72,189.72,189.72,189.72,9
2026-01-08 04:00:00.000,189.68,190.21,189.66,190.01,4227
2026-01-08 04:05:00.000,189.99,189.99,189.76,189.77,2297
2026-01-08 04:10:00.000,189.75,189.89,189.75,189.89,355
2026-01-08 04:15:00.000,189.63,189.63,189.5,189.59,904
2026-01-08 04:20:00.000,189.53,189.67,189.53,189.67,200
2026-01-08 04:25:00.000,189.68,189.68,189.68,189.68,300
2026-01-08 04:30:00.000,189.73,189.73,189.73,189.73,200
2026-01-08 04:35:00.000,189.75,189.75,189.63,189.63,428
2026-01-08 04:40:00.000,189.65,189.72,189.65,189.72,690
2026-01-08 04:45:00.000,189.72,189.72,189.61,189.67,974
2026-01-08 04:50:00.000,189.64,189.67,189.6,189.6,1729
2026-01-08 04:55:00.000,189.63,189.81,189.62,189.81,1683
2026-01-08 05:00:00.000,189.8,189.81,189.75,189.75,4606
2026-01-08 05:10:00.000,189.65,189.65,189.64,189.65,1228
2026-01-08 05:15:00.000,189.65,189.65,189.64,189.64,724
2026-01-08 05:20:00.000,189.62,189.75,189.62,189.75,2295
2026-01-08 05:25:00.000,189.75,189.75,189.44,189.45,2020
2026-01-08 05:30:00.000,189.44,189.48,189.44,189.47,655
2026-01-08 05:35:00.000,189.47,189.55,189.47,189.55,1454
2026-01-08 05:40:00.000,189.59,189.59,189.59,189.59,1345
2026-01-08 05:45:00.000,189.64,189.66,189.64,189.65,602
2026-01-08 05:50:00.000,189.61,190.07,189.61,189.95,9818
2026-01-08 05:55:00.000,189.81,189.84,189.77,189.8,2628
2026-01-08 06:00:00.000,189.74,189.91,189.74,189.9,2664
2026-01-08 06:05:00.000,189.86,189.86,189.75,189.75,1455
2026-01-08 06:15:00.000,189.81,189.82,189.75,189.8,935
2026-01-08 06:20:00.000,189.82,189.88,189.82,189.88,600
2026-01-08 06:25:00.000,189.97,190.06,189.97,189.97,600
2026-01-08 06:30:00.000,189.93,190.06,189.5,190.06,5230
2026-01-08 06:35:00.000,190.09,190.19,190.05,190.13,5169
2026-01-08 06:40:00.000,190.1,190.26,190.09,190.25,2670
2026-01-08 06:45:00.000,190.11,190.11,190.06,190.08,1328
2026-01-08 06:50:00.000,190.12,190.15,190.12,190.14,1020
2026-01-08 06:55:00.000,190.05,190.08,190.0,190.0,4923
2026-01-08 07:00:00.000,189.93,190.05,189.82,189.86,6663
2026-01-08 07:05:00.000,189.88,189.88,189.79,189.83,1428
2026-01-08 07:10:00.000,189.87,189.9,189.84,189.84,3540
2026-01-08 07:15:00.000,189.85,189.96,189.85,189.96,2580
2026-01-08 07:20:00.000,189.96,190.01,189.96,189.999,3501
2026-01-08 07:25:00.000,189.961,190.0,189.96,189.99,1157
2026-01-08 07:30:00.000,189.9,189.9,189.81,189.87,2727
2026-01-08 07:35:00.000,189.85,189.85,189.53,189.6,13393
2026-01-08 07:40:00.000,189.6,189.68,189.6,189.67,325
2026-01-08 07:45:00.000,189.68,189.68,189.67,189.67,568
2026-01-08 07:50:00.000,189.69,189.77,189.69,189.75,2056
2026-01-08 07:55:00.000,189.71,189.71,189.631,189.631,2013
2026-01-08 08:00:00.000,189.63,190.62,187.73,189.63,334168
2026-01-08 08:05:00.000,189.649,189.67,189.5817,189.62,11585
2026-01-08 08:10:00.000,189.6597,189.8,189.6499,189.7,15747
2026-01-08 08:15:00.000,189.71,190.0,189.6,189.9,33176
2026-01-08 08:20:00.000,189.8589,189.93,189.8,189.82,23279
2026-01-08 08:25:00.000,189.82,189.9,189.71,189.85,23537
2026-01-08 08:30:00.000,189.88,189.98,189.6401,189.7003,21174
2026-01-08 08:35:00.000,189.7168,189.85,189.69,189.78,13829
2026-01-08 08:40:00.000,189.75,189.8498,189.75,189.78,12817
2026-01-08 08:45:00.000,189.7,189.7485,189.63,189.66,20372
2026-01-08 08:50:00.000,189.65,189.8,189.6,189.69,20618
2026-01-08 08:55:00.000,189.71,189.78,189.7,189.78,14796
2026-01-08 09:00:00.000,189.751,189.751,189.6,189.7106,26145
2026-01-08 09:05:00.000,189.72,189.74,189.61,189.68,17466
2026-01-08 09:10:00.000,189.68,189.8,189.4263,189.4501,43570
2026-01-08 09:15:00.000,189.45,189.45,189.29,189.31,57131
2026-01-08 09:20:00.000,189.349,189.36,189.25,189.2501,37576
2026-01-08 09:25:00.000,189.29,189.5499,189.01,189.11,47500
2026-01-08 09:30:00.000,189.12,189.55,188.14,188.215,3248551
2026-01-08 09:35:00.000,188.21,188.6,187.63,188.135,1935643
2026-01-08 09:40:00.000,188.15,188.2499,186.91,187.03,2008766
2026-01-08 09:45:00.000,187.025,187.49,186.68,186.765,1876516
2026-01-08 09:50:00.000,186.765,186.7667,185.68,186.12,2901240
2026-01-08 09:55:00.000,186.09,186.35,185.01,185.05,2245736
2026-01-08 10:00:00.000,185.04,185.61,184.6601,185.5555,2839037
2026-01-08 10:05:00.000,185.545,186.12,185.48,186.0699,2068364
2026-01-08 10:10:00.000,186.06,186.24,185.715,186.18,1450130
2026-01-08 10:15:00.000,186.185,186.26,185.77,185.95,1234318
2026-01-08 10:20:00.000,185.95,186.139,185.3698,185.74,1385907
2026-01-08 10:25:00.000,185.74,186.165,185.6416,186.1,1091336
2026-01-08 10:30:00.000,186.08,186.864,186.06,186.43,2019088
2026-01-08 10:35:00.000,186.43,186.46,185.59,186.29,1707381
2026-01-08 10:40:00.000,186.28,186.93,185.98,186.875,1417953
2026-01-08 10:45:00.000,186.87,186.95,185.92,185.975,1410749
2026-01-08 10:50:00.000,185.98,186.01,185.32,185.3999,1259529
2026-01-08 10:55:00.000,185.4014,185.7,185.015,185.4629,1571232
2026-01-08 11:00:00.000,185.47,185.75,185.03,185.74,1112566
2026-01-08 11:05:00.000,185.735,185.78,185.085,185.41,1027048
2026-01-08 11:10:00.000,185.4199,185.465,184.78,184.865,1499624
2026-01-08 11:15:00.000,184.87,185.36,184.79,185.225,977622
2026-01-08 11:20:00.000,185.23,185.57,184.875,184.935,1165430
2026-01-08 11:25:00.000,184.94,185.175,184.62,184.88,1321924
2026-01-08 11:30:00.000,184.87,185.08,184.71,184.875,860509
2026-01-08 11:35:00.000,184.87,185.16,184.43,184.87,1178815
2026-01-08 11:40:00.000,184.87,185.13,184.83,185.0601,768035
2026-01-08 11:45:00.000,185.08,185.445,185.08,185.22,879937
2026-01-08 11:50:00.000,185.23,185.305,184.72,184.9154,818319
2026-01-08 11:55:00.000,184.91,184.97,184.764,184.825,567458
2026-01-08 12:00:00.000,184.82,184.885,184.28,184.4498,937019
2026-01-08 12:05:00.000,184.44,184.44,184.06,184.365,1087728
2026-01-08 12:10:00.000,184.36,184.49,184.2301,184.3784,729156
2026-01-08 12:15:00.000,184.37,184.715,184.35,184.715,840562
2026-01-08 12:20:00.000,184.715,184.81,184.44,184.54,766621
2026-01-08 12:25:00.000,184.535,184.55,184.19,184.2558,722913
2026-01-08 12:30:00.000,184.255,184.36,183.83,183.94,1271273
2026-01-08 12:35:00.000,183.92,184.16,183.86,184.11,958113
2026-01-08 12:40:00.000,184.1,184.55,184.06,184.368,1031191
2026-01-08 12:45:00.000,184.365,184.6,184.33,184.495,725848
2026-01-08 12:50:00.000,184.5,184.71,184.499,184.64,694903
2026-01-08 12:55:00.000,184.65,184.75,184.47,184.49,728603
2026-01-08 13:00:00.000,184.4802,184.57,184.185,184.45,907371
2026-01-08 13:05:00.000,184.45,184.48,184.275,184.38,700652
2026-01-08 13:10:00.000,184.39,184.5,184.17,184.3,735503
2026-01-08 13:15:00.000,184.305,184.87,184.256,184.8306,872610
2026-01-08 13:20:00.000,184.835,184.88,184.5201,184.59,792592
2026-01-08 13:25:00.000,184.595,184.84,184.53,184.75,728186
2026-01-08 13:30:00.000,184.74,184.765,184.41,184.4375,647032
2026-01-08 13:35:00.000,184.44,184.605,184.34,184.5775,596925
2026-01-08 13:40:00.000,184.58,184.88,184.555,184.86,680418
2026-01-08 13:45:00.000,184.865,184.89,184.685,184.8265,651147
2026-01-08 13:50:00.000,184.825,184.85,184.28,184.28,723654
2026-01-08 13:55:00.000,184.28,184.32,184.0775,184.19,885212
2026-01-08 14:00:00.000,184.18,184.46,184.04,184.2901,1113867
2026-01-08 14:05:00.000,184.29,184.44,184.02,184.02,724951
2026-01-08 14:10:00.000,184.03,184.12,183.87,183.9599,852450
2026-01-08 14:15:00.000,183.9659,184.15,183.79,184.145,918442
2026-01-08 14:20:00.000,184.135,184.2476,183.71,183.97,958915
2026-01-08 14:25:00.000,183.9601,184.15,183.915,184.15,560890
2026-01-08 14:30:00.000,184.155,184.355,184.14,184.3498,754788
2026-01-08 14:35:00.000,184.35,184.3665,184.22,184.245,540781
2026-01-08 14:40:00.000,184.24,184.645,184.22,184.6401,909627
2026-01-08 14:45:00.000,184.645,184.68,184.375,184.68,822577
2026-01-08 14:50:00.000,184.68,185.01,184.67,184.915,851911
2026-01-08 14:55:00.000,184.91,184.91,184.47,184.64,984330
2026-01-08 15:00:00.000,184.65,184.805,184.56,184.7503,684544
2026-01-08 15:05:00.000,184.755,184.755,184.53,184.64,932272
2026-01-08 15:10:00.000,184.65,184.995,184.645,184.9,831527
2026-01-08 15:15:00.000,184.915,185.01,184.78,184.865,712706
2026-01-08 15:20:00.000,184.865,184.99,184.75,184.84,716996
2026-01-08 15:25:00.000,184.86,185.27,184.855,185.1865,930961
2026-01-08 15:30:00.000,185.21,185.32,185.1,185.285,883449
2026-01-08 15:35:00.000,185.285,185.34,185.17,185.19,925749
2026-01-08 15:40:00.000,185.19,185.19,184.77,184.96,920703
2026-01-08 15:45:00.000,184.96,185.07,184.915,185.0145,734481
2026-01-08 15:50:00.000,185.01,185.01,184.65,184.91,1114739
2026-01-08 15:55:00.000,184.91,185.21,184.89,185.09,2000795
2026-01-08 16:00:00.000,185.04,185.25,184.99,185.04,19591121
2026-01-08 16:05:00.000,185.12,185.1799,185.04,185.1797,69070
2026-01-08 16:10:00.000,185.14,185.249,185.04,185.22,26609
2026-01-08 16:15:00.000,185.2403,185.2403,185.04,185.1478,100237
2026-01-08 16:20:00.000,185.04,185.23,185.04,185.15,181379
2026-01-08 16:25:00.000,185.1669,185.17,185.115,185.1366,11112
2026-01-08 16:30:00.000,185.15,185.1984,185.14,185.16,14417
2026-01-08 16:35:00.000,185.16,185.3,185.15,185.3,22659
2026-01-08 16:40:00.000,185.3,185.35,185.28,185.3,19945
2026-01-08 16:45:00.000,185.25,185.28,185.04,185.12,122369
2026-01-08 16:50:00.000,185.11,185.23,185.11,185.2297,14334
2026-01-08 16:55:00.000,185.16,185.16,185.04,185.12,160146
2026-01-08 17:00:00.000,185.11,185.14,185.04,185.1,13640
2026-01-08 17:05:00.000,185.11,185.19,185.04,185.19,11782
2026-01-08 17:10:00.000,185.2,185.2001,185.1701,185.1701,9513
2026-01-08 17:15:00.000,185.19,185.2,185.18,185.2,17708
2026-01-08 17:20:00.000,185.2,185.23,185.2,185.2001,8076
2026-01-08 17:25:00.000,185.2,185.23,185.19,185.2268,4636
2026-01-08 17:30:00.000,185.2,185.22,185.2,185.21,10907
2026-01-08 17:35:00.000,185.2291,185.2291,185.21,185.21,8682
2026-01-08 17:40:00.000,185.2,185.22,185.2,185.22,2907
2026-01-08 17:45:00.000,185.22,185.22,185.21,185.2191,3851
2026-01-08 17:50:00.000,185.2101,185.24,185.04,185.24,125741
2026-01-08 17:55:00.000,185.24,185.24,185.22,185.2384,3177
2026-01-08 18:00:00.000,185.2397,185.28,185.2397,185.2601,16749
2026-01-08 18:05:00.000,185.27,185.29,185.2101,185.22,13207
2026-01-08 18:10:00.000,185.22,185.22,185.15,185.18,20528
2026-01-08 18:15:00.000,185.17,185.17,185.15,185.17,6220
2026-01-08 18:20:00.000,185.17,185.17,185.15,185.15,14084
2026-01-08 18:25:00.000,185.15,185.15,185.12,185.1208,6242
2026-01-08 18:30:00.000,185.1287,185.1468,185.11,185.13,9851
2026-01-08 18:35:00.000,185.13,185.13,185.0948,185.0948,3980
2026-01-08 18:40:00.000,185.101,185.101,185.05,185.06,17933
2026-01-08 18:45:00.000,185.06,185.07,185.03,185.07,7983
2026-01-08 18:50:00.000,185.06,185.0697,185.04,185.0697,5722
2026-01-08 18:55:00.000,185.0473,185.07,185.0306,185.04,7098
2026-01-08 19:00:00.000,185.0307,185.1,185.0307,185.09,12128
2026-01-08 19:05:00.000,185.08,185.12,185.08,185.1,16177
2026-01-08 19:10:00.000,185.1,185.12,185.0901,185.11,11016
2026-01-08 19:15:00.000,185.11,185.17,185.1,185.15,5158
2026-01-08 19:20:00.000,185.16,185.17,185.1092,185.1092,15180
2026-01-08 19:25:00.000,185.12,185.1299,185.04,185.07,11425
2026-01-08 19:30:00.000,185.08,185.15,185.0548,185.12,19217
2026-01-08 19:35:00.000,185.12,185.1401,185.12,185.1203,3300
2026-01-08 19:40:00.000,185.13,185.15,185.12,185.139,9198
2026-01-08 19:45:00.000,185.12,185.13,185.12,185.1212,6143
2026-01-08 19:50:00.000,185.1214,185.15,185.12,185.12,27087
2026-01-08 19:55:00.000,185.1201,185.1201,185.0,185.0201,21731
2026-01-08 20:00:00.000,185.0,185.42,185.0,185.34,3288
2026-01-08 20:05:00.000,185.33,185.33,185.22,185.26,804
2026-01-08 20:10:00.000,185.25,185.25,185.1,185.17,283
2026-01-08 20:15:00.000,185.18,185.19,185.13,185.14,389
2026-01-08 20:20:00.000,185.14,185.14,184.8,184.83,2834
2026-01-08 20:25:00.000,184.85,184.86,184.7,184.77,1102
2026-01-08 20:30:00.000,184.75,184.85,184.75,184.81,728
2026-01-08 20:35:00.000,184.85,184.89,184.79,184.85,692
2026-01-08 20:40:00.000,184.81,184.86,184.79,184.79,739
2026-01-08 20:45:00.000,184.79,184.83,184.74,184.78,1374
2026-01-08 20:50:00.000,184.78,184.8,184.74,184.76,432
2026-01-08 20:55:00.000,184.81,184.89,184.81,184.85,165
2026-01-08 21:00:00.000,184.79,184.9,184.79,184.84,444
2026-01-08 21:05:00.000,184.89,184.89,184.8,184.8,572
2026-01-08 21:10:00.000,184.84,184.9,184.8,184.81,585
2026-01-08 21:15:00.000,184.8,184.87,184.77,184.87,815
2026-01-08 21:20:00.000,184.94,185.11,184.91,185.11,1871
2026-01-08 21:25:00.000,185.11,185.13,184.98,185.0,2500
2026-01-08 21:30:00.000,185.0,185.04,184.98,185.03,549
2026-01-08 21:35:00.000,185.0,185.02,184.89,184.93,475
2026-01-08 21:40:00.000,184.92,184.99,184.82,184.96,729
2026-01-08 21:45:00.000,184.95,185.0,184.9,184.98,1616
2026-01-08 21:50:00.000,184.97,184.97,184.9,184.93,528
2026-01-08 21:55:00.000,184.96,185.02,184.93,184.98,431
2026-01-08 22:00:00.000,185.02,185.02,184.88,184.9,2873
2026-01-08 22:05:00.000,184.9,184.94,184.9,184.94,436
2026-01-08 22:10:00.000,184.93,184.94,184.9,184.93,100
2026-01-08 22:15:00.000,184.93,185.0,184.91,185.0,106
2026-01-08 22:20:00.000,185.0,185.02,184.97,184.97,344
2026-01-08 22:25:00.000,184.96,184.99,184.95,184.96,539
2026-01-08 22:30:00.000,184.95,184.96,184.91,184.91,1381
2026-01-08 22:35:00.000,184.91,184.99,184.91,184.99,173
2026-01-08 22:40:00.000,184.98,184.99,184.97,184.99,147
2026-01-08 22:45:00.000,184.97,185.0,184.94,184.97,136
2026-01-08 22:50:00.000,184.93,184.96,184.92,184.95,156
2026-01-08 22:55:00.000,184.92,184.94,184.91,184.92,149
2026-01-08 23:00:00.000,184.92,184.95,184.92,184.92,306
2026-01-08 23:05:00.000,184.93,184.96,184.92,184.93,343
2026-01-08 23:10:00.000,184.92,184.94,184.9,184.94,515
2026-01-08 23:15:00.000,184.98,184.98,184.91,184.92,1461
2026-01-08 23:20:00.000,184.92,184.94,184.91,184.92,1503
2026-01-08 23:25:00.000,184.92,184.99,184.92,184.97,170
2026-01-08 23:30:00.000,184.97,185.06,184.97,185.06,477
2026-01-08 23:35:00.000,185.05,185.09,185.02,185.09,591
2026-01-08 23:40:00.000,185.06,185.09,185.06,185.08,568
2026-01-08 23:45:00.000,185.08,185.1,185.02,185.02,393
2026-01-08 23:50:00.000,185.02,185.07,185.02,185.05,318
2026-01-08 23:55:00.000,185.04,185.1,185.04,185.1,291
2026-01-09 00:00:00.000,185.12,185.18,185.09,185.13,294
2026-01-09 00:05:00.000,185.1,185.13,185.04,185.1,453
2026-01-09 00:10:00.000,185.1,185.14,185.1,185.14,166
2026-01-09 00:15:00.000,185.11,185.12,185.1,185.11,783
2026-01-09 00:20:00.000,185.13,185.13,185.08,185.1,962
2026-01-09 00:25:00.000,185.15,185.18,185.14,185.17,317
2026-01-09 00:30:00.000,185.17,185.17,185.12,185.15,373
2026-01-09 00:35:00.000,185.11,185.15,185.08,185.15,417
2026-01-09 00:40:00.000,185.13,185.15,185.08,185.1,315
2026-01-09 00:45:00.000,185.09,185.1,185.05,185.1,517
2026-01-09 00:50:00.000,185.07,185.08,185.05,185.05,939
2026-01-09 00:55:00.000,185.05,185.11,185.04,185.07,1072
2026-01-09 01:00:00.000,185.07,185.11,185.07,185.08,119
2026-01-09 01:05:00.000,185.11,185.11,185.07,185.07,331
2026-01-09 01:10:00.000,185.07,185.1,185.05,185.09,503
2026-01-09 01:15:00.000,185.07,185.08,185.07,185.08,55
2026-01-09 01:20:00.000,185.08,185.09,185.06,185.09,31
2026-01-09 01:25:00.000,185.07,185.07,185.04,185.04,85
2026-01-09 01:30:00.000,185.05,185.06,185.05,185.06,327
2026-01-09 01:35:00.000,185.06,185.06,185.03,185.06,169
2026-01-09 01:40:00.000,185.06,185.08,185.05,185.07,228
2026-01-09 01:45:00.000,185.07,185.1,185.07,185.1,448
2026-01-09 01:50:00.000,185.09,185.13,185.09,185.12,1296
2026-01-09 01:55:00.000,185.12,185.18,185.12,185.18,792
2026-01-09 02:00:00.000,185.16,185.18,185.12,185.18,176
2026-01-09 02:05:00.000,185.16,185.18,185.13,185.13,320
2026-01-09 02:10:00.000,185.15,185.15,185.15,185.15,78
2026-01-09 02:15:00.000,185.18,185.19,185.12,185.12,238
2026-01-09 02:20:00.000,185.13,185.13,185.09,185.12,1545
2026-01-09 02:25:00.000,185.07,185.07,185.06,185.07,574
2026-01-09 02:30:00.000,185.07,185.07,185.04,185.06,245
2026-01-09 02:35:00.000,185.06,185.15,185.02,185.12,1018
2026-01-09 02:40:00.000,185.12,185.2,185.12,185.2,508
2026-01-09 02:45:00.000,185.19,185.2,185.17,185.18,196
2026-01-09 02:50:00.000,185.18,185.18,185.16,185.18,786
2026-01-09 02:55:00.000,185.18,185.21,185.16,185.21,149
2026-01-09 03:00:00.000,185.18,185.25,185.18,185.22,391
2026-01-09 03:05:00.000,185.22,185.28,185.22,185.28,1208
2026-01-09 03:10:00.000,185.26,185.35,185.26,185.33,412
2026-01-09 03:15:00.000,185.32,185.4,185.31,185.4,1094
2026-01-09 03:20:00.000,185.39,185.43,185.37,185.37,784
2026-01-09 03:25:00.000,185.38,185.41,185.32,185.41,252
2026-01-09 03:30:00.000,185.45,185.45,185.29,185.3,222
2026-01-09 03:35:00.000,185.38,185.38,185.23,185.24,472
2026-01-09 03:40:00.000,185.24,185.25,185.21,185.22,305
2026-01-09 03:45:00.000,185.23,185.23,185.1,185.1,182
2026-01-09 03:50:00.000,185.12,185.13,185.03,185.03,49
2026-01-09 03:55:00.000,185.01,185.05,185.0,185.05,287
2026-01-09 04:00:00.000,185.14,185.2,185.06,185.15,1945
2026-01-09 04:05:00.000,185.17,185.41,185.17,185.41,2899
2026-01-09 04:10:00.000,185.41,185.45,185.37,185.45,2261
2026-01-09 04:15:00.000,185.5,185.6,185.49,185.6,4938
2026-01-09 04:20:00.000,185.59,185.59,185.55,185.57,1032
2026-01-09 04:25:00.000,185.55,185.67,185.55,185.67,3134
2026-01-09 04:30:00.000,185.7,185.79,185.7,185.79,1510
2026-01-09 04:35:00.000,185.79,185.8,185.75,185.75,2924
2026-01-09 04:40:00.000,185.65,185.66,185.63,185.63,550
2026-01-09 04:45:00.000,185.56,185.72,185.54,185.54,6392
2026-01-09 04:50:00.000,185.59,185.6,185.59,185.6,327
2026-01-09 05:00:00.000,185.73,185.73,185.73,185.73,290
2026-01-09 05:05:00.000,185.68,185.75,185.68,185.75,338
2026-01-09 05:10:00.000,185.72,185.77,185.71,185.71,3479
2026-01-09 05:15:00.000,185.7,185.75,185.7,185.75,300
2026-01-09 05:20:00.000,185.81,185.9,185.81,185.9,1316
2026-01-09 05:25:00.000,185.85,185.85,185.75,185.75,2748
2026-01-09 05:30:00.000,185.75,185.75,185.75,185.75,818
2026-01-09 05:35:00.000,185.89,185.89,185.81,185.84,896
2026-01-09 05:40:00.000,185.85,185.85,185.73,185.73,1604
2026-01-09 05:45:00.000,185.7,185.75,185.7,185.75,795
2026-01-09 05:50:00.000,185.71,185.75,185.69,185.75,484
2026-01-09 06:00:00.000,185.69,185.69,185.61,185.62,755
2026-01-09 06:05:00.000,185.53,185.53,185.45,185.52,2885
2026-01-09 06:10:00.000,185.6,185.6,185.6,185.6,117
2026-01-09 06:15:00.000,185.58,185.6,185.57,185.6,627
2026-01-09 06:20:00.000,185.69,185.69,185.69,185.69,400
2026-01-09 06:25:00.000,185.64,185.64,185.64,185.64,588
2026-01-09 06:30:00.000,185.69,185.78,185.69,185.78,2255
2026-01-09 06:35:00.000,185.84,185.84,185.78,185.78,585
2026-01-09 06:40:00.000,185.77,187.0,185.74,186.59,22218
2026-01-09 06:45:00.000,186.46,186.52,185.8,185.8,16693
2026-01-09 06:50:00.000,185.94,186.0,185.94,185.98,5366
2026-01-09 06:55:00.000,185.86,185.98,185.85,185.85,2200
2026-01-09 07:00:00.000,185.84,185.86,185.6,185.76,5002
2026-01-09 07:05:00.000,185.75,185.84,185.67,185.67,1882
2026-01-09 07:10:00.000,185.56,185.56,185.56,185.56,128
2026-01-09 07:15:00.000,185.57,185.62,185.55,185.62,2011
2026-01-09 07:20:00.000,185.62,185.63,185.6,185.62,1896
2026-01-09 07:25:00.000,185.64,185.66,185.56,185.56,1138
2026-01-09 07:30:00.000,185.59,185.59,185.59,185.59,222
2026-01-09 07:35:00.000,185.56,185.56,185.51,185.55,1865
2026-01-09 07:40:00.000,185.61,185.61,185.56,185.59,1636
2026-01-09 07:45:00.000,185.7,185.77,185.69,185.77,1074
2026-01-09 07:50:00.000,185.76,185.76,185.71,185.72,1613
2026-01-09 07:55:00.000,185.69,185.82,185.69,185.79,948
2026-01-09 08:00:00.000,185.75,186.97,185.01,185.78,291979
2026-01-09 08:05:00.000,185.78,185.96,185.7548,185.7548,19621
2026-01-09 08:10:00.000,185.77,185.8,185.43,185.69,27949
2026-01-09 08:15:00.000,185.66,185.78,185.6,185.72,23313
2026-01-09 08:20:00.000,185.72,185.8,185.6484,185.6484,18596
2026-01-09 08:25:00.000,185.632,185.8,185.57,185.8,27510
2026-01-09 08:30:00.000,185.8,186.15,185.6733,185.92,67299
2026-01-09 08:35:00.000,185.9393,186.09,185.83,185.84,53568
2026-01-09 08:40:00.000,185.8395,185.91,185.79,185.87,41889
2026-01-09 08:45:00.000,185.87,186.03,185.87,186.01,30717
2026-01-09 08:50:00.000,185.99,186.03,185.87,185.97,32847
2026-01-09 08:55:00.000,185.98,186.06,185.9007,186.02,17376
2026-01-09 09:00:00.000,186.04,186.24,185.99,186.0603,54344
2026-01-09 09:05:00.000,186.0764,186.08,185.9805,186.01,27312
2026-01-09 09:10:00.000,186.01,186.11,185.6,185.74,38127
2026-01-09 09:15:00.000,185.7382,185.8001,185.3774,185.52,51811
2026-01-09 09:20:00.000,185.5294,185.5447,185.2,185.4,47619
2026-01-09 09:25:00.000,185.45,185.68,184.88,185.05,93067
2026-01-09 09:30:00.000,185.08,185.25,183.6701,184.045,3292192
2026-01-09 09:35:00.000,184.05,185.72,184.03,185.63,1987080
2026-01-09 09:40:00.000,185.64,185.82,184.87,185.08,1932742
2026-01-09 09:45:00.000,185.1,185.38,184.21,184.67,1339995
2026-01-09 09:50:00.000,184.68,185.285,184.31,184.965,1246084
2026-01-09 09:55:00.000,184.965,185.0,184.39,184.79,1114739
2026-01-09 10:00:00.000,184.77,185.07,184.31,184.51,1200573
2026-01-09 10:05:00.000,184.53,184.7048,183.73,183.83,1522348
2026-01-09 10:10:00.000,183.835,185.07,183.75,184.9,1778823
2026-01-09 10:15:00.000,184.9,185.03,184.35,184.565,989751
2026-01-09 10:20:00.000,184.56,184.71,184.05,184.365,1198360
2026-01-09 10:25:00.000,184.36,185.2,184.35,184.962,1236112
2026-01-09 10:30:00.000,184.99,185.61,184.8,185.2835,1391325
2026-01-09 10:35:00.000,185.29,185.35,185.02,185.12,956016
2026-01-09 10:40:00.000,185.1201,185.21,184.49,184.55,1153837
2026-01-09 10:45:00.000,184.54,184.75,184.31,184.54,875903
2026-01-09 10:50:00.000,184.54,184.8288,184.535,184.6299,711267
2026-01-09 10:55:00.000,184.6131,184.905,184.495,184.885,924239
2026-01-09 11:00:00.000,184.88,185.34,184.85,185.04,849752
2026-01-09 11:05:00.000,185.035,185.565,184.9301,185.54,1041810
2026-01-09 11:10:00.000,185.545,185.56,185.07,185.305,798591
2026-01-09 11:15:00.000,185.3,185.34,185.021,185.18,723651
2026-01-09 11:20:00.000,185.1825,185.24,185.1112,185.225,703895
2026-01-09 11:25:00.000,185.22,185.52,185.17,185.31,926406
2026-01-09 11:30:00.000,185.305,185.7,185.2375,185.46,868230
2026-01-09 11:35:00.000,185.445,185.4599,185.13,185.225,662775
2026-01-09 11:40:00.000,185.23,185.39,185.16,185.24,679247
2026-01-09 11:45:00.000,185.2402,185.375,185.19,185.2899,577479
2026-01-09 11:50:00.000,185.285,185.49,185.21,185.285,619721
2026-01-09 11:55:00.000,185.285,185.4,185.18,185.345,551860
2026-01-09 12:00:00.000,185.345,185.5,185.27,185.42,559920
2026-01-09 12:05:00.000,185.41,185.45,185.23,185.2968,408393
2026-01-09 12:10:00.000,185.31,185.335,185.025,185.0702,549437
2026-01-09 12:15:00.000,185.075,185.12,184.755,184.7799,796400
2026-01-09 12:20:00.000,184.773,185.09,184.69,185.065,948963
2026-01-09 12:25:00.000,185.06,185.1,184.935,184.9541,561074
2026-01-09 12:30:00.000,184.95,184.9805,184.725,184.89,678155
2026-01-09 12:35:00.000,184.8801,185.005,184.64,185.0025,918351
2026-01-09 12:40:00.000,184.99,185.1199,184.8243,185.0699,616518
2026-01-09 12:45:00.000,185.065,185.19,184.93,185.03,678857
2026-01-09 12:50:00.000,185.0107,185.13,184.87,184.915,553935
2026-01-09 12:55:00.000,184.905,185.15,184.85,185.05,551576
2026-01-09 13:00:00.000,185.04,185.07,184.82,185.02,578593
2026-01-09 13:05:00.000,185.02,185.23,184.77,184.805,715856
2026-01-09 13:10:00.000,184.8099,185.03,184.8,184.875,526610
2026-01-09 13:15:00.000,184.875,184.99,184.8551,184.965,402930
2026-01-09 13:20:00.000,184.96,185.12,184.92,185.035,457062
2026-01-09 13:25:00.000,185.0301,185.2125,184.92,185.185,473588
2026-01-09 13:30:00.000,185.185,185.26,185.08,185.115,548825
2026-01-09 13:35:00.000,185.1099,185.39,185.089,185.295,559342
2026-01-09 13:40:00.000,185.3,185.375,185.13,185.155,553428
2026-01-09 13:45:00.000,185.155,185.24,185.1,185.2,420660
2026-01-09 13:50:00.000,185.195,185.33,185.12,185.3254,460377
2026-01-09 13:55:00.000,185.33,185.42,185.26,185.36,533705
2026-01-09 14:00:00.000,185.36,185.6599,185.245,185.6313,744486
2026-01-09 14:05:00.000,185.635,186.15,185.59,186.14,1600943
2026-01-09 14:10:00.000,186.1483,186.34,185.84,185.855,1204053
2026-01-09 14:15:00.000,185.86,186.04,185.81,185.975,875308
2026-01-09 14:20:00.000,185.98,186.07,185.86,185.88,656113
2026-01-09 14:25:00.000,185.88,185.96,185.85,185.8801,427250
2026-01-09 14:30:00.000,185.885,186.05,184.9701,185.85,689613
2026-01-09 14:35:00.000,185.8429,186.08,185.81,186.03,653474
2026-01-09 14:40:00.000,186.035,186.06,185.84,185.92,401924
2026-01-09 14:45:00.000,185.91,186.05,185.76,185.765,423295
2026-01-09 14:50:00.000,185.7699,185.81,185.55,185.6141,560266
2026-01-09 14:55:00.000,185.61,185.73,185.5299,185.54,517526
2026-01-09 15:00:00.000,185.55,186.07,185.51,185.885,1143087
2026-01-09 15:05:00.000,185.8801,185.97,185.77,185.8399,542705
2026-01-09 15:10:00.000,185.835,185.88,185.795,185.815,324357
2026-01-09 15:15:00.000,185.815,186.0,185.795,185.835,548591
2026-01-09 15:20:00.000,185.84,185.965,185.78,185.835,558635
2026-01-09 15:25:00.000,185.84,185.87,185.5401,185.555,523134
2026-01-09 15:30:00.000,185.55,185.64,185.4318,185.5855,741048
2026-01-09 15:35:00.000,185.58,185.58,185.28,185.355,712902
2026-01-09 15:40:00.000,185.365,185.3799,185.15,185.33,792730
2026-01-09 15:45:00.000,185.33,185.455,185.2,185.455,678443
2026-01-09 15:50:00.000,185.45,185.46,184.85,184.9,1344586
2026-01-09 15:55:00.000,184.9,185.05,184.67,184.85,1924870
2026-01-09 16:00:00.000,184.86,185.05,184.825,184.93,16245543
2026-01-09 16:05:00.000,184.93,184.93,184.81,184.8999,120150
2026-01-09 16:10:00.000,184.9,184.98,184.86,184.9614,36103
2026-01-09 16:15:00.000,184.98,185.02,184.95,184.98,18595
2026-01-09 16:20:00.000,184.9716,185.01,184.86,185.0034,250032
2026-01-09 16:25:00.000,184.9997,184.9997,184.95,184.9559,11427
2026-01-09 16:30:00.000,184.95,184.97,184.95,184.96,14255
2026-01-09 16:35:00.000,184.9501,184.96,184.95,184.96,32606
2026-01-09 16:40:00.000,184.9643,184.9701,184.95,184.96,3101
2026-01-09 16:45:00.000,184.97,184.99,184.95,184.99,13428
2026-01-09 16:50:00.000,184.98,185.03,184.97,185.02,13279
2026-01-09 16:55:00.000,185.0,185.02,185.0,185.01,10005
2026-01-09 17:00:00.000,185.02,185.039,185.01,185.01,20280
2026-01-09 17:05:00.000,185.02,185.03,185.0,185.01,9887
2026-01-09 17:10:00.000,185.001,185.02,184.98,184.9964,1900
2026-01-09 17:15:00.000,185.0,185.01,184.96,184.97,4639
2026-01-09 17:20:00.000,184.98,184.9985,184.97,184.98,3340
2026-01-09 17:25:00.000,184.98,185.01,184.98,185.0,3580
2026-01-09 17:30:00.000,185.0016,185.01,184.98,184.9801,8857
2026-01-09 17:35:00.000,185.0,185.0,184.98,184.98,5394
2026-01-09 17:40:00.000,184.9882,184.99,184.97,184.97,13183
2026-01-09 17:45:00.000,184.97,184.99,184.96,184.99,860
2026-01-09 17:50:00.000,184.97,185.0,184.97,184.97,5785
2026-01-09 17:55:00.000,184.9798,184.99,184.9798,184.99,2080
2026-01-09 18:00:00.000,184.98,185.01,184.98,185.0,4916
2026-01-09 18:05:00.000,185.0,185.02,185.0,185.01,10380
2026-01-09 18:10:00.000,185.0,185.02,185.0,185.0016,5497
2026-01-09 18:15:00.000,185.0002,185.0002,184.99,184.99,3514
2026-01-09 18:20:00.000,184.99,185.0,184.98,184.98,12157
2026-01-09 18:25:00.000,184.9898,184.99,184.9801,184.9899,4855
2026-01-09 18:30:00.000,184.99,184.99,184.98,184.9899,5890
2026-01-09 18:35:00.000,184.99,184.99,184.97,184.9703,5595
2026-01-09 18:40:00.000,184.97,184.98,184.97,184.98,3881
2026-01-09 18:45:00.000,184.97,184.98,184.96,184.9603,8186
2026-01-09 18:50:00.000,184.96,184.97,184.9364,184.97,2335
2026-01-09 18:55:00.000,184.9484,184.95,184.9,184.94,9000
2026-01-09 19:00:00.000,184.94,184.94,184.9,184.91,7649
2026-01-09 19:05:00.000,184.9,184.93,184.9,184.93,2805
2026-01-09 19:10:00.000,184.9101,184.93,184.8908,184.9,4900
2026-01-09 19:15:00.000,184.9,184.9,184.88,184.89,3709
2026-01-09 19:20:00.000,184.89,184.9199,184.88,184.9199,8461
2026-01-09 19:25:00.000,184.92,184.93,184.88,184.91,10124
2026-01-09 19:30:00.000,184.9,184.9,184.87,184.89,5488
2026-01-09 19:35:00.000,184.9,184.9,184.87,184.8891,4601
2026-01-09 19:40:00.000,184.9,184.9,184.87,184.8999,5541
2026-01-09 19:45:00.000,184.89,184.92,184.88,184.92,5153
2026-01-09 19:50:00.000,184.9099,184.94,184.9099,184.94,13681
2026-01-09 19:55:00.000,184.949,184.985,184.93,184.9701,26970
2026-01-11 20:00:00.000,184.17,184.96,183.9,183.94,23715
2026-01-11 20:05:00.000,183.93,183.99,183.9,183.92,4999
2026-01-11 20:10:00.000,183.91,183.93,183.89,183.92,7493
2026-01-11 20:15:00.000,183.91,184.11,183.9,184.02,9091
2026-01-11 20:20:00.000,184.01,184.01,183.95,183.95,7599
2026-01-11 20:25:00.000,183.92,183.96,183.83,183.85,4605
2026-01-11 20:30:00.000,183.83,183.84,183.6,183.64,9514
2026-01-11 20:35:00.000,183.62,183.79,183.6,183.65,3977
2026-01-11 20:40:00.000,183.63,183.74,183.61,183.66,3393
2026-01-11 20:45:00.000,183.66,183.74,183.63,183.73,3162
2026-01-11 20:50:00.000,183.73,183.76,183.65,183.71,5320
2026-01-11 20:55:00.000,183.72,183.75,183.71,183.74,595
2026-01-11 21:00:00.000,183.74,183.74,183.63,183.65,4455
2026-01-11 21:05:00.000,183.64,183.64,183.56,183.6,1527
2026-01-11 21:10:00.000,183.56,183.6,183.54,183.58,1676
2026-01-11 21:15:00.000,183.58,183.58,183.31,183.31,4652
2026-01-11 21:20:00.000,183.3,183.3,183.0,183.08,6362
2026-01-11 21:25:00.000,183.06,183.33,183.06,183.33,2706
2026-01-11 21:30:00.000,183.33,183.48,183.31,183.46,2584
2026-01-11 21:35:00.000,183.45,183.52,183.35,183.4,3181
2026-01-11 21:40:00.000,183.42,183.42,183.35,183.36,2370
2026-01-11 21:45:00.000,183.35,183.49,183.35,183.49,1374
2026-01-11 21:50:00.000,183.47,183.59,183.46,183.47,1484
2026-01-11 21:55:00.000,183.45,183.45,183.39,183.43,803
2026-01-11 22:00:00.000,183.45,183.53,183.44,183.45,735
2026-01-11 22:05:00.000,183.44,183.5,183.39,183.4,1895
2026-01-11 22:10:00.000,183.4,183.4,183.28,183.33,2708
2026-01-11 22:15:00.000,183.33,183.43,183.31,183.43,2037
2026-01-11 22:20:00.000,183.45,183.47,183.39,183.47,638
2026-01-11 22:25:00.000,183.47,183.49,183.44,183.49,971
2026-01-11 22:30:00.000,183.46,183.47,183.4,183.45,1108
2026-01-11 22:35:00.000,183.44,183.44,183.35,183.4,597
2026-01-11 22:40:00.000,183.39,183.41,183.37,183.37,543
2026-01-11 22:45:00.000,183.37,183.37,183.1,183.24,1016
2026-01-11 22:50:00.000,183.31,183.34,183.27,183.29,686
2026-01-11 22:55:00.000,183.33,183.39,183.31,183.34,532
2026-01-11 23:00:00.000,183.39,183.39,183.34,183.37,327
2026-01-11 23:05:00.000,183.37,183.38,183.33,183.33,730
2026-01-11 23:10:00.000,183.36,183.36,183.24,183.25,995
2026-01-11 23:15:00.000,183.28,183.3,183.21,183.22,452
2026-01-11 23:20:00.000,183.24,183.25,183.2,183.23,597
2026-01-11 23:25:00.000,183.21,183.21,183.15,183.17,1223
2026-01-11 23:30:00.000,183.17,183.23,183.17,183.22,300
2026-01-11 23:35:00.000,183.22,183.23,183.2,183.22,357
2026-01-11 23:40:00.000,183.23,183.28,183.22,183.25,2864
2026-01-11 23:45:00.000,183.25,183.28,183.22,183.26,470
2026-01-11 23:50:00.000,183.26,183.26,183.22,183.23,429
2026-01-11 23:55:00.000,183.26,183.26,183.24,183.26,2283
2026-01-12 00:00:00.000,183.28,183.3,183.25,183.25,483
2026-01-12 00:05:00.000,183.24,183.24,183.21,183.24,190
2026-01-12 00:10:00.000,183.24,183.3,183.24,183.24,904
2026-01-12 00:15:00.000,183.23,183.27,183.2,183.27,285
2026-01-12 00:20:00.000,183.28,183.31,183.24,183.24,464
2026-01-12 00:25:00.000,183.26,183.26,183.09,183.12,846
2026-01-12 00:30:00.000,183.12,183.13,183.01,183.09,873
2026-01-12 00:35:00.000,183.07,183.1,183.03,183.05,333
2026-01-12 00:40:00.000,183.02,183.05,183.0,183.0,5074
2026-01-12 00:45:00.000,183.0,183.03,182.78,182.78,4000
2026-01-12 00:50:00.000,182.8,183.02,182.8,182.94,1168
2026-01-12 00:55:00.000,183.0,183.05,182.97,183.0,2346
2026-01-12 01:00:00.000,183.04,183.04,182.98,183.03,484
2026-01-12 01:05:00.000,183.01,183.08,183.0,183.07,595
2026-01-12 01:10:00.000,183.09,183.17,183.06,183.07,1756
2026-01-12 01:15:00.000,183.05,183.07,183.0,183.0,800
2026-01-12 01:20:00.000,183.0,183.0,182.9,182.98,1687
2026-01-12 01:25:00.000,182.99,183.0,182.91,182.96,526
2026-01-12 01:30:00.000,182.96,183.06,182.93,182.93,478
2026-01-12 01:35:00.000,182.95,183.03,182.93,182.95,1330
2026-01-12 01:40:00.000,182.93,182.97,182.92,182.95,595
2026-01-12 01:45:00.000,182.94,183.04,182.94,183.04,414
2026-01-12 01:50:00.000,183.0,183.02,182.94,182.96,634
2026-01-12 01:55:00.000,182.96,182.96,182.92,182.94,555
2026-01-12 02:00:00.000,182.94,183.04,182.9,183.04,1460
2026-01-12 02:05:00.000,183.06,183.2,183.06,183.18,1416
2026-01-12 02:10:00.000,183.2,183.23,183.14,183.23,430
2026-01-12 02:15:00.000,183.24,183.29,183.23,183.26,267
2026-01-12 02:20:00.000,183.25,183.28,183.25,183.27,126
2026-01-12 02:25:00.000,183.28,183.29,183.26,183.27,584
2026-01-12 02:30:00.000,183.27,183.28,183.25,183.28,209
2026-01-12 02:35:00.000,183.29,183.29,183.24,183.27,103
2026-01-12 02:40:00.000,183.27,183.29,183.26,183.27,2088
2026-01-12 02:45:00.000,183.26,183.27,183.26,183.27,2523
2026-01-12 02:50:00.000,183.27,183.27,183.25,183.25,452
2026-01-12 02:55:00.000,183.25,183.26,183.21,183.21,256
2026-01-12 03:00:00.000,183.24,183.32,183.06,183.24,2596
2026-01-12 03:05:00.000,183.24,183.3,183.2,183.29,197
2026-01-12 03:10:00.000,183.28,183.28,183.2,183.2,60
2026-01-12 03:15:00.000,183.15,183.15,183.0,183.01,799
2026-01-12 03:20:00.000,183.01,183.01,182.69,182.8,2055
2026-01-12 03:25:00.000,182.78,182.85,182.75,182.77,1570
2026-01-12 03:30:00.000,182.76,182.76,182.52,182.56,1877
2026-01-12 03:35:00.000,182.56,182.6,182.46,182.47,1753
2026-01-12 03:40:00.000,182.45,182.56,182.42,182.47,519
2026-01-12 03:45:00.000,182.49,182.52,182.39,182.45,860
2026-01-12 03:50:00.000,182.44,182.57,182.42,182.57,980
2026-01-12 03:55:00.000,182.6,182.7,182.56,182.69,416
2026-01-12 04:00:00.000,182.84,182.89,182.6,182.6,3511
2026-01-12 04:05:00.000,182.66,182.86,182.63,182.8,6516
2026-01-12 04:10:00.000,182.8,182.82,182.7,182.8,1416
2026-01-12 04:15:00.000,182.79,182.79,182.6,182.65,993
2026-01-12 04:20:00.000,182.71,182.81,182.6,182.6,2643
2026-01-12 04:25:00.000,182.6,182.6,182.56,182.58,2293
2026-01-12 04:30:00.000,182.65,182.66,182.47,182.47,6118
2026-01-12 04:35:00.000,182.51,182.58,182.49,182.52,2956
2026-01-12 04:40:00.000,182.53,182.53,182.52,182.53,1332
2026-01-12 04:45:00.000,182.59,182.61,182.59,182.59,1659
2026-01-12 04:50:00.000,182.63,182.71,182.6,182.71,1196
2026-01-12 04:55:00.000,182.77,182.77,182.63,182.63,1060
2026-01-12 05:00:00.000,182.67,182.78,182.67,182.69,1798
2026-01-12 05:05:00.000,182.7,182.77,182.6,182.65,2166
2026-01-12 05:10:00.000,182.65,182.72,182.53,182.57,1986
2026-01-12 05:15:00.000,182.53,182.76,182.5,182.75,3730
2026-01-12 05:20:00.000,182.75,182.75,182.55,182.55,627
2026-01-12 05:25:00.000,182.57,182.67,182.54,182.67,479
2026-01-12 05:30:00.000,182.69,182.7,182.65,182.7,712
2026-01-12 05:35:00.000,182.7,182.73,182.67,182.73,1283
2026-01-12 05:40:00.000,182.75,182.75,182.64,182.67,2520
2026-01-12 05:45:00.000,182.64,182.67,182.62,182.67,1267
2026-01-12 05:50:00.000,182.61,182.63,182.61,182.63,1447
2026-01-12 05:55:00.000,182.6,182.63,182.4,182.4,4671
2026-01-12 06:00:00.000,182.47,182.58,182.4,182.5,5536
2026-01-12 06:05:00.000,182.47,182.51,182.47,182.51,200
2026-01-12 06:10:00.000,182.58,182.85,182.58,182.85,1864
2026-01-12 06:15:00.000,182.8,182.8,182.73,182.76,1173
2026-01-12 06:20:00.000,182.69,182.71,182.68,182.7,400
2026-01-12 06:25:00.000,182.66,182.71,182.66,182.71,300
2026-01-12 06:30:00.000,182.65,182.65,182.63,182.63,626
2026-01-12 06:35:00.000,182.6,182.63,182.6,182.63,515
2026-01-12 06:40:00.000,182.77,182.77,182.77,182.77,222
2026-01-12 06:45:00.000,182.75,182.75,182.74,182.74,2468
2026-01-12 06:50:00.000,182.74,182.83,182.74,182.83,4405
2026-01-12 06:55:00.000,182.86,182.9,182.83,182.9,1676
2026-01-12 07:00:00.000,182.91,183.04,182.77,183.04,5061
2026-01-12 07:05:00.000,183.16,183.16,182.94,182.95,4568
2026-01-12 07:10:00.000,182.95,183.1,182.95,182.99,2958
2026-01-12 07:15:00.000,182.96,182.98,182.85,182.98,1729
2026-01-12 07:20:00.000,182.96,183.029,182.96,183.01,786
2026-01-12 07:25:00.000,183.0,183.0,182.96,183.0,2719
2026-01-12 07:30:00.000,182.95,183.01,182.93,183.01,1944
2026-01-12 07:35:00.000,182.99,183.01,182.85,182.87,3633
2026-01-12 07:40:00.000,182.83,182.99,182.83,182.98,1161
2026-01-12 07:45:00.000,182.97,183.02,182.97,183.019,3972
2026-01-12 07:50:00.000,183.03,183.099,183.03,183.08,1060
2026-01-12 07:55:00.000,183.05,183.09,183.03,183.07,1455
2026-01-12 08:00:00.000,183.08,183.29,182.4,183.21,299299
2026-01-12 08:05:00.000,182.77,183.31,182.77,182.99,28744
2026-01-12 08:10:00.000,183.04,183.2,183.0,183.02,12843
2026-01-12 08:15:00.000,183.0,183.17,182.99,183.12,25827
2026-01-12 08:20:00.000,183.159,183.4,183.11,183.17,23521
2026-01-12 08:25:00.000,183.2,183.28,183.2,183.2,14243
2026-01-12 08:30:00.000,183.22,183.26,183.07,183.2394,20709
2026-01-12 08:35:00.000,183.25,183.4,183.25,183.35,20106
2026-01-12 08:40:00.000,183.3448,183.39,183.23,183.38,13922
2026-01-12 08:45:00.000,183.33,183.5952,183.3,183.5,22482
2026-01-12 08:50:00.000,183.5001,183.5483,183.45,183.46,18959
2026-01-12 08:55:00.000,183.45,183.59,183.3743,183.43,35034
2026-01-12 09:00:00.000,183.43,183.43,183.23,183.25,20959
2026-01-12 09:05:00.000,183.24,183.249,182.9516,183.05,45193
2026-01-12 09:10:00.000,183.0505,183.12,183.01,183.09,29465
2026-01-12 09:15:00.000,183.1174,183.2,182.96,183.0932,30469
2026-01-12 09:20:00.000,183.1,183.13,182.9897,182.99,32416
2026-01-12 09:25:00.000,183.03,183.39,182.95,183.14,68096
2026-01-12 09:30:00.000,183.12,185.04,183.02,184.91,3428974
2026-01-12 09:35:00.000,184.91,186.2,184.91,186.0336,2223180
2026-01-12 09:40:00.000,186.03,186.12,184.805,185.1,1608429
2026-01-12 09:45:00.000,185.11,185.25,184.46,184.6518,1442156
2026-01-12 09:50:00.000,184.655,185.4299,183.5798,185.055,1360596
2026-01-12 09:55:00.000,185.0516,185.2799,184.68,184.91,1043309
2026-01-12 10:00:00.000,184.9,185.02,184.54,184.6,973138
2026-01-12 10:05:00.000,184.6099,185.06,184.57,184.94,888854
2026-01-12 10:10:00.000,184.94,185.21,184.69,185.0586,1034906
2026-01-12 10:15:00.000,185.075,185.08,184.76,184.95,798501
2026-01-12 10:20:00.000,184.9275,184.99,184.64,184.74,855006
2026-01-12 10:25:00.000,184.73,184.81,184.49,184.62,1002474
2026-01-12 10:30:00.000,184.6155,184.675,183.93,184.035,1422567
2026-01-12 10:35:00.000,184.0359,184.1799,183.73,183.93,1076191
2026-01-12 10:40:00.000,183.9301,184.19,183.789,184.11,931835
2026-01-12 10:45:00.000,184.1,184.265,183.9226,184.19,899183
2026-01-12 10:50:00.000,184.19,184.265,183.94,184.24,711766
2026-01-12 10:55:00.000,184.235,184.6,184.23,184.5001,953559
2026-01-12 11:00:00.000,184.5,184.66,184.35,184.3965,799454
2026-01-12 11:05:00.000,184.395,184.54,184.315,184.44,567625
2026-01-12 11:10:00.000,184.445,184.78,184.44,184.7701,770278
2026-01-12 11:15:00.000,184.77,185.19,184.75,185.16,1170003
2026-01-12 11:20:00.000,185.15,185.21,184.895,185.055,873737
2026-01-12 11:25:00.000,185.055,185.285,184.82,185.2399,808525
2026-01-12 11:30:00.000,185.235,185.3,184.94,184.96,722397
2026-01-12 11:35:00.000,184.955,185.035,184.78,184.83,561332
2026-01-12 11:40:00.000,184.825,184.9341,184.7626,184.91,510120
2026-01-12 11:45:00.000,184.9,184.98,184.64,184.94,720754
2026-01-12 11:50:00.000,184.95,185.52,184.93,185.4899,899632
2026-01-12 11:55:00.000,185.481,185.61,185.37,185.375,819304
2026-01-12 12:00:00.000,185.38,185.5,185.28,185.302,620593
2026-01-12 12:05:00.000,185.3026,185.57,185.3,185.57,721354
2026-01-12 12:10:00.000,185.5621,185.97,185.555,185.89,957181
2026-01-12 12:15:00.000,185.88,186.085,185.76,185.955,1034315
2026-01-12 12:20:00.000,185.9567,186.895,185.955,186.57,1860261
2026-01-12 12:25:00.000,186.56,186.65,186.1801,186.285,1167996
2026-01-12 12:30:00.000,186.28,186.29,186.04,186.2435,879832
2026-01-12 12:35:00.000,186.2499,186.424,186.11,186.1189,832320
2026-01-12 12:40:00.000,186.115,186.205,186.0,186.0,660854
2026-01-12 12:45:00.000,186.0,186.3,185.8,185.88,986994
2026-01-12 12:50:00.000,185.88,186.2599,185.82,186.2101,671538
2026-01-12 12:55:00.000,186.2399,186.27,186.14,186.2,451550
2026-01-12 13:00:00.000,186.21,186.41,186.12,186.3218,697852
2026-01-12 13:05:00.000,186.33,186.42,186.215,186.2454,605866
2026-01-12 13:10:00.000,186.24,186.4,186.16,186.4,516336
2026-01-12 13:15:00.000,186.4,186.61,186.24,186.565,729992
2026-01-12 13:20:00.000,186.57,186.63,186.47,186.5315,582276
2026-01-12 13:25:00.000,186.53,186.88,186.425,186.7801,904932
2026-01-12 13:30:00.000,186.78,186.86,186.515,186.5546,602049
2026-01-12 13:35:00.000,186.56,187.01,186.54,186.8924,971878
2026-01-12 13:40:00.000,186.895,187.01,186.8199,186.955,684280
2026-01-12 13:45:00.000,186.95,186.98,186.7,186.8306,711101
2026-01-12 13:50:00.000,186.84,187.01,186.7,186.7259,785352
2026-01-12 13:55:00.000,186.72,186.89,186.715,186.775,459521
2026-01-12 14:00:00.000,186.78,186.896,186.705,186.81,540157
2026-01-12 14:05:00.000,186.8199,186.93,186.625,186.71,614293
2026-01-12 14:10:00.000,186.715,186.93,186.66,186.84,505133
2026-01-12 14:15:00.000,186.8525,187.02,186.82,186.995,656540
2026-01-12 14:20:00.000,186.9999,187.12,186.89,186.965,691132
2026-01-12 14:25:00.000,186.97,187.01,186.9,186.99,454236
2026-01-12 14:30:00.000,186.9924,187.0,186.8,186.905,539472
2026-01-12 14:35:00.000,186.91,186.99,186.76,186.815,535520
2026-01-12 14:40:00.000,186.815,186.94,186.715,186.73,560683
2026-01-12 14:45:00.000,186.73,186.9,186.68,186.825,460458
2026-01-12 14:50:00.000,186.82,186.95,186.67,186.69,557563
2026-01-12 14:55:00.000,186.6912,186.72,186.56,186.595,618209
2026-01-12 15:00:00.000,186.595,186.62,186.18,186.235,740384
2026-01-12 15:05:00.000,186.23,186.27,186.05,186.0999,979807
2026-01-12 15:10:00.000,186.0901,186.12,185.9201,186.05,844704
2026-01-12 15:15:00.000,186.05,186.23,185.96,186.11,692095
2026-01-12 15:20:00.000,186.12,186.18,185.96,185.995,572996
2026-01-12 15:25:00.000,185.99,186.08,185.93,186.01,551532
2026-01-12 15:30:00.000,186.005,186.0375,185.825,185.84,670974
2026-01-12 15:35:00.000,185.8455,185.8455,185.64,185.68,787378
2026-01-12 15:40:00.000,185.67,185.6873,185.5,185.54,737296
2026-01-12 15:45:00.000,185.53,185.725,185.5,185.62,783998
2026-01-12 15:50:00.000,185.61,185.61,185.07,185.265,1125925
2026-01-12 15:55:00.000,185.25,185.3099,184.55,184.89,1915637
2026-01-12 16:00:00.000,184.89,185.0,184.79,184.81,22579795
2026-01-12 16:05:00.000,184.85,184.94,184.79,184.88,105407
2026-01-12 16:10:00.000,184.88,184.95,184.82,184.95,172162
2026-01-12 16:15:00.000,184.97,184.97,184.82,184.86,18231
2026-01-12 16:20:00.000,184.94,184.94,184.86,184.9,10537
2026-01-12 16:25:00.000,184.93,185.11,184.93,185.02,28780
2026-01-12 16:30:00.000,185.06,185.1099,185.04,185.1099,23681
2026-01-12 16:35:00.000,185.1005,185.1199,184.93,184.93,1282000
2026-01-12 16:40:00.000,184.9106,185.0,184.91,185.0,5276
2026-01-12 16:45:00.000,184.99,185.0,184.85,184.98,8141
2026-01-12 16:50:00.000,184.89,184.932,184.83,184.8601,5118
2026-01-12 16:55:00.000,184.86,184.9,184.8,184.8426,11305
2026-01-12 17:00:00.000,184.83,184.85,184.82,184.8301,7450
2026-01-12 17:05:00.000,184.83,184.96,184.8201,184.94,6184
2026-01-12 17:10:00.000,184.96,184.96,184.9006,184.9006,7498
2026-01-12 17:15:00.000,184.94,184.95,184.87,184.8935,3469
2026-01-12 17:20:00.000,184.91,184.93,184.87,184.9128,8316
2026-01-12 17:25:00.000,184.91,184.91,184.84,184.88,8660
2026-01-12 17:30:00.000,184.88,184.9197,184.8699,184.9001,7218
2026-01-12 17:35:00.000,184.9199,184.94,184.91,184.9399,4845
2026-01-12 17:40:00.000,184.95,185.01,184.94,184.9993,6060
2026-01-12 17:45:00.000,184.98,185.1,184.98,185.1,19816
2026-01-12 17:50:00.000,185.09,185.1,184.98,185.0,12408
2026-01-12 17:55:00.000,185.0,185.02,184.96,184.96,5482
2026-01-12 18:00:00.000,184.901,184.901,184.71,184.74,13265
2026-01-12 18:05:00.000,184.78,184.8,184.721,184.74,12812
2026-01-12 18:10:00.000,184.8,184.91,184.75,184.8906,14401
2026-01-12 18:15:00.000,184.89,184.9,184.8189,184.8189,13059
2026-01-12 18:20:00.000,184.85,185.0,184.81,185.0,12352
2026-01-12 18:25:00.000,185.0,185.0199,184.93,184.9887,16308
2026-01-12 18:30:00.000,184.9317,184.99,184.9317,184.9899,1127
2026-01-12 18:35:00.000,184.94,184.99,184.81,184.84,7303
2026-01-12 18:40:00.000,184.85,184.89,184.8,184.8,6749
2026-01-12 18:45:00.000,184.8,184.83,184.75,184.78,1588
2026-01-12 18:50:00.000,184.75,184.84,184.75,184.75,3274
2026-01-12 18:55:00.000,184.75,184.94,184.71,184.731,5678
2026-01-12 19:00:00.000,184.72,184.77,184.68,184.71,20377
2026-01-12 19:05:00.000,184.7428,184.76,184.72,184.7599,3221
2026-01-12 19:10:00.000,184.74,184.75,184.7,184.73,11781
2026-01-12 19:15:00.000,184.7414,184.7818,184.71,184.76,8751
2026-01-12 19:20:00.000,184.71,184.76,184.71,184.75,1133
2026-01-12 19:25:00.000,184.76,184.76,184.66,184.67,7342
2026-01-12 19:30:00.000,184.68,184.729,184.68,184.729,10055
2026-01-12 19:35:00.000,184.73,184.74,184.7,184.73,8668
2026-01-12 19:40:00.000,184.72,184.72,184.66,184.6928,14713
2026-01-12 19:45:00.000,184.6701,184.7288,184.6701,184.72,5108
2026-01-12 19:50:00.000,184.7,184.7,184.62,184.65,7164
2026-01-12 19:55:00.000,184.7,184.7,184.61,184.6899,23837
2026-01-12 20:00:00.000,184.7,184.77,184.64,184.73,868
2026-01-12 20:05:00.000,184.72,184.73,184.67,184.71,414
2026-01-12 20:10:00.000,184.74,184.74,184.5,184.5,1095
2026-01-12 20:15:00.000,184.49,184.56,184.4,184.41,899
2026-01-12 20:20:00.000,184.44,184.57,184.44,184.5,1009
2026-01-12 20:25:00.000,184.48,184.48,184.24,184.25,2258
2026-01-12 20:30:00.000,184.22,184.25,184.18,184.18,702
2026-01-12 20:35:00.000,184.18,184.18,184.14,184.14,1499
2026-01-12 20:40:00.000,184.15,184.15,184.04,184.15,3181
2026-01-12 20:45:00.000,184.18,184.28,184.1,184.22,587
2026-01-12 20:50:00.000,184.25,184.37,184.25,184.37,1002
2026-01-12 20:55:00.000,184.4,184.49,184.4,184.42,688
2026-01-12 21:00:00.000,184.45,184.59,184.45,184.53,396
2026-01-12 21:05:00.000,184.54,184.54,184.45,184.48,878
2026-01-12 21:10:00.000,184.52,184.56,184.52,184.54,247
2026-01-12 21:15:00.000,184.5,184.58,184.5,184.5,368
2026-01-12 21:20:00.000,184.47,184.52,184.45,184.5,401
2026-01-12 21:25:00.000,184.5,184.5,184.4,184.43,497
2026-01-12 21:30:00.000,184.46,184.56,184.43,184.55,1873
2026-01-12 21:35:00.000,184.56,184.6,184.56,184.6,895
2026-01-12 21:40:00.000,184.62,184.65,184.6,184.65,469
2026-01-12 21:45:00.000,184.62,184.65,184.54,184.56,649
2026-01-12 21:50:00.000,184.56,184.56,184.53,184.55,94
2026-01-12 21:55:00.000,184.55,184.55,184.53,184.53,335
2026-01-12 22:00:00.000,184.55,184.58,184.54,184.54,381
2026-01-12 22:05:00.000,184.54,184.6,184.54,184.56,160
2026-01-12 22:10:00.000,184.57,184.6,184.57,184.58,400
2026-01-12 22:15:00.000,184.56,184.59,184.55,184.59,182
2026-01-12 22:20:00.000,184.55,184.6,184.54,184.6,1048
2026-01-12 22:25:00.000,184.6,184.6,184.59,184.59,524
2026-01-12 22:30:00.000,184.59,184.6,184.4,184.4,1970
2026-01-12 22:35:00.000,184.39,184.43,184.35,184.37,410
2026-01-12 22:40:00.000,184.43,184.45,184.36,184.44,306
2026-01-12 22:45:00.000,184.46,184.51,184.37,184.51,294
2026-01-12 22:50:00.000,184.5,184.6,184.5,184.59,864
2026-01-12 22:55:00.000,184.58,184.8,184.58,184.77,944
2026-01-12 23:00:00.000,184.71,184.71,184.63,184.63,320
2026-01-12 23:05:00.000,184.63,184.68,184.63,184.65,242
2026-01-12 23:10:00.000,184.63,184.65,184.62,184.62,1042
2026-01-12 23:15:00.000,184.61,184.61,184.55,184.6,250
2026-01-12 23:20:00.000,184.6,184.68,184.6,184.66,45
2026-01-12 23:25:00.000,184.66,184.7,184.63,184.68,626
2026-01-12 23:30:00.000,184.68,184.68,184.6,184.6,245
2026-01-12 23:35:00.000,184.62,184.62,184.55,184.55,357
2026-01-12 23:40:00.000,184.52,184.55,184.51,184.51,218
2026-01-12 23:45:00.000,184.5,184.6,184.45,184.6,311
2026-01-12 23:50:00.000,184.6,184.6,184.55,184.6,286
2026-01-12 23:55:00.000,184.59,184.6,184.57,184.57,71
2026-01-13 00:00:00.000,184.55,184.58,184.51,184.52,509
2026-01-13 00:05:00.000,184.53,184.57,184.53,184.57,384
2026-01-13 00:10:00.000,184.55,184.69,184.55,184.69,646
2026-01-13 00:15:00.000,184.7,184.83,184.7,184.82,3269
2026-01-13 00:20:00.000,184.82,184.84,184.78,184.84,2243
2026-01-13 00:25:00.000,184.76,184.95,184.72,184.95,947
2026-01-13 00:30:00.000,184.96,184.96,184.85,184.9,1524
2026-01-13 00:35:00.000,184.9,184.9,184.72,184.72,1585
2026-01-13 00:40:00.000,184.77,184.85,184.69,184.74,1222
2026-01-13 00:45:00.000,184.72,184.75,184.6,184.75,1141
2026-01-13 00:50:00.000,184.76,184.78,184.75,184.75,354
2026-01-13 00:55:00.000,184.75,184.83,184.75,184.83,199
2026-01-13 01:00:00.000,184.83,184.89,184.81,184.88,523
2026-01-13 01:05:00.000,184.89,184.9,184.81,184.84,645
2026-01-13 01:10:00.000,184.83,184.84,184.79,184.84,332
2026-01-13 01:15:00.000,184.84,184.84,184.71,184.74,353
2026-01-13 01:20:00.000,184.74,184.76,184.7,184.76,80
2026-01-13 01:25:00.000,184.84,184.86,184.79,184.84,581
2026-01-13 01:30:00.000,184.89,184.91,184.89,184.89,1010
2026-01-13 01:35:00.000,184.9,184.92,184.87,184.87,285
2026-01-13 01:40:00.000,184.9,184.9,184.85,184.85,233
2026-01-13 01:45:00.000,184.83,184.85,184.8,184.85,221
2026-01-13 01:50:00.000,184.84,185.0,184.79,184.93,229
2026-01-13 01:55:00.000,184.87,184.9,184.84,184.84,52
2026-01-13 02:00:00.000,184.87,184.89,184.85,184.89,50
2026-01-13 02:05:00.000,184.91,184.91,184.85,184.88,197
2026-01-13 02:10:00.000,184.91,184.92,184.86,184.9,286
2026-01-13 02:15:00.000,184.9,184.9,184.89,184.9,65
2026-01-13 02:20:00.000,184.88,184.9,184.81,184.87,1169
2026-01-13 02:25:00.000,184.82,184.88,184.81,184.82,131
2026-01-13 02:30:00.000,184.81,184.96,184.81,184.96,176
2026-01-13 02:35:00.000,184.99,185.0,184.91,184.92,2587
2026-01-13 02:40:00.000,184.94,184.95,184.94,184.94,38
2026-01-13 02:45:00.000,184.92,185.04,184.92,185.04,754
2026-01-13 02:50:00.000,185.03,185.14,185.0,185.1,1212
2026-01-13 02:55:00.000,185.04,185.2,185.0,185.14,1004
2026-01-13 03:00:00.000,185.08,185.13,185.01,185.13,946
2026-01-13 03:05:00.000,185.13,185.25,185.13,185.15,2883
2026-01-13 03:10:00.000,185.17,185.17,185.0,185.01,854
2026-01-13 03:15:00.000,185.03,185.1,185.02,185.05,347
2026-01-13 03:20:00.000,185.11,185.15,185.06,185.15,634
2026-01-13 03:25:00.000,185.12,185.12,185.0,185.0,701
2026-01-13 03:30:00.000,185.0,185.0,184.81,184.81,680
2026-01-13 03:35:00.000,184.81,184.89,184.81,184.89,114
2026-01-13 03:40:00.000,184.86,184.93,184.83,184.93,295
2026-01-13 03:45:00.000,184.94,184.94,184.94,184.94,1
2026-01-13 03:50:00.000,184.91,184.92,184.88,184.9,235
2026-01-13 03:55:00.000,184.9,184.93,184.86,184.87,72
2026-01-13 04:00:00.000,184.92,185.17,184.92,185.17,3926
2026-01-13 04:05:00.000,185.16,185.2,185.11,185.11,3923
2026-01-13 04:10:00.000,185.1,185.21,185.1,185.21,2039
2026-01-13 04:15:00.000,185.34,185.49,185.25,185.49,9006
2026-01-13 04:20:00.000,185.5,185.6,185.5,185.6,2070
2026-01-13 04:25:00.000,185.63,185.66,185.63,185.66,400
2026-01-13 04:30:00.000,185.59,185.59,185.43,185.44,2030
2026-01-13 04:35:00.000,185.41,185.54,185.41,185.53,1110
2026-01-13 04:40:00.000,185.54,185.61,185.35,185.39,2597
2026-01-13 04:45:00.000,185.3,185.41,185.3,185.41,300
2026-01-13 04:50:00.000,185.48,185.51,185.46,185.47,1225
2026-01-13 04:55:00.000,185.55,185.55,185.53,185.53,360
2026-01-13 05:00:00.000,185.51,185.54,185.47,185.54,1146
2026-01-13 05:05:00.000,185.49,185.49,185.44,185.47,2418
2026-01-13 05:10:00.000,185.37,185.42,185.17,185.17,822
2026-01-13 05:15:00.000,185.19,185.22,185.19,185.22,1234
2026-01-13 05:20:00.000,185.29,185.31,185.25,185.25,300
2026-01-13 05:25:00.000,185.26,185.26,185.25,185.25,512
2026-01-13 05:30:00.000,185.25,185.33,185.25,185.33,500
2026-01-13 05:35:00.000,185.39,185.39,185.39,185.39,100
2026-01-13 05:40:00.000,185.26,185.26,185.26,185.26,200
2026-01-13 05:45:00.000,185.25,185.36,185.25,185.36,212
2026-01-13 05:50:00.000,185.45,185.5,185.44,185.44,496
2026-01-13 05:55:00.000,185.36,185.36,185.36,185.36,200
2026-01-13 06:00:00.000,185.4,185.41,185.4,185.41,200
2026-01-13 06:05:00.000,185.5,185.69,185.5,185.69,3094
2026-01-13 06:10:00.000,185.56,185.56,185.56,185.56,100
2026-01-13 06:15:00.000,185.59,185.59,185.59,185.59,180
2026-01-13 06:20:00.000,185.52,185.52,185.52,185.52,110
2026-01-13 06:25:00.000,185.56,185.56,185.45,185.45,1355
2026-01-13 06:30:00.000,185.32,185.32,185.27,185.27,976
2026-01-13 06:35:00.000,185.34,185.34,185.32,185.32,1046
2026-01-13 06:40:00.000,185.31,185.31,185.26,185.26,735
2026-01-13 06:45:00.000,185.24,185.28,185.24,185.27,1057
2026-01-13 06:50:00.000,185.24,185.25,185.2,185.2,796
2026-01-13 06:55:00.000,185.26,185.5,185.21,185.21,6819
2026-01-13 07:00:00.000,185.21,185.21,184.75,184.79,7298
2026-01-13 07:05:00.000,184.81,184.81,184.75,184.81,1008
2026-01-13 07:10:00.000,184.94,184.97,184.91,184.94,1410
2026-01-13 07:15:00.000,185.05,185.05,184.98,184.98,1156
2026-01-13 07:20:00.000,185.0,185.0,184.97,184.98,2346
2026-01-13 07:25:00.000,184.98,184.98,184.9,184.9,1460
2026-01-13 07:30:00.000,184.96,184.96,184.89,184.91,2258
2026-01-13 07:35:00.000,184.92,185.0,184.92,185.0,2897
2026-01-13 07:40:00.000,185.0,185.0,184.97,184.97,974
2026-01-13 07:45:00.000,184.98,185.0,184.9,184.9,4962
2026-01-13 07:50:00.000,184.99,184.99,184.77,184.77,2807
2026-01-13 07:55:00.000,184.7,184.72,184.65,184.71,3750
2026-01-13 08:00:00.000,184.8,185.74,184.478,184.84,303614
2026-01-13 08:05:00.000,184.9,184.9023,184.84,184.87,16160
2026-01-13 08:10:00.000,184.92,184.96,184.9,184.9,12750
2026-01-13 08:15:00.000,184.9199,184.93,184.85,184.8801,10042
2026-01-13 08:20:00.000,184.9,184.94,184.8802,184.8902,18976
2026-01-13 08:25:00.000,184.89,185.38,184.89,185.1862,43714
2026-01-13 08:30:00.000,185.31,186.08,185.22,185.727,134860
2026-01-13 08:35:00.000,185.73,185.8179,185.3786,185.64,72864
2026-01-13 08:40:00.000,185.62,185.87,185.57,185.85,83311
2026-01-13 08:45:00.000,185.85,185.85,185.58,185.6106,33761
2026-01-13 08:50:00.000,185.6301,185.7,185.465,185.7,39420
2026-01-13 08:55:00.000,185.71,185.75,185.5593,185.7499,38337
2026-01-13 09:00:00.000,185.71,185.71,185.54,185.6601,51828
2026-01-13 09:05:00.000,185.68,185.7,185.6,185.65,19153
2026-01-13 09:10:00.000,185.64,185.75,185.38,185.45,36642
2026-01-13 09:15:00.000,185.45,185.5,185.41,185.5,28336
2026-01-13 09:20:00.000,185.54,185.5501,185.49,185.54,25674
2026-01-13 09:25:00.000,185.58,185.64,184.68,184.97,145623
2026-01-13 09:30:00.000,185.01,185.14,183.6313,184.61,4369774
2026-01-13 09:35:00.000,184.62,184.98,184.225,184.855,1679481
2026-01-13 09:40:00.000,184.87,184.93,184.04,184.3677,1559044
2026-01-13 09:45:00.000,184.35,184.52,184.03,184.38,1196906
2026-01-13 09:50:00.000,184.3964,184.8293,183.93,184.4399,1700953
2026-01-13 09:55:00.000,184.4264,184.905,184.1,184.1,1134514
2026-01-13 10:00:00.000,184.115,184.39,183.74,184.255,1617540
2026-01-13 10:05:00.000,184.26,184.415,183.87,183.9159,918695
2026-01-13 10:10:00.000,183.92,184.29,183.81,184.265,1055811
2026-01-13 10:15:00.000,184.265,184.29,183.99,184.1199,812205
2026-01-13 10:20:00.000,184.115,184.1842,183.67,183.8298,1214179
2026-01-13 10:25:00.000,183.8225,184.09,183.745,183.9175,800097
2026-01-13 10:30:00.000,183.91,184.22,183.61,183.9698,1096473
2026-01-13 10:35:00.000,183.9699,184.24,183.7801,183.9199,935470
2026-01-13 10:40:00.000,183.915,184.19,183.41,184.11,1299600
2026-01-13 10:45:00.000,184.1291,184.44,184.0002,184.045,900260
2026-01-13 10:50:00.000,184.04,184.59,184.0243,184.52,1085493
2026-01-13 10:55:00.000,184.515,184.805,184.44,184.7993,988893
2026-01-13 11:00:00.000,184.7993,184.99,184.725,184.765,1035592
2026-01-13 11:05:00.000,184.78,185.0,184.58,184.94,1022532
2026-01-13 11:10:00.000,184.93,185.26,184.88,185.02,1078276
2026-01-13 11:15:00.000,185.0201,185.63,185.0201,185.535,1316575
2026-01-13 11:20:00.000,185.535,185.715,185.365,185.701,1152700
2026-01-13 11:25:00.000,185.7,185.8,184.32,185.23,2180575
2026-01-13 11:30:00.000,185.24,185.86,185.09,185.73,1122516
2026-01-13 11:35:00.000,185.7201,186.15,185.6701,186.135,1232239
2026-01-13 11:40:00.000,186.14,186.76,186.0101,186.68,1312163
2026-01-13 11:45:00.000,186.68,187.4475,186.665,187.3959,2095953
2026-01-13 11:50:00.000,187.4,187.8,187.24,187.675,1556498
2026-01-13 11:55:00.000,187.675,188.1099,187.67,187.6779,1891441
2026-01-13 12:00:00.000,187.66,187.81,187.4202,187.47,1322820
2026-01-13 12:05:00.000,187.4782,187.695,187.36,187.3655,1011408
2026-01-13 12:10:00.000,187.37,187.39,187.0407,187.0607,975728
2026-01-13 12:15:00.000,187.065,187.085,186.57,186.6599,1190906
2026-01-13 12:20:00.000,186.65,186.71,186.5,186.545,892555
2026-01-13 12:25:00.000,186.54,186.5455,186.26,186.4,989172
2026-01-13 12:30:00.000,186.4,186.5865,185.9701,186.475,1016544
2026-01-13 12:35:00.000,186.4783,186.5,186.09,186.1036,743511
2026-01-13 12:40:00.000,186.1008,186.17,185.74,185.74,825141
2026-01-13 12:45:00.000,185.74,185.95,185.6921,185.925,823747
2026-01-13 12:50:00.000,185.915,185.945,185.08,185.2,1005036
2026-01-13 12:55:00.000,185.2,185.21,184.7128,184.92,1153066
2026-01-13 13:00:00.000,184.93,185.02,184.59,184.72,1071590
2026-01-13 13:05:00.000,184.73,185.07,184.66,185.015,880315
2026-01-13 13:10:00.000,185.01,185.2999,184.95,185.275,893163
2026-01-13 13:15:00.000,185.28,185.35,185.07,185.31,698636
2026-01-13 13:20:00.000,185.3,185.31,184.87,185.01,678331
2026-01-13 13:25:00.000,185.01,185.26,184.965,185.0699,585894
2026-01-13 13:30:00.000,185.07,185.17,184.965,185.1432,548888
2026-01-13 13:35:00.000,185.148,185.148,184.88,185.055,729124
2026-01-13 13:40:00.000,185.055,185.07,184.635,184.745,720698
2026-01-13 13:45:00.000,184.745,184.8968,184.65,184.69,558992
2026-01-13 13:50:00.000,184.6899,184.75,184.445,184.7099,936778
2026-01-13 13:55:00.000,184.71,184.77,184.5301,184.615,571256
2026-01-13 14:00:00.000,184.64,184.84,184.51,184.61,693121
2026-01-13 14:05:00.000,184.61,184.7251,184.43,184.635,647790
2026-01-13 14:10:00.000,184.63,184.73,184.51,184.54,638335
2026-01-13 14:15:00.000,184.545,184.87,184.535,184.81,706597
2026-01-13 14:20:00.000,184.8,184.95,184.7,184.7899,638732
2026-01-13 14:25:00.000,184.782,184.9,184.66,184.78,494026
2026-01-13 14:30:00.000,184.77,184.77,184.3699,184.385,734320
2026-01-13 14:35:00.000,184.395,184.4899,184.31,184.485,667057
2026-01-13 14:40:00.000,184.48,184.53,184.3,184.32,786932
2026-01-13 14:45:00.000,184.32,184.395,184.215,184.33,769677
2026-01-13 14:50:00.000,184.335,184.56,184.3201,184.3754,811166
2026-01-13 14:55:00.000,184.3785,184.5,184.2401,184.43,990874
2026-01-13 15:00:00.000,184.43,184.455,184.23,184.37,771646
2026-01-13 15:05:00.000,184.3756,184.7292,184.355,184.6941,998607
2026-01-13 15:10:00.000,184.695,184.695,184.5399,184.5699,766475
2026-01-13 15:15:00.000,184.5745,184.81,184.5599,184.785,764603
2026-01-13 15:20:00.000,184.77,184.95,184.7,184.76,847276
2026-01-13 15:25:00.000,184.75,184.8,184.61,184.72,777704
2026-01-13 15:30:00.000,184.7227,184.85,184.5001,184.62,709521
2026-01-13 15:35:00.000,184.625,184.867,184.545,184.855,757962
2026-01-13 15:40:00.000,184.86,184.975,184.8,184.875,851130
2026-01-13 15:45:00.000,184.875,184.99,184.805,184.98,799304
2026-01-13 15:50:00.000,184.98,185.35,184.66,185.2801,1247572
2026-01-13 15:55:00.000,185.29,185.85,185.27,185.81,2973370
2026-01-13 16:00:00.000,185.78,185.99,185.2,185.82,15044057
2026-01-13 16:05:00.000,185.8,185.99,185.59,185.88,103467
2026-01-13 16:10:00.000,185.85,185.9,185.71,185.73,25847
2026-01-13 16:15:00.000,185.71,185.8,185.68,185.7,30046
2026-01-13 16:20:00.000,185.7,185.73,185.52,185.62,31701
2026-01-13 16:25:00.000,185.65,185.85,185.57,185.5703,29899
2026-01-13 16:30:00.000,185.61,185.65,185.48,185.48,15107
2026-01-13 16:35:00.000,185.471,185.81,185.4,185.59,638969
2026-01-13 16:40:00.000,185.5508,185.5901,185.5077,185.52,15421
2026-01-13 16:45:00.000,185.55,185.65,185.54,185.55,16160
2026-01-13 16:50:00.000,185.53,185.58,185.53,185.58,15681
2026-01-13 16:55:00.000,185.57,185.81,185.49,185.52,15807
2026-01-13 17:00:00.000,185.5,185.59,185.48,185.53,8313
2026-01-13 17:05:00.000,185.5,185.5996,185.5,185.55,4659
2026-01-13 17:10:00.000,185.5984,185.5984,185.55,185.57,9566
2026-01-13 17:15:00.000,185.5699,185.6587,185.55,185.6587,14296
2026-01-13 17:20:00.000,185.66,185.69,185.5501,185.69,10455
2026-01-13 17:25:00.000,185.661,185.77,185.65,185.7501,31777
2026-01-13 17:30:00.000,185.77,185.85,185.75,185.8001,18550
2026-01-13 17:35:00.000,185.8001,185.82,185.7307,185.7307,10549
2026-01-13 17:40:00.000,185.73,185.74,185.7,185.71,11884
2026-01-13 17:45:00.000,185.71,185.71,185.7,185.7,4433
2026-01-13 17:50:00.000,185.7,185.71,185.66,185.67,11368
2026-01-13 17:55:00.000,185.67,185.84,185.67,185.8364,18510
2026-01-13 18:00:00.000,185.85,185.9,185.82,185.83,24062
2026-01-13 18:05:00.000,185.85,185.85,185.81,185.8199,17350
2026-01-13 18:10:00.000,185.83,185.85,185.71,185.71,7215
2026-01-13 18:15:00.000,185.7562,185.79,185.71,185.71,17639
2026-01-13 18:20:00.000,185.7354,185.79,185.71,185.71,5484
2026-01-13 18:25:00.000,185.7162,185.73,185.6899,185.6899,5920
2026-01-13 18:30:00.000,185.6791,185.7082,185.65,185.7001,14462
2026-01-13 18:35:00.000,185.7499,185.76,185.71,185.74,2340
2026-01-13 18:40:00.000,185.76,185.76,185.7003,185.73,10757
2026-01-13 18:45:00.000,185.7,185.79,185.68,185.75,5794
2026-01-13 18:50:00.000,185.79,185.79,185.71,185.71,7738
2026-01-13 18:55:00.000,185.7294,185.8,185.71,185.7894,7498
2026-01-13 19:00:00.000,185.79,185.85,185.72,185.81,17423
2026-01-13 19:05:00.000,185.7806,185.82,185.7806,185.8,6599
2026-01-13 19:10:00.000,185.8085,185.88,185.8,185.86,16688
2026-01-13 19:15:00.000,185.86,185.878,185.84,185.87,3595
2026-01-13 19:20:00.000,185.8701,185.89,185.8685,185.8898,9373
2026-01-13 19:25:00.000,185.8899,185.95,185.88,185.92,11589
2026-01-13 19:30:00.000,185.9399,185.94,185.9,185.9269,16145
2026-01-13 19:35:00.000,185.88,185.9,185.88,185.9,7605
2026-01-13 19:40:00.000,185.8995,185.8995,185.83,185.86,15279
2026-01-13 19:45:00.000,185.86,185.86,185.8103,185.8315,14520
2026-01-13 19:50:00.000,185.8398,185.85,185.82,185.8469,9464
2026-01-13 19:55:00.000,185.8305,185.8501,185.8,185.8,30182
2026-01-13 20:00:00.000,185.85,185.88,185.79,185.88,1450
2026-01-13 20:05:00.000,185.88,185.95,185.87,185.9,1532
2026-01-13 20:10:00.000,185.88,185.9,185.69,185.73,1659
2026-01-13 20:15:00.000,185.7,185.73,185.67,185.73,300
2026-01-13 20:20:00.000,185.76,185.82,185.74,185.79,852
2026-01-13 20:25:00.000,185.76,185.81,185.75,185.75,381
2026-01-13 20:30:00.000,185.78,185.88,185.78,185.82,369
2026-01-13 20:35:00.000,185.85,185.86,185.77,185.82,578
2026-01-13 20:40:00.000,185.82,185.84,185.8,185.84,717
2026-01-13 20:45:00.000,185.81,185.81,185.63,185.63,379
2026-01-13 20:50:00.000,185.63,185.63,185.5,185.55,2530
2026-01-13 20:55:00.000,185.55,185.59,185.5,185.5,1509
2026-01-13 21:00:00.000,185.5,185.66,185.5,185.65,928
2026-01-13 21:05:00.000,185.67,185.68,185.65,185.65,718
2026-01-13 21:10:00.000,185.65,185.7,185.64,185.69,208
2026-01-13 21:15:00.000,185.66,185.68,185.64,185.64,1623
2026-01-13 21:20:00.000,185.66,185.66,185.59,185.63,261
2026-01-13 21:25:00.000,185.63,185.67,185.57,185.67,654
2026-01-13 21:30:00.000,185.67,185.68,185.62,185.63,487
2026-01-13 21:35:00.000,185.65,185.66,185.6,185.62,124
2026-01-13 21:40:00.000,185.62,185.63,185.6,185.6,515
2026-01-13 21:45:00.000,185.61,185.61,185.58,185.58,328
2026-01-13 21:50:00.000,185.62,185.66,185.61,185.65,685
2026-01-13 21:55:00.000,185.62,185.63,185.58,185.6,101
2026-01-13 22:00:00.000,185.6,185.63,185.58,185.62,456
2026-01-13 22:05:00.000,185.63,185.67,185.62,185.65,165
2026-01-13 22:10:00.000,185.65,185.72,185.65,185.72,1228
2026-01-13 22:15:00.000,185.72,185.72,185.65,185.7,400
2026-01-13 22:20:00.000,185.72,185.72,185.69,185.72,824
2026-01-13 22:25:00.000,185.75,185.75,185.7,185.7,69
2026-01-13 22:30:00.000,185.73,185.74,185.7,185.73,118
2026-01-13 22:35:00.000,185.73,185.74,185.68,185.71,394
2026-01-13 22:40:00.000,185.7,185.77,185.7,185.75,321
2026-01-13 22:45:00.000,185.76,185.82,185.76,185.82,167
2026-01-13 22:50:00.000,185.81,185.88,185.77,185.88,1091
2026-01-13 22:55:00.000,185.87,185.95,185.83,185.93,1477
2026-01-13 23:00:00.000,185.93,185.93,185.87,185.87,536
2026-01-13 23:05:00.000,185.86,185.86,185.84,185.84,661
2026-01-13 23:10:00.000,185.85,185.85,185.7,185.7,858
2026-01-13 23:15:00.000,185.7,185.8,185.66,185.78,350
2026-01-13 23:20:00.000,185.79,185.8,185.72,185.74,1188
2026-01-13 23:25:00.000,185.74,185.8,185.73,185.79,1045
2026-01-13 23:30:00.000,185.79,185.8,185.75,185.75,514
2026-01-13 23:35:00.000,185.75,185.77,185.75,185.75,2577
2026-01-13 23:40:00.000,185.75,185.76,185.75,185.75,1715
2026-01-13 23:45:00.000,185.75,185.75,185.74,185.74,5021
2026-01-13 23:50:00.000,185.73,185.73,185.63,185.7,870
2026-01-13 23:55:00.000,185.67,185.69,185.58,185.58,379
2026-01-14 00:00:00.000,185.58,185.59,185.49,185.49,4755
2026-01-14 00:05:00.000,185.48,185.49,185.4,185.48,1636
2026-01-14 00:10:00.000,185.49,185.5,185.42,185.42,1551
2026-01-14 00:15:00.000,185.42,185.49,185.42,185.49,86
2026-01-14 00:20:00.000,185.49,185.5,185.45,185.5,737
2026-01-14 00:25:00.000,185.47,185.49,185.46,185.46,689
2026-01-14 00:30:00.000,185.46,185.49,185.45,185.49,342
2026-01-14 00:35:00.000,185.48,185.56,185.48,185.55,114
2026-01-14 00:40:00.000,185.55,185.55,185.5,185.5,214
2026-01-14 00:45:00.000,185.49,185.59,185.46,185.46,990
2026-01-14 00:50:00.000,185.5,185.56,185.5,185.56,78
2026-01-14 00:55:00.000,185.56,185.56,185.5,185.5,408
2026-01-14 01:00:00.000,185.5,185.5,185.44,185.45,377
2026-01-14 01:05:00.000,185.45,185.47,185.4,185.4,1053
2026-01-14 01:10:00.000,185.43,185.5,185.4,185.45,647
2026-01-14 01:15:00.000,185.49,185.53,185.46,185.46,1262
2026-01-14 01:20:00.000,185.47,185.48,185.43,185.48,179
2026-01-14 01:25:00.000,185.49,185.53,185.43,185.53,596
2026-01-14 01:30:00.000,185.5,185.57,185.5,185.57,129
2026-01-14 01:35:00.000,185.58,185.58,185.48,185.48,314
2026-01-14 01:40:00.000,185.54,185.6,185.51,185.6,263
2026-01-14 01:45:00.000,185.6,185.6,184.68,184.78,8079
2026-01-14 01:50:00.000,184.67,184.87,184.65,184.78,3220
2026-01-14 01:55:00.000,184.79,184.93,184.7,184.9,655
2026-01-14 02:00:00.000,184.94,185.04,184.88,184.94,563
2026-01-14 02:05:00.000,185.0,185.2,185.0,185.15,1584
2026-01-14 02:10:00.000,185.2,185.26,185.2,185.23,1645
2026-01-14 02:15:00.000,185.23,185.23,184.99,185.04,2450
2026-01-14 02:20:00.000,185.02,185.04,185.0,185.0,745
2026-01-14 02:25:00.000,185.02,185.09,185.0,185.08,702
2026-01-14 02:30:00.000,185.08,185.16,185.08,185.14,1381
2026-01-14 02:35:00.000,185.16,185.25,185.16,185.2,1894
2026-01-14 02:40:00.000,185.23,185.23,185.13,185.18,244
2026-01-14 02:45:00.000,185.19,185.2,185.17,185.2,69
2026-01-14 02:50:00.000,185.19,185.19,185.07,185.07,523
2026-01-14 02:55:00.000,185.1,185.1,185.07,185.08,36
2026-01-14 03:00:00.000,185.1,185.16,185.04,185.09,1557
2026-01-14 03:05:00.000,185.11,185.16,185.05,185.16,1330
2026-01-14 03:10:00.000,185.17,185.2,185.08,185.08,590
2026-01-14 03:15:00.000,185.06,185.25,185.05,185.17,281
2026-01-14 03:20:00.000,185.16,185.19,185.16,185.16,36
2026-01-14 03:25:00.000,185.16,185.18,185.15,185.15,89
2026-01-14 03:30:00.000,185.13,185.13,185.07,185.07,468
2026-01-14 03:35:00.000,185.12,185.18,185.1,185.18,447
2026-01-14 03:40:00.000,185.15,185.17,185.09,185.1,1275
2026-01-14 03:45:00.000,185.19,185.22,185.15,185.22,22
2026-01-14 03:50:00.000,185.25,185.25,185.22,185.22,261
2026-01-14 03:55:00.000,185.27,185.37,185.25,185.37,1237
2026-01-14 04:00:00.000,185.37,185.37,185.31,185.31,1301
2026-01-14 04:05:00.000,185.18,185.24,185.17,185.24,1659
2026-01-14 04:10:00.000,185.26,185.33,185.26,185.33,500
2026-01-14 04:15:00.000,185.18,185.2,185.18,185.2,820
2026-01-14 04:20:00.000,185.18,185.19,185.12,185.14,3123
2026-01-14 04:25:00.000,185.12,185.14,185.0,185.03,1613
2026-01-14 04:30:00.000,185.03,185.03,184.92,184.92,1318
2026-01-14 04:35:00.000,184.98,184.98,184.95,184.95,1273
2026-01-14 04:40:00.000,184.88,184.88,184.85,184.85,300
2026-01-14 04:45:00.000,184.89,184.93,184.89,184.93,1150
2026-01-14 04:50:00.000,184.92,184.95,184.88,184.95,624
2026-01-14 05:00:00.000,185.01,185.01,185.01,185.01,100
2026-01-14 05:10:00.000,184.96,184.96,184.85,184.93,2772
2026-01-14 05:15:00.000,184.86,184.87,184.78,184.78,782
2026-01-14 05:20:00.000,184.76,184.81,184.48,184.55,3404
2026-01-14 05:25:00.000,184.51,184.56,184.4,184.46,976
2026-01-14 05:30:00.000,184.5,184.5,184.27,184.27,3923
2026-01-14 05:35:00.000,184.23,184.41,184.23,184.41,1361
2026-01-14 05:40:00.000,184.49,184.49,184.4,184.4,912
2026-01-14 05:45:00.000,184.33,184.33,184.09,184.09,5429
2026-01-14 05:50:00.000,184.11,184.16,184.06,184.11,1215
2026-01-14 05:55:00.000,184.21,184.28,184.18,184.23,1212
2026-01-14 06:00:00.000,184.3,184.3,184.2,184.22,495
2026-01-14 06:05:00.000,184.16,184.24,184.15,184.24,2990
2026-01-14 06:10:00.000,184.26,184.4,184.23,184.26,3527
2026-01-14 06:15:00.000,184.27,184.37,184.27,184.33,500
2026-01-14 06:20:00.000,184.37,184.55,184.37,184.55,200
2026-01-14 06:25:00.000,184.56,184.56,184.44,184.44,1599
2026-01-14 06:30:00.000,184.48,184.5,184.42,184.43,2280
2026-01-14 06:35:00.000,184.42,184.45,184.39,184.45,1187
2026-01-14 06:40:00.000,184.45,184.45,184.39,184.39,521
2026-01-14 06:45:00.000,184.41,184.58,184.41,184.57,1190
2026-01-14 06:50:00.000,184.57,184.57,184.47,184.47,580
2026-01-14 06:55:00.000,184.54,184.54,184.48,184.49,1975
2026-01-14 07:00:00.000,184.48,184.48,184.01,184.27,11554
2026-01-14 07:05:00.000,184.35,184.36,184.35,184.36,307
2026-01-14 07:10:00.000,184.31,184.41,184.31,184.41,1904
2026-01-14 07:15:00.000,184.45,184.45,184.38,184.38,510
2026-01-14 07:20:00.000,184.39,184.52,184.39,184.52,3089
2026-01-14 07:25:00.000,184.5,184.559,184.5,184.559,1640
2026-01-14 07:30:00.000,184.57,184.57,184.49,184.51,3049
2026-01-14 07:35:00.000,184.54,184.57,184.54,184.57,2004
2026-01-14 07:40:00.000,184.57,184.649,184.55,184.57,5472
2026-01-14 07:45:00.000,184.58,184.599,184.55,184.599,1200
2026-01-14 07:50:00.000,184.59,184.61,184.59,184.61,300
2026-01-14 07:55:00.000,184.7,184.7,184.69,184.69,517
2026-01-14 08:00:00.000,185.21,185.6,184.01,184.65,346102
2026-01-14 08:05:00.000,184.63,184.7338,184.5752,184.73,13134
2026-01-14 08:10:00.000,184.75,184.76,184.65,184.67,10334
2026-01-14 08:15:00.000,184.64,184.73,184.61,184.68,8361
2026-01-14 08:20:00.000,184.71,184.7999,184.5,184.7999,25445
2026-01-14 08:25:00.000,184.7999,184.92,184.71,184.92,11815
2026-01-14 08:30:00.000,184.91,184.95,184.6528,184.79,54901
2026-01-14 08:35:00.000,184.73,184.86,184.6918,184.8169,10175
2026-01-14 08:40:00.000,184.8,184.82,184.5109,184.5347,24290
2026-01-14 08:45:00.000,184.5346,184.59,184.4,184.5,40093
2026-01-14 08:50:00.000,184.4862,184.71,184.4862,184.64,22848
2026-01-14 08:55:00.000,184.65,184.68,184.5077,184.5502,19798
2026-01-14 09:00:00.000,184.5571,184.65,184.5571,184.5746,13023
2026-01-14 09:05:00.000,184.5699,184.61,184.36,184.42,34247
2026-01-14 09:10:00.000,184.4099,184.5,184.3,184.43,48080
2026-01-14 09:15:00.000,184.44,184.74,184.43,184.588,30653
2026-01-14 09:20:00.000,184.5797,184.75,184.5,184.63,19415
2026-01-14 09:25:00.000,184.5987,184.7612,183.97,184.33,66068
2026-01-14 09:30:00.000,184.33,184.45,182.21,183.43,4913904
2026-01-14 09:35:00.000,183.425,183.6754,182.29,182.4258,2422755
2026-01-14 09:40:00.000,182.4206,182.7,181.79,182.3,2288901
2026-01-14 09:45:00.000,182.3,182.83,182.145,182.76,1675980
2026-01-14 09:50:00.000,182.73,182.77,181.94,181.995,1485124
2026-01-14 09:55:00.000,181.9999,182.14,181.45,181.685,1951035
2026-01-14 10:00:00.000,181.69,181.79,180.91,180.9746,2271765
2026-01-14 10:05:00.000,180.99,181.37,180.92,181.2501,1336595
2026-01-14 10:10:00.000,181.25,182.235,181.11,182.235,2027279
2026-01-14 10:15:00.000,182.235,182.35,181.79,182.055,1392059
2026-01-14 10:20:00.000,182.06,182.41,181.9,182.23,1177144
2026-01-14 10:25:00.000,182.235,182.275,181.63,181.675,1054351
2026-01-14 10:30:00.000,181.6546,181.98,181.51,181.88,1056588
2026-01-14 10:35:00.000,181.885,182.48,181.84,182.35,1015172
2026-01-14 10:40:00.000,182.35,182.63,181.9701,182.035,1087315
2026-01-14 10:45:00.000,182.035,182.16,181.28,181.3399,1249029
2026-01-14 10:50:00.000,181.34,181.59,181.24,181.44,896771
2026-01-14 10:55:00.000,181.45,181.61,181.3,181.53,835177
2026-01-14 11:00:00.000,181.53,181.81,181.4,181.725,744579
2026-01-14 11:05:00.000,181.73,181.83,181.36,181.47,696620
2026-01-14 11:10:00.000,181.47,181.51,181.235,181.3,721098
2026-01-14 11:15:00.000,181.315,181.565,181.26,181.4,691955
2026-01-14 11:20:00.000,181.4,181.77,181.3855,181.7401,739994
2026-01-14 11:25:00.000,181.74,182.15,181.36,181.985,1128667
2026-01-14 11:30:00.000,181.9917,182.105,181.81,182.0835,745597
2026-01-14 11:35:00.000,182.09,182.1,181.585,182.0,695334
2026-01-14 11:40:00.000,182.005,182.105,181.7,181.925,639488
2026-01-14 11:45:00.000,181.915,181.945,181.575,181.69,628338
2026-01-14 11:50:00.000,181.69,181.69,181.3625,181.59,690252
2026-01-14 11:55:00.000,181.59,181.9,181.54,181.735,682940
2026-01-14 12:00:00.000,181.73,181.7999,181.385,181.42,683924
2026-01-14 12:05:00.000,181.42,182.12,181.38,182.075,781114
2026-01-14 12:10:00.000,182.08,182.08,181.87,181.93,707818
2026-01-14 12:15:00.000,181.925,181.94,181.43,181.5975,658022
2026-01-14 12:20:00.000,181.6,181.975,181.47,181.95,785559
2026-01-14 12:25:00.000,181.965,182.13,181.93,182.1,813449
2026-01-14 12:30:00.000,182.09,182.09,181.83,181.87,646474
2026-01-14 12:35:00.000,181.88,182.02,181.78,181.904,619035
2026-01-14 12:40:00.000,181.9199,181.96,181.79,181.93,482759
2026-01-14 12:45:00.000,181.9399,182.18,181.9175,182.12,769478
2026-01-14 12:50:00.000,182.1103,182.12,181.545,181.5958,765250
2026-01-14 12:55:00.000,181.59,182.12,181.5601,182.0801,784751
2026-01-14 13:00:00.000,182.08,182.19,181.835,181.875,780327
2026-01-14 13:05:00.000,181.875,182.06,181.77,182.015,553787
2026-01-14 13:10:00.000,182.01,182.32,181.9403,182.27,644180
2026-01-14 13:15:00.000,182.27,182.32,182.03,182.07,670488
2026-01-14 13:20:00.000,182.05,182.2299,181.83,181.91,668121
2026-01-14 13:25:00.000,181.92,182.235,181.7232,182.22,701855
2026-01-14 13:30:00.000,182.22,182.25,181.71,181.79,650891
2026-01-14 13:35:00.000,181.79,181.85,181.5501,181.78,637712
2026-01-14 13:40:00.000,181.77,181.9,181.68,181.82,414008
2026-01-14 13:45:00.000,181.81,181.965,181.675,181.815,466340
2026-01-14 13:50:00.000,181.82,182.095,181.8155,181.985,519997
2026-01-14 13:55:00.000,181.9899,182.12,181.84,182.025,502425
2026-01-14 14:00:00.000,182.02,182.02,181.79,181.88,650692
2026-01-14 14:05:00.000,181.88,181.96,181.705,181.8301,675568
2026-01-14 14:10:00.000,181.825,181.935,181.69,181.845,584835
2026-01-14 14:15:00.000,181.85,181.99,181.755,181.955,510968
2026-01-14 14:20:00.000,181.97,182.0585,181.87,181.95,516858
2026-01-14 14:25:00.000,181.945,181.975,181.78,181.82,534600
2026-01-14 14:30:00.000,181.84,182.015,181.67,181.765,688400
2026-01-14 14:35:00.000,181.765,181.96,181.745,181.9499,491893
2026-01-14 14:40:00.000,181.9484,182.0,181.75,181.81,559577
2026-01-14 14:45:00.000,181.8,181.8497,181.67,181.8,479404
2026-01-14 14:50:00.000,181.81,182.04,181.79,181.905,619577
2026-01-14 14:55:00.000,181.905,181.92,181.08,181.37,1161360
2026-01-14 15:00:00.000,181.355,182.1,180.83,181.86,1923190
2026-01-14 15:05:00.000,181.85,182.61,181.7832,182.3256,1330301
2026-01-14 15:10:00.000,182.3201,182.485,182.08,182.1901,1011687
2026-01-14 15:15:00.000,182.195,182.2717,181.7701,181.89,805616
2026-01-14 15:20:00.000,181.9,182.16,181.64,182.05,750949
2026-01-14 15:25:00.000,182.045,182.195,181.91,182.15,555637
2026-01-14 15:30:00.000,182.15,182.67,182.145,182.56,948087
2026-01-14 15:35:00.000,182.55,182.77,182.5019,182.665,1004510
2026-01-14 15:40:00.000,182.665,182.735,182.22,182.22,1014584
2026-01-14 15:45:00.000,182.24,182.374,182.07,182.157,769794
2026-01-14 15:50:00.000,182.17,182.53,182.14,182.45,1201116
2026-01-14 15:55:00.000,182.45,183.33,182.43,183.21,3288055
2026-01-14 16:00:00.000,183.2,183.39,183.05,183.23,16469419
2026-01-14 16:05:00.000,183.26,183.4497,183.14,183.2204,214945
2026-01-14 16:10:00.000,183.23,183.319,183.21,183.28,42288
2026-01-14 16:15:00.000,183.279,183.28,183.14,183.2418,119260
2026-01-14 16:20:00.000,183.24,183.2536,183.15,183.18,29400
2026-01-14 16:25:00.000,183.18,183.25,183.09,183.1,26402
2026-01-14 16:30:00.000,183.1099,183.12,183.05,183.1131,15360
2026-01-14 16:35:00.000,183.12,183.12,183.0,183.03,18333
2026-01-14 16:40:00.000,183.04,183.0897,183.01,183.05,11669
2026-01-14 16:45:00.000,183.08,183.14,183.02,183.14,30884
2026-01-14 16:50:00.000,183.12,183.12,182.7,182.7,27161
2026-01-14 16:55:00.000,183.0,183.0,182.62,182.85,9709
2026-01-14 17:00:00.000,182.9361,182.94,182.8,182.86,12507
2026-01-14 17:05:00.000,182.8671,182.9499,182.8671,182.9499,6603
2026-01-14 17:10:00.000,182.9,182.93,182.85,182.85,8030
2026-01-14 17:15:00.000,182.81,182.91,182.81,182.87,7577
2026-01-14 17:20:00.000,182.86,182.88,182.8,182.8,11727
2026-01-14 17:25:00.000,182.8,182.82,182.7688,182.7999,9827
2026-01-14 17:30:00.000,182.7601,182.88,182.76,182.88,5380
2026-01-14 17:35:00.000,182.88,182.9,182.77,182.82,5926
2026-01-14 17:40:00.000,182.8062,182.84,182.74,182.79,2664
2026-01-14 17:45:00.000,182.82,182.84,182.7309,182.815,4042
2026-01-14 17:50:00.000,182.77,182.8,182.7202,182.7306,5037
2026-01-14 17:55:00.000,182.7343,182.83,182.7343,182.79,2776
2026-01-14 18:00:00.000,182.81,182.85,182.8,182.8399,8052
2026-01-14 18:05:00.000,182.8,182.81,182.77,182.8,15331
2026-01-14 18:10:00.000,182.8,182.8,182.75,182.7792,9598
2026-01-14 18:15:00.000,182.761,182.77,182.72,182.73,15471
2026-01-14 18:20:00.000,182.7207,182.8,182.68,182.6804,11598
2026-01-14 18:25:00.000,182.681,182.75,182.6809,182.75,11126
2026-01-14 18:30:00.000,182.7894,182.84,182.73,182.74,8433
2026-01-14 18:35:00.000,182.73,182.8,182.73,182.76,3552
2026-01-14 18:40:00.000,182.7499,182.77,182.73,182.76,4949
2026-01-14 18:45:00.000,182.7401,182.75,182.74,182.75,3469
2026-01-14 18:50:00.000,182.779,182.8,182.7546,182.76,3116
2026-01-14 18:55:00.000,182.8,182.8754,182.8,182.81,7405
2026-01-14 19:00:00.000,182.86,182.8738,182.8,182.81,10646
2026-01-14 19:05:00.000,182.85,182.85,182.7662,182.77,7759
2026-01-14 19:10:00.000,182.77,182.83,182.76,182.79,2626
2026-01-14 19:15:00.000,182.7885,182.79,182.76,182.76,5608
2026-01-14 19:20:00.000,182.78,182.78,182.76,182.7646,4632
2026-01-14 19:25:00.000,182.7895,182.7899,182.76,182.78,6051
2026-01-14 19:30:00.000,182.79,182.8199,182.78,182.7868,11443
2026-01-14 19:35:00.000,182.7905,182.82,182.78,182.8,17220
2026-01-14 19:40:00.000,182.82,182.8554,182.81,182.8401,4081
2026-01-14 19:45:00.000,182.85,182.86,182.82,182.82,4313
2026-01-14 19:50:00.000,182.8115,182.8338,182.77,182.7746,11393
2026-01-14 19:55:00.000,182.75,182.7605,182.6109,182.75,22926
2026-01-14 20:00:00.000,182.79,182.88,182.62,182.88,2037
2026-01-14 20:05:00.000,182.94,182.94,182.74,182.83,1015
2026-01-14 20:10:00.000,182.83,182.83,182.72,182.73,1223
2026-01-14 20:15:00.000,182.65,182.65,182.56,182.58,1282
2026-01-14 20:20:00.000,182.6,182.6,182.53,182.6,2296
2026-01-14 20:25:00.000,182.63,182.63,182.58,182.6,485
2026-01-14 20:30:00.000,182.63,182.64,182.3,182.42,1554
2026-01-14 20:35:00.000,182.47,182.63,182.45,182.53,862
2026-01-14 20:40:00.000,182.55,182.55,182.36,182.4,1137
2026-01-14 20:45:00.000,182.39,182.41,182.32,182.32,1456
2026-01-14 20:50:00.000,182.35,182.54,182.35,182.42,1016
2026-01-14 20:55:00.000,182.45,182.59,182.42,182.58,557
2026-01-14 21:00:00.000,182.55,182.64,182.55,182.64,776
2026-01-14 21:05:00.000,182.65,182.7,182.58,182.68,488
2026-01-14 21:10:00.000,182.68,182.71,182.6,182.6,469
2026-01-14 21:15:00.000,182.61,182.68,182.6,182.64,750
2026-01-14 21:20:00.000,182.63,182.93,182.6,182.93,1103
2026-01-14 21:25:00.000,182.92,182.95,182.66,182.79,540
2026-01-14 21:30:00.000,182.77,182.78,182.63,182.63,559
2026-01-14 21:35:00.000,182.65,182.65,182.55,182.58,963
2026-01-14 21:40:00.000,182.6,182.69,182.59,182.67,427
2026-01-14 21:45:00.000,182.7,182.71,182.58,182.58,155
2026-01-14 21:50:00.000,182.58,182.67,182.57,182.64,95
2026-01-14 21:55:00.000,182.62,182.7,182.62,182.69,318
2026-01-14 22:00:00.000,182.68,182.68,182.65,182.68,433
2026-01-14 22:05:00.000,182.67,182.69,182.66,182.68,462
2026-01-14 22:10:00.000,182.69,182.7,182.69,182.7,192
2026-01-14 22:15:00.000,182.7,182.7,182.68,182.7,221
2026-01-14 22:20:00.000,182.7,182.7,182.65,182.65,276
2026-01-14 22:25:00.000,182.65,182.67,182.62,182.62,163
2026-01-14 22:30:00.000,182.6,182.6,182.55,182.55,245
2026-01-14 22:35:00.000,182.55,182.6,182.55,182.57,886
2026-01-14 22:40:00.000,182.57,182.57,182.47,182.5,1521
2026-01-14 22:45:00.000,182.53,182.53,182.48,182.49,98
2026-01-14 22:50:00.000,182.48,182.52,182.45,182.48,306
2026-01-14 22:55:00.000,182.44,182.49,182.32,182.32,989
2026-01-14 23:00:00.000,182.32,182.32,182.11,182.26,1708
2026-01-14 23:05:00.000,182.18,182.34,182.18,182.34,486
2026-01-14 23:10:00.000,182.28,182.39,182.28,182.36,1954
2026-01-14 23:15:00.000,182.35,182.35,182.24,182.29,494
2026-01-14 23:20:00.000,182.24,182.28,182.2,182.26,994
2026-01-14 23:25:00.000,182.31,182.42,182.3,182.36,693
2026-01-14 23:30:00.000,182.35,182.35,182.03,182.05,1847
2026-01-14 23:35:00.000,182.05,182.15,182.03,182.1,1551
2026-01-14 23:40:00.000,182.15,182.18,182.1,182.15,629
2026-01-14 23:45:00.000,182.19,182.24,182.17,182.18,702
2026-01-14 23:50:00.000,182.15,182.15,182.04,182.09,311
2026-01-14 23:55:00.000,182.09,182.12,182.05,182.12,505
2026-01-15 00:00:00.000,182.17,182.24,182.12,182.24,739
2026-01-15 00:05:00.000,182.24,182.26,182.18,182.24,1333
2026-01-15 00:10:00.000,182.26,182.34,182.26,182.29,75
2026-01-15 00:15:00.000,182.31,182.36,182.28,182.35,252
2026-01-15 00:20:00.000,182.35,182.39,182.34,182.35,128
2026-01-15 00:25:00.000,182.34,182.52,182.31,182.51,376
2026-01-15 00:30:00.000,182.51,182.88,182.51,182.52,2435
2026-01-15 00:35:00.000,182.5,182.7,182.47,182.6,1479
2026-01-15 00:40:00.000,182.63,182.94,182.61,182.9,1049
2026-01-15 00:45:00.000,182.89,183.07,182.89,183.02,3375
2026-01-15 00:50:00.000,183.05,183.11,182.99,183.11,3286
2026-01-15 00:55:00.000,183.12,183.14,183.0,183.0,1451
2026-01-15 01:00:00.000,183.0,183.02,182.88,182.93,916
2026-01-15 01:05:00.000,182.95,183.0,182.94,182.99,1514
2026-01-15 01:10:00.000,183.0,183.24,182.99,183.24,1899
2026-01-15 01:15:00.000,183.2,183.74,183.2,183.72,7916
2026-01-15 01:20:00.000,183.72,184.18,183.68,184.1,6104
2026-01-15 01:25:00.000,184.09,184.27,184.02,184.04,3646
2026-01-15 01:30:00.000,184.04,184.07,183.83,183.85,4020
2026-01-15 01:35:00.000,183.89,183.89,183.58,183.75,1460
2026-01-15 01:40:00.000,183.81,183.88,183.75,183.86,2423
2026-01-15 01:45:00.000,183.9,183.95,183.69,183.82,1192
2026-01-15 01:50:00.000,183.86,184.09,183.86,184.09,2160
2026-01-15 01:55:00.000,184.09,184.09,183.89,183.89,1325
2026-01-15 02:00:00.000,183.8,183.9,183.75,183.82,1729
2026-01-15 02:05:00.000,183.83,184.05,183.83,184.0,1631
2026-01-15 02:10:00.000,184.03,184.05,183.85,183.85,808
2026-01-15 02:15:00.000,183.85,183.9,183.73,183.73,1011
2026-01-15 02:20:00.000,183.76,183.88,183.74,183.88,1270
2026-01-15 02:25:00.000,183.91,183.92,183.74,183.74,670
2026-01-15 02:30:00.000,183.76,183.9,183.74,183.86,523
2026-01-15 02:35:00.000,183.88,183.9,183.86,183.9,320
2026-01-15 02:40:00.000,183.9,183.96,183.88,183.9,920
2026-01-15 02:45:00.000,183.9,183.93,183.8,183.8,834
2026-01-15 02:50:00.000,183.82,183.93,183.82,183.93,1010
2026-01-15 02:55:00.000,183.93,184.02,183.93,183.99,425
2026-01-15 03:00:00.000,183.97,183.97,183.82,183.86,467
2026-01-15 03:05:00.000,183.87,184.12,183.87,184.12,257
2026-01-15 03:10:00.000,184.1,184.32,184.1,184.18,2611
2026-01-15 03:15:00.000,184.25,184.25,184.05,184.05,700
2026-01-15 03:20:00.000,184.02,184.23,184.02,184.2,144
2026-01-15 03:25:00.000,184.19,184.21,184.08,184.13,1006
2026-01-15 03:30:00.000,184.14,184.19,184.13,184.19,659
2026-01-15 03:35:00.000,184.17,184.19,184.14,184.15,1177
2026-01-15 03:40:00.000,184.18,184.34,184.14,184.22,641
2026-01-15 03:45:00.000,184.23,184.23,184.09,184.13,900
2026-01-15 03:50:00.000,184.12,184.18,184.08,184.08,1428
2026-01-15 03:55:00.000,184.1,184.15,184.07,184.15,448
2026-01-15 04:00:00.000,186.5,186.5,184.12,184.88,29364
2026-01-15 04:05:00.000,184.89,184.98,183.5,184.83,17949
2026-01-15 04:10:00.000,184.85,184.99,184.81,184.92,9522
2026-01-15 04:15:00.000,184.86,184.86,184.65,184.65,4271
2026-01-15 04:20:00.000,184.7,185.2,184.7,185.15,8592
2026-01-15 04:25:00.000,185.21,185.4,185.2,185.38,6227
2026-01-15 04:30:00.000,185.35,185.43,185.3,185.41,9923
2026-01-15 04:35:00.000,185.37,185.45,185.3,185.41,3897
2026-01-15 04:40:00.000,185.38,185.38,185.26,185.33,1727
2026-01-15 04:45:00.000,185.36,185.36,185.3,185.31,2977
2026-01-15 04:50:00.000,185.32,185.32,185.2,185.29,8856
2026-01-15 04:55:00.000,185.26,185.33,185.21,185.33,10281
2026-01-15 05:00:00.000,185.43,185.75,185.43,185.7,11012
2026-01-15 05:05:00.000,185.73,185.94,185.73,185.8,15613
2026-01-15 05:10:00.000,185.85,186.0,185.81,185.99,8986
2026-01-15 05:15:00.000,185.98,185.99,185.8,185.83,3639
2026-01-15 05:20:00.000,185.86,185.93,185.7,185.7,14594
2026-01-15 05:25:00.000,185.6,185.71,185.55,185.7,4264
2026-01-15 05:30:00.000,185.7,185.75,185.69,185.73,2037
2026-01-15 05:35:00.000,185.76,185.89,185.76,185.83,2400
2026-01-15 05:40:00.000,185.81,185.83,185.7,185.71,4849
2026-01-15 05:45:00.000,185.72,185.75,185.66,185.72,3734
2026-01-15 05:50:00.000,185.73,185.79,185.73,185.79,2734
2026-01-15 05:55:00.000,185.76,185.85,185.74,185.83,2939
2026-01-15 06:00:00.000,185.85,186.3,185.84,186.22,19157
2026-01-15 06:05:00.000,186.12,186.3,186.07,186.25,5266
2026-01-15 06:10:00.000,186.28,186.59,186.25,186.55,20651
2026-01-15 06:15:00.000,186.54,186.6,186.46,186.47,8239
2026-01-15 06:20:00.000,186.4,186.42,186.26,186.38,11844
2026-01-15 06:25:00.000,186.4,186.51,186.38,186.4,7673
2026-01-15 06:30:00.000,186.35,186.6,186.35,186.55,5475
2026-01-15 06:35:00.000,186.56,186.61,186.49,186.49,12887
2026-01-15 06:40:00.000,186.49,186.64,186.38,186.43,7943
2026-01-15 06:45:00.000,186.43,186.5,186.4,186.41,5034
2026-01-15 06:50:00.000,186.47,186.55,186.4,186.41,16324
2026-01-15 06:55:00.000,186.41,186.44,186.18,186.25,20079
2026-01-15 07:00:00.000,186.18,186.18,185.8,185.94,32242
2026-01-15 07:05:00.000,185.94,186.09,185.85,185.86,19692
2026-01-15 07:10:00.000,185.82,185.83,185.35,185.41,15146
2026-01-15 07:15:00.000,185.39,185.43,185.08,185.16,29688
2026-01-15 07:20:00.000,185.26,185.31,185.14,185.14,23091
2026-01-15 07:25:00.000,185.19,185.19,184.67,184.92,28620
2026-01-15 07:30:00.000,184.92,185.2,184.75,185.11,10958
2026-01-15 07:35:00.000,185.061,185.1,184.94,185.02,6276
2026-01-15 07:40:00.000,185.1,185.3,185.1,185.2,10657
2026-01-15 07:45:00.000,185.22,185.4,185.22,185.4,9308
2026-01-15 07:50:00.000,185.35,185.49,185.35,185.41,7307
2026-01-15 07:55:00.000,185.45,185.52,185.35,185.47,4937
2026-01-15 08:00:00.000,184.77,186.6,182.16,185.31,957001
2026-01-15 08:05:00.000,185.36,185.4622,182.27,185.15,53401
2026-01-15 08:10:00.000,185.19,185.45,185.17,185.28,40677
2026-01-15 08:15:00.000,185.3292,185.38,185.18,185.2377,20258
2026-01-15 08:20:00.000,185.23,185.4,185.18,185.3105,27151
2026-01-15 08:25:00.000,185.3599,185.3599,185.2921,185.2921,34069
2026-01-15 08:30:00.000,185.3176,185.73,185.16,185.66,41387
2026-01-15 08:35:00.000,185.65,185.95,185.63,185.7338,77087
2026-01-15 08:40:00.000,185.7062,185.85,185.6704,185.85,52743
2026-01-15 08:45:00.000,185.8504,186.49,185.8504,186.33,157458
2026-01-15 08:50:00.000,186.31,186.49,185.973,185.98,97432
2026-01-15 08:55:00.000,186.0,186.14,185.79,185.9921,90961
2026-01-15 09:00:00.000,186.02,186.1,185.8216,186.1,48502
2026-01-15 09:05:00.000,186.09,186.18,185.9646,186.0,65932
2026-01-15 09:10:00.000,186.0,186.1499,185.85,185.85,68967
2026-01-15 09:15:00.000,185.87,185.94,185.65,185.91,57017
2026-01-15 09:20:00.000,185.9606,186.29,185.88,186.16,87789
2026-01-15 09:25:00.000,186.14,186.8,185.56,186.5,168545
2026-01-15 09:30:00.000,186.51,187.48,186.385,187.12,6455324
2026-01-15 09:35:00.000,187.125,187.36,186.6,187.35,2514789
2026-01-15 09:40:00.000,187.34,188.8101,187.14,188.78,4282990
2026-01-15 09:45:00.000,188.795,189.18,188.3001,188.5499,3222965
2026-01-15 09:50:00.000,188.55,188.59,187.62,188.385,2450512
2026-01-15 09:55:00.000,188.38,188.52,187.89,188.3,2026235
2026-01-15 10:00:00.000,188.31,188.5,187.92,188.2399,1730247
2026-01-15 10:05:00.000,188.24,188.53,187.87,188.385,1899317
2026-01-15 10:10:00.000,188.3864,188.87,188.06,188.67,1799938
2026-01-15 10:15:00.000,188.67,188.67,187.93,187.95,1262424
2026-01-15 10:20:00.000,187.9503,188.19,187.7,188.05,1448578
2026-01-15 10:25:00.000,188.04,188.05,187.28,187.6,1584037
2026-01-15 10:30:00.000,187.6,188.28,187.445,188.2102,1385451
2026-01-15 10:35:00.000,188.21,188.55,187.69,187.9599,1417619
2026-01-15 10:40:00.000,187.955,188.055,187.45,187.4851,930407
2026-01-15 10:45:00.000,187.48,187.5111,186.8301,187.168,1621142
2026-01-15 10:50:00.000,187.165,187.47,186.99,187.34,947642
2026-01-15 10:55:00.000,187.3364,187.86,187.165,187.69,1260852
2026-01-15 11:00:00.000,187.695,187.93,187.5801,187.7599,936138
2026-01-15 11:05:00.000,187.75,188.11,187.69,187.93,1037225
2026-01-15 11:10:00.000,187.9281,187.96,187.55,187.7,766048
2026-01-15 11:15:00.000,187.695,187.85,187.6,187.8009,697118
2026-01-15 11:20:00.000,187.8,187.8401,187.61,187.8218,538810
2026-01-15 11:25:00.000,187.82,187.825,187.3501,187.5201,735399
2026-01-15 11:30:00.000,187.51,187.7601,187.44,187.5099,662128
2026-01-15 11:35:00.000,187.5,188.055,187.33,187.795,729117
2026-01-15 11:40:00.000,187.79,188.16,187.73,188.1437,885979
2026-01-15 11:45:00.000,188.145,188.65,188.135,188.6301,1216445
2026-01-15 11:50:00.000,188.64,188.87,188.45,188.63,1419445
2026-01-15 11:55:00.000,188.63,189.04,188.5401,188.885,1524514
2026-01-15 12:00:00.000,188.8707,189.29,188.43,189.16,1773659
2026-01-15 12:05:00.000,189.155,189.205,188.76,189.11,1095032
2026-01-15 12:10:00.000,189.095,189.105,188.61,188.7,1397721
2026-01-15 12:15:00.000,188.705,188.76,188.4,188.435,1192459
2026-01-15 12:20:00.000,188.43,188.77,188.33,188.7035,1180345
2026-01-15 12:25:00.000,188.72,188.79,188.53,188.6135,763899
2026-01-15 12:30:00.000,188.62,188.66,188.28,188.365,772679
2026-01-15 12:35:00.000,188.37,188.48,188.18,188.37,676629
2026-01-15 12:40:00.000,188.38,188.47,188.3,188.44,617061
2026-01-15 12:45:00.000,188.44,188.57,188.19,188.225,805898
2026-01-15 12:50:00.000,188.21,188.535,188.15,188.5025,732123
2026-01-15 12:55:00.000,188.5025,188.6,188.28,188.37,678383
2026-01-15 13:00:00.000,188.36,188.505,188.19,188.435,634754
2026-01-15 13:05:00.000,188.435,188.835,188.26,188.775,791115
2026-01-15 13:10:00.000,188.78,188.88,188.49,188.76,782691
2026-01-15 13:15:00.000,188.76,188.98,188.72,188.8648,698521
2026-01-15 13:20:00.000,188.87,189.12,188.85,189.015,915609
2026-01-15 13:25:00.000,189.0101,189.24,188.9601,189.2301,792956
2026-01-15 13:30:00.000,189.23,189.3,188.98,189.18,1131989
2026-01-15 13:35:00.000,189.185,189.55,189.18,189.53,1605892
2026-01-15 13:40:00.000,189.53,189.7,189.4,189.45,1184886
2026-01-15 13:45:00.000,189.445,189.54,189.3601,189.455,709543
2026-01-15 13:50:00.000,189.4474,189.49,189.28,189.475,665696
2026-01-15 13:55:00.000,189.4758,189.62,189.475,189.515,718824
2026-01-15 14:00:00.000,189.5166,189.5166,189.02,189.12,1012779
2026-01-15 14:05:00.000,189.13,189.14,188.79,188.94,809288
2026-01-15 14:10:00.000,188.96,189.015,188.74,188.91,726794
2026-01-15 14:15:00.000,188.91,188.91,188.72,188.7699,692384
2026-01-15 14:20:00.000,188.765,188.801,188.59,188.6199,846651
2026-01-15 14:25:00.000,188.61,188.665,188.235,188.395,1036474
2026-01-15 14:30:00.000,188.39,188.4017,187.96,188.345,1340015
2026-01-15 14:35:00.000,188.35,188.78,188.12,188.775,1032244
2026-01-15 14:40:00.000,188.765,189.3,188.75,189.2143,1419514
2026-01-15 14:45:00.000,189.22,189.385,188.88,188.985,1110628
2026-01-15 14:50:00.000,188.99,188.99,188.5901,188.71,760802
2026-01-15 14:55:00.000,188.72,188.76,188.49,188.68,807400
2026-01-15 15:00:00.000,188.69,188.7699,188.45,188.56,1001575
2026-01-15 15:05:00.000,188.545,188.635,188.24,188.26,829105
2026-01-15 15:10:00.000,188.27,188.44,188.1301,188.1801,891550
2026-01-15 15:15:00.000,188.19,188.31,187.76,187.78,1173130
2026-01-15 15:20:00.000,187.78,187.78,187.3,187.65,1691173
2026-01-15 15:25:00.000,187.65,187.65,187.18,187.42,1372026
2026-01-15 15:30:00.000,187.41,187.48,187.03,187.37,1271194
2026-01-15 15:35:00.000,187.37,187.53,187.04,187.15,1139958
2026-01-15 15:40:00.000,187.15,187.4,187.07,187.31,1105407
2026-01-15 15:45:00.000,187.3001,187.45,187.085,187.105,1183320
2026-01-15 15:50:00.000,187.12,187.14,186.33,186.89,2277949
2026-01-15 15:55:00.000,186.88,187.16,186.63,187.14,2620122
2026-01-15 16:00:00.000,187.16,187.26,186.99,187.05,19995949
2026-01-15 16:05:00.000,187.17,187.28,187.05,187.2144,1392130
2026-01-15 16:10:00.000,187.2146,187.2154,186.98,187.01,123742
2026-01-15 16:15:00.000,186.97,187.02,186.87,186.8706,47845
2026-01-15 16:20:00.000,187.05,187.05,186.91,187.0101,149087
2026-01-15 16:25:00.000,187.0199,187.0501,186.97,187.0,23057
2026-01-15 16:30:00.000,186.97,187.0736,186.95,187.0,26591
2026-01-15 16:35:00.000,186.99,187.04,186.95,187.0348,11519
2026-01-15 16:40:00.000,187.01,187.18,187.01,187.1001,14414
2026-01-15 16:45:00.000,187.1278,187.19,187.1135,187.1893,8930
2026-01-15 16:50:00.000,187.17,187.27,187.05,187.25,1537411
2026-01-15 16:55:00.000,187.249,187.28,187.22,187.25,13492
2026-01-15 17:00:00.000,187.2611,187.2692,187.2277,187.25,4710
2026-01-15 17:05:00.000,187.26,187.27,187.05,187.05,55049
2026-01-15 17:10:00.000,187.27,187.27,187.22,187.2654,6325
2026-01-15 17:15:00.000,187.2963,187.45,187.28,187.44,12666
2026-01-15 17:20:00.000,187.44,187.47,187.3921,187.45,15174
2026-01-15 17:25:00.000,187.42,187.46,187.4,187.4547,17686
2026-01-15 17:30:00.000,187.4499,187.45,187.4,187.4195,6846
2026-01-15 17:35:00.000,187.4185,187.44,187.05,187.4382,212398
2026-01-15 17:40:00.000,187.43,187.5,187.43,187.45,12421
2026-01-15 17:45:00.000,187.46,187.5,187.45,187.47,6307
2026-01-15 17:50:00.000,187.4769,187.48,187.3501,187.39,12893
2026-01-15 17:55:00.000,187.3664,187.4,187.3577,187.3605,4164
2026-01-15 18:00:00.000,187.35,187.38,187.25,187.3473,9629
2026-01-15 18:05:00.000,187.33,187.37,187.27,187.27,5881
2026-01-15 18:10:00.000,187.2714,187.37,187.25,187.3501,8535
2026-01-15 18:15:00.000,187.35,187.38,187.3462,187.3795,4383
2026-01-15 18:20:00.000,187.3754,187.3999,187.31,187.3861,4162
2026-01-15 18:25:00.000,187.4498,187.5,187.41,187.45,9196
2026-01-15 18:30:00.000,187.45,187.47,187.42,187.45,16070
2026-01-15 18:35:00.000,187.45,187.46,187.37,187.4199,11676
2026-01-15 18:40:00.000,187.4025,187.478,187.4001,187.4494,2781
2026-01-15 18:45:00.000,187.4434,187.52,187.42,187.5193,6665
2026-01-15 18:50:00.000,187.51,187.55,187.48,187.55,10538
2026-01-15 18:55:00.000,187.5407,187.55,187.5,187.5,10720
2026-01-15 19:00:00.000,187.53,187.58,187.5,187.58,9409
2026-01-15 19:05:00.000,187.55,187.57,187.52,187.53,10262
2026-01-15 19:10:00.000,187.54,187.58,187.51,187.5104,11562
2026-01-15 19:15:00.000,187.5193,187.56,187.5193,187.5492,1945
2026-01-15 19:20:00.000,187.54,187.5794,187.5369,187.5672,2448
2026-01-15 19:25:00.000,187.57,187.66,187.55,187.6554,15227
2026-01-15 19:30:00.000,187.58,187.7385,187.58,187.7385,12664
2026-01-15 19:35:00.000,187.72,187.72,187.66,187.7,6997
2026-01-15 19:40:00.000,187.66,187.7481,187.6,187.73,5757
2026-01-15 19:45:00.000,187.75,187.75,187.7062,187.75,10452
2026-01-15 19:50:00.000,187.75,187.78,187.64,187.6408,18403
2026-01-15 19:55:00.000,187.6235,187.77,187.6235,187.7169,29670
2026-01-15 20:00:00.000,187.8,187.82,187.7,187.75,1300
2026-01-15 20:05:00.000,187.71,187.85,187.71,187.85,854
2026-01-15 20:10:00.000,187.79,187.88,187.75,187.86,1295
2026-01-15 20:15:00.000,187.84,188.04,187.81,188.03,1675
2026-01-15 20:20:00.000,188.05,188.29,188.05,188.26,4671
2026-01-15 20:25:00.000,188.2,188.2,187.99,187.99,1206
2026-01-15 20:30:00.000,188.0,188.18,188.0,188.11,1552
2026-01-15 20:35:00.000,188.06,188.1,188.04,188.08,920
2026-01-15 20:40:00.000,188.05,188.1,188.03,188.09,187
2026-01-15 20:45:00.000,188.02,188.02,187.8,187.85,2959
2026-01-15 20:50:00.000,187.87,187.93,187.87,187.87,363
2026-01-15 20:55:00.000,187.86,187.92,187.83,187.89,697
2026-01-15 21:00:00.000,187.89,187.89,187.84,187.88,1059
2026-01-15 21:05:00.000,187.87,187.96,187.85,187.96,497
2026-01-15 21:10:00.000,187.98,188.09,187.93,187.98,697
2026-01-15 21:15:00.000,188.04,188.05,187.92,187.95,508
2026-01-15 21:20:00.000,187.99,188.02,187.94,188.01,1132
2026-01-15 21:25:00.000,187.98,187.98,187.96,187.98,40
2026-01-15 21:30:00.000,187.99,187.99,187.88,187.89,1490
2026-01-15 21:35:00.000,187.87,187.99,187.86,187.94,1412
2026-01-15 21:40:00.000,187.92,187.92,187.82,187.82,126
2026-01-15 21:45:00.000,187.86,187.88,187.82,187.88,603
2026-01-15 21:50:00.000,187.88,187.9,187.88,187.88,515
2026-01-15 21:55:00.000,187.9,187.9,187.87,187.87,548
2026-01-15 22:00:00.000,187.9,187.9,187.87,187.87,176
2026-01-15 22:05:00.000,187.87,187.94,187.87,187.93,846
2026-01-15 22:10:00.000,187.92,187.93,187.83,187.83,1191
2026-01-15 22:15:00.000,187.82,187.86,187.82,187.86,274
2026-01-15 22:20:00.000,187.85,187.91,187.85,187.89,172
2026-01-15 22:25:00.000,187.89,187.89,187.87,187.89,348
2026-01-15 22:30:00.000,187.87,187.93,187.87,187.87,327
2026-01-15 22:35:00.000,187.89,187.91,187.87,187.89,107
2026-01-15 22:40:00.000,187.93,188.0,187.92,188.0,317
2026-01-15 22:45:00.000,187.95,187.98,187.91,187.97,340
2026-01-15 22:50:00.000,187.99,188.0,187.95,187.99,779
2026-01-15 22:55:00.000,187.99,188.0,187.95,187.96,961
2026-01-15 23:00:00.000,187.96,188.0,187.95,187.95,819
2026-01-15 23:05:00.000,187.95,188.0,187.95,188.0,357
2026-01-15 23:10:00.000,188.0,188.14,188.0,188.14,360
2026-01-15 23:15:00.000,188.13,188.18,188.11,188.18,670
2026-01-15 23:20:00.000,188.17,188.19,188.15,188.19,691
2026-01-15 23:25:00.000,188.16,188.18,188.1,188.1,458
2026-01-15 23:30:00.000,188.14,188.14,188.05,188.11,435
2026-01-15 23:35:00.000,188.08,188.2,188.08,188.15,1711
2026-01-15 23:40:00.000,188.13,188.17,188.13,188.17,173
2026-01-15 23:45:00.000,188.15,188.19,188.13,188.18,350
2026-01-15 23:50:00.000,188.18,188.2,188.14,188.2,876
2026-01-15 23:55:00.000,188.2,188.2,188.16,188.16,359
2026-01-16 00:00:00.000,188.15,188.27,188.14,188.26,571
2026-01-16 00:05:00.000,188.26,188.34,188.25,188.34,839
2026-01-16 00:10:00.000,188.35,188.35,188.26,188.31,581
2026-01-16 00:15:00.000,188.26,188.42,188.26,188.42,1240
2026-01-16 00:20:00.000,188.41,188.54,188.41,188.5,969
2026-01-16 00:25:00.000,188.52,188.53,188.47,188.53,715
2026-01-16 00:30:00.000,188.52,188.52,188.43,188.45,1057
2026-01-16 00:35:00.000,188.42,188.49,188.38,188.47,935
2026-01-16 00:40:00.000,188.45,188.5,188.43,188.46,557
2026-01-16 00:45:00.000,188.5,188.5,188.45,188.48,320
2026-01-16 00:50:00.000,188.47,188.54,188.45,188.54,1402
2026-01-16 00:55:00.000,188.51,188.52,188.45,188.5,681
2026-01-16 01:00:00.000,188.49,188.55,188.45,188.45,290
2026-01-16 01:05:00.000,188.45,188.49,188.43,188.49,554
2026-01-16 01:10:00.000,188.5,188.5,188.31,188.31,635
2026-01-16 01:15:00.000,188.35,188.4,188.32,188.4,665
2026-01-16 01:20:00.000,188.42,188.45,188.35,188.45,451
2026-01-16 01:25:00.000,188.45,188.45,188.37,188.4,528
2026-01-16 01:30:00.000,188.42,188.54,188.42,188.54,1803
2026-01-16 01:35:00.000,188.49,188.49,188.32,188.35,772
2026-01-16 01:40:00.000,188.34,188.34,188.2,188.3,385
2026-01-16 01:45:00.000,188.28,188.31,188.15,188.21,1017
2026-01-16 01:50:00.000,188.22,188.25,188.14,188.19,1304
2026-01-16 01:55:00.000,188.22,188.29,188.17,188.21,128
2026-01-16 02:00:00.000,188.21,188.25,188.19,188.2,768
2026-01-16 02:05:00.000,188.2,188.34,188.19,188.34,306
2026-01-16 02:10:00.000,188.31,188.34,188.3,188.34,125
2026-01-16 02:15:00.000,188.4,188.5,188.4,188.46,2390
2026-01-16 02:20:00.000,188.45,188.49,188.45,188.48,9
2026-01-16 02:25:00.000,188.47,188.5,188.44,188.44,30
2026-01-16 02:30:00.000,188.43,188.43,188.34,188.37,260
2026-01-16 02:35:00.000,188.35,188.35,188.32,188.33,83
2026-01-16 02:40:00.000,188.37,188.42,188.36,188.4,206
2026-01-16 02:45:00.000,188.46,188.48,188.43,188.47,384
2026-01-16 02:50:00.000,188.49,188.51,188.48,188.5,57
2026-01-16 02:55:00.000,188.52,188.55,188.52,188.55,181
2026-01-16 03:00:00.000,188.55,188.68,188.55,188.68,731
2026-01-16 03:05:00.000,188.68,188.7,188.61,188.67,1758
2026-01-16 03:10:00.000,188.71,188.74,188.55,188.55,694
2026-01-16 03:15:00.000,188.5,188.55,188.4,188.4,1314
2026-01-16 03:20:00.000,188.4,188.42,188.3,188.3,455
2026-01-16 03:25:00.000,188.36,188.51,188.36,188.45,933
2026-01-16 03:30:00.000,188.45,188.52,188.45,188.5,625
2026-01-16 03:35:00.000,188.44,188.45,188.38,188.38,321
2026-01-16 03:40:00.000,188.3,188.42,188.26,188.34,256
2026-01-16 03:45:00.000,188.33,188.33,188.3,188.33,111
2026-01-16 03:50:00.000,188.48,188.48,188.48,188.48,11
2026-01-16 03:55:00.000,188.4,188.5,188.35,188.4,924
2026-01-16 04:00:00.000,188.39,188.84,188.39,188.84,6393
2026-01-16 04:05:00.000,188.85,188.93,188.73,188.73,2564
2026-01-16 04:10:00.000,188.75,188.88,188.75,188.85,2933
2026-01-16 04:15:00.000,188.84,188.84,188.69,188.69,491
2026-01-16 04:20:00.000,188.51,188.7,188.4,188.7,2910
2026-01-16 04:25:00.000,188.7,188.8,188.7,188.8,3306
2026-01-16 04:30:00.000,188.87,188.99,188.87,188.88,9535
2026-01-16 04:35:00.000,188.78,188.84,188.71,188.84,1570
2026-01-16 04:40:00.000,188.75,188.75,188.62,188.62,1422
2026-01-16 04:45:00.000,188.65,188.66,188.53,188.66,811
2026-01-16 04:50:00.000,188.68,188.68,188.55,188.58,1571
2026-01-16 04:55:00.000,188.61,188.61,188.47,188.47,1817
2026-01-16 05:00:00.000,188.53,188.53,188.49,188.49,400
2026-01-16 05:05:00.000,188.47,188.5,188.39,188.4,1421
2026-01-16 05:10:00.000,188.44,188.6,188.44,188.6,1368
2026-01-16 05:15:00.000,188.64,188.66,188.64,188.66,276
2026-01-16 05:20:00.000,188.6,188.71,188.6,188.69,1325
2026-01-16 05:25:00.000,188.73,188.75,188.7,188.75,865
2026-01-16 05:30:00.000,188.81,188.9,188.79,188.8,2919
2026-01-16 05:35:00.000,188.8,189.01,188.8,189.0,5997
2026-01-16 05:40:00.000,189.1,189.25,189.1,189.19,4218
2026-01-16 05:45:00.000,189.15,189.27,189.15,189.25,2194
2026-01-16 05:50:00.000,189.2,189.2,189.03,189.03,1542
2026-01-16 05:55:00.000,189.0,189.0,188.89,188.94,2574
2026-01-16 06:00:00.000,188.97,189.0,188.89,188.89,1734
2026-01-16 06:05:00.000,188.8,188.85,188.79,188.85,1784
2026-01-16 06:10:00.000,188.88,188.89,188.88,188.89,799
2026-01-16 06:15:00.000,188.84,188.9,188.82,188.9,993
2026-01-16 06:20:00.000,188.94,188.98,188.91,188.94,870
2026-01-16 06:25:00.000,188.92,188.92,188.84,188.85,925
2026-01-16 06:30:00.000,188.81,188.81,188.81,188.81,200
2026-01-16 06:35:00.000,188.71,188.72,188.71,188.72,2728
2026-01-16 06:40:00.000,188.77,188.78,188.69,188.69,2048
2026-01-16 06:45:00.000,188.67,188.67,188.6,188.61,863
2026-01-16 06:50:00.000,188.68,188.68,188.56,188.56,4620
2026-01-16 06:55:00.000,188.51,188.54,188.47,188.5,5036
2026-01-16 07:00:00.000,188.47,188.59,188.33,188.55,13785
2026-01-16 07:05:00.000,188.59,188.771,188.59,188.73,3946
2026-01-16 07:10:00.000,188.71,188.71,188.66,188.66,3939
2026-01-16 07:15:00.000,188.551,188.61,188.551,188.61,221
2026-01-16 07:20:00.000,188.6,188.7,188.5,188.51,6504
2026-01-16 07:25:00.000,188.57,188.57,188.55,188.55,1400
2026-01-16 07:30:00.000,188.55,188.55,188.48,188.48,558
2026-01-16 07:35:00.000,188.53,188.59,188.53,188.59,434
2026-01-16 07:40:00.000,188.59,188.65,188.59,188.65,575
2026-01-16 07:45:00.000,188.66,188.72,188.55,188.55,2035
2026-01-16 07:50:00.000,188.5,188.5,188.35,188.35,3088
2026-01-16 07:55:00.000,188.33,188.42,188.32,188.42,3118
2026-01-16 08:00:00.000,188.55,189.27,188.15,188.4499,379075
2026-01-16 08:05:00.000,188.4799,188.48,188.15,188.17,29331
2026-01-16 08:10:00.000,188.1307,188.3,188.11,188.29,20436
2026-01-16 08:15:00.000,188.27,188.3446,188.2585,188.2585,18325
2026-01-16 08:20:00.000,188.25,188.25,188.16,188.17,10222
2026-01-16 08:25:00.000,188.2299,188.41,188.2,188.26,16189
2026-01-16 08:30:00.000,188.26,188.35,188.11,188.1301,16174
2026-01-16 08:35:00.000,188.13,188.3,188.02,188.0623,25866
2026-01-16 08:40:00.000,188.0653,188.16,187.97,188.11,26559
2026-01-16 08:45:00.000,188.1354,188.31,188.1,188.2392,19270
2026-01-16 08:50:00.000,188.2231,188.49,188.2231,188.4799,29148
2026-01-16 08:55:00.000,188.4794,188.58,188.41,188.41,31724
2026-01-16 09:00:00.000,188.4,188.63,188.4,188.56,32713
2026-01-16 09:05:00.000,188.5599,188.74,188.51,188.7018,39599
2026-01-16 09:10:00.000,188.6669,188.6669,188.51,188.5168,21218
2026-01-16 09:15:00.000,188.5594,188.6913,188.47,188.64,12942
2026-01-16 09:20:00.000,188.63,188.7,188.56,188.56,22700
2026-01-16 09:25:00.000,188.46,189.41,188.0,189.05,150621
2026-01-16 09:30:00.000,189.05,189.67,188.685,189.283,13805191
2026-01-16 09:35:00.000,189.32,190.36,189.31,190.21,3149128
2026-01-16 09:40:00.000,190.2055,190.37,189.67,189.9201,1896344
2026-01-16 09:45:00.000,189.93,190.37,189.65,190.185,1820335
2026-01-16 09:50:00.000,190.245,190.44,189.89,190.07,1660395
2026-01-16 09:55:00.000,190.0573,190.12,189.11,189.24,1584239
2026-01-16 10:00:00.000,189.2199,189.301,188.455,188.94,2561890
2026-01-16 10:05:00.000,188.94,189.2325,188.8,189.1091,1058599
2026-01-16 10:10:00.000,189.1,189.14,188.71,188.84,1025899
2026-01-16 10:15:00.000,188.835,188.9,187.93,188.0417,1365632
2026-01-16 10:20:00.000,188.065,188.46,187.92,188.4,1269700
2026-01-16 10:25:00.000,188.41,188.41,187.6201,187.6384,1024439
2026-01-16 10:30:00.000,187.6301,188.1696,187.53,188.0999,1081024
2026-01-16 10:35:00.000,188.095,188.095,187.52,187.61,1028323
2026-01-16 10:40:00.000,187.6,187.61,187.13,187.46,1217261
2026-01-16 10:45:00.000,187.45,187.64,187.09,187.4254,1062068
2026-01-16 10:50:00.000,187.42,187.63,187.188,187.62,746404
2026-01-16 10:55:00.000,187.63,188.09,187.54,188.05,1244042
2026-01-16 11:00:00.000,188.0599,188.13,187.58,187.62,940837
2026-01-16 11:05:00.000,187.62,187.95,187.5,187.92,790707
2026-01-16 11:10:00.000,187.935,188.12,187.9,187.955,867730
2026-01-16 11:15:00.000,187.97,187.985,187.69,187.85,624966
2026-01-16 11:20:00.000,187.85,188.08,187.7,187.71,1113051
2026-01-16 11:25:00.000,187.7114,187.99,187.64,187.99,834834
2026-01-16 11:30:00.000,187.985,189.4812,187.785,187.7964,826580
2026-01-16 11:35:00.000,187.7901,187.89,187.65,187.655,670854
2026-01-16 11:40:00.000,187.66,187.87,187.63,187.7163,694374
2026-01-16 11:45:00.000,187.7067,188.03,187.7067,187.8601,651872
2026-01-16 11:50:00.000,187.87,188.24,187.8655,188.1658,998812
2026-01-16 11:55:00.000,188.17,188.26,187.91,188.07,882317
2026-01-16 12:00:00.000,188.06,188.1399,187.93,188.1399,710864
2026-01-16 12:05:00.000,188.13,188.29,188.08,188.1107,700926
2026-01-16 12:10:00.000,188.115,188.375,188.04,188.08,985247
2026-01-16 12:15:00.000,188.09,188.1999,187.89,187.995,777833
2026-01-16 12:20:00.000,187.99,188.0783,187.9,188.01,514034
2026-01-16 12:25:00.000,188.02,188.1,187.91,188.03,607261
2026-01-16 12:30:00.000,188.02,188.15,187.87,188.0701,598736
2026-01-16 12:35:00.000,188.075,188.25,187.93,188.02,640362
2026-01-16 12:40:00.000,188.0201,188.055,187.69,187.735,603023
2026-01-16 12:45:00.000,187.73,187.79,187.43,187.595,948732
2026-01-16 12:50:00.000,187.6,187.84,187.59,187.8101,664550
2026-01-16 12:55:00.000,187.82,187.9,187.6701,187.6873,502757
2026-01-16 13:00:00.000,187.7,187.87,187.655,187.7665,429343
2026-01-16 13:05:00.000,187.75,188.0488,187.725,188.015,570918
2026-01-16 13:10:00.000,188.015,188.05,187.89,187.92,661647
2026-01-16 13:15:00.000,187.91,188.14,187.89,188.1345,664728
2026-01-16 13:20:00.000,188.1399,188.15,187.93,188.0897,668489
2026-01-16 13:25:00.000,188.08,188.1,187.84,187.935,638173
2026-01-16 13:30:00.000,187.94,188.07,187.92,188.015,625848
2026-01-16 13:35:00.000,188.015,188.02,187.88,187.95,516609
2026-01-16 13:40:00.000,187.95,188.09,187.88,188.075,365238
2026-01-16 13:45:00.000,188.08,188.27,188.08,188.17,470259
2026-01-16 13:50:00.000,188.1708,188.225,187.99,188.0406,568217
2026-01-16 13:55:00.000,188.0499,188.14,187.9616,188.0733,600291
2026-01-16 14:00:00.000,188.075,188.2,188.03,188.175,550350
2026-01-16 14:05:00.000,188.185,188.4137,188.18,188.3101,926314
2026-01-16 14:10:00.000,188.31,188.31,187.925,187.955,708262
2026-01-16 14:15:00.000,187.9567,187.9899,187.65,187.7446,809306
2026-01-16 14:20:00.000,187.74,187.865,187.7101,187.785,648144
2026-01-16 14:25:00.000,187.785,187.8499,187.645,187.69,642665
2026-01-16 14:30:00.000,187.6801,187.96,187.62,187.745,651997
2026-01-16 14:35:00.000,187.7401,187.8,187.615,187.6708,758725
2026-01-16 14:40:00.000,187.6775,187.93,187.66,187.8799,825920
2026-01-16 14:45:00.000,187.88,187.91,187.695,187.77,585400
2026-01-16 14:50:00.000,187.78,187.96,187.7,187.9001,501624
2026-01-16 14:55:00.000,187.903,187.99,187.8,187.935,600589
2026-01-16 15:00:00.000,187.92,188.025,187.79,187.795,709179
2026-01-16 15:05:00.000,187.7999,187.92,187.65,187.92,590727
2026-01-16 15:10:00.000,187.92,187.98,187.7201,187.825,744695
2026-01-16 15:15:00.000,187.825,187.95,187.73,187.825,590543
2026-01-16 15:20:00.000,187.82,187.97,187.8,187.92,608979
2026-01-16 15:25:00.000,187.9199,187.99,187.735,187.74,661968
2026-01-16 15:30:00.000,187.74,187.77,187.55,187.74,822307
2026-01-16 15:35:00.000,187.74,187.86,187.63,187.805,790161
2026-01-16 15:40:00.000,187.805,187.855,187.61,187.73,558873
2026-01-16 15:45:00.000,187.72,187.72,187.395,187.47,829903
2026-01-16 15:50:00.000,187.48,187.53,187.03,187.355,1680957
2026-01-16 15:55:00.000,187.35,187.36,186.08,186.22,4653914
2026-01-16 16:00:00.000,186.23,186.45,186.105,186.22,36305379
2026-01-16 16:05:00.000,186.36,186.4,186.2269,186.24,329324
2026-01-16 16:10:00.000,186.23,186.34,186.23,186.3182,60202
2026-01-16 16:15:00.000,186.301,186.36,186.23,186.23,314794
2026-01-16 16:20:00.000,186.3,186.32,186.25,186.32,29266
2026-01-16 16:25:00.000,186.32,186.33,186.25,186.2501,35480
2026-01-16 16:30:00.000,186.25,186.3,186.23,186.24,25257
2026-01-16 16:35:00.000,186.24,186.35,186.23,186.32,25660
2026-01-16 16:40:00.000,186.34,186.34,186.2909,186.2909,7465
2026-01-16 16:45:00.000,186.3069,186.33,186.23,186.33,11921
2026-01-16 16:50:00.000,186.3004,186.33,186.3,186.3097,8868
2026-01-16 16:55:00.000,186.31,186.389,186.23,186.3491,423231
2026-01-16 17:00:00.000,186.3301,186.34,186.23,186.3305,12093
2026-01-16 17:05:00.000,186.33,186.34,186.2708,186.32,9992
2026-01-16 17:10:00.000,186.32,186.32,186.23,186.25,15268
2026-01-16 17:15:00.000,186.2469,186.26,186.22,186.2431,7310
2026-01-16 17:20:00.000,186.2501,186.27,186.24,186.27,4176
2026-01-16 17:25:00.000,186.26,186.35,186.26,186.29,4993
2026-01-16 17:30:00.000,186.29,186.3,186.27,186.2799,3866
2026-01-16 17:35:00.000,186.26,186.43,186.26,186.4105,19710
2026-01-16 17:40:00.000,186.41,186.41,186.3,186.4099,12323
2026-01-16 17:45:00.000,186.4098,186.41,186.35,186.37,14270
2026-01-16 17:50:00.000,186.3799,186.38,186.33,186.38,2300
2026-01-16 17:55:00.000,186.33,186.3599,186.33,186.35,11660
2026-01-16 18:00:00.000,186.38,186.38,186.3558,186.36,2168
2026-01-16 18:05:00.000,186.3607,186.3795,186.35,186.35,5512
2026-01-16 18:10:00.000,186.34,186.36,186.34,186.36,7183
2026-01-16 18:15:00.000,186.3779,186.3799,186.34,186.35,6078
2026-01-16 18:20:00.000,186.34,186.5,186.34,186.4798,20340
2026-01-16 18:25:00.000,186.47,186.4997,186.45,186.4977,6702
2026-01-16 18:30:00.000,186.4954,186.4954,186.4,186.42,9837
2026-01-16 18:35:00.000,186.44,186.4699,186.4046,186.42,10202
2026-01-16 18:40:00.000,186.47,186.5,186.23,186.49,18368
2026-01-16 18:45:00.000,186.47,186.47,186.35,186.3502,7663
2026-01-16 18:50:00.000,186.3505,186.38,186.31,186.34,10010
2026-01-16 18:55:00.000,186.3208,186.41,186.3,186.41,5318
2026-01-16 19:00:00.000,186.35,186.398,186.35,186.398,1134
2026-01-16 19:05:00.000,186.37,186.47,186.35,186.47,4270
2026-01-16 19:10:00.000,186.4552,186.4552,186.41,186.43,4567
2026-01-16 19:15:00.000,186.44,186.44,186.39,186.4,7772
2026-01-16 19:20:00.000,186.39,186.4,186.35,186.4,6588
2026-01-16 19:25:00.000,186.3577,186.39,186.35,186.39,3772
2026-01-16 19:30:00.000,186.3999,186.4,186.36,186.37,3094
2026-01-16 19:35:00.000,186.41,186.42,186.4,186.41,8660
2026-01-16 19:40:00.000,186.41,186.41,186.35,186.35,6614
2026-01-16 19:45:00.000,186.34,186.34,186.27,186.29,9201
2026-01-16 19:50:00.000,186.29,186.3,186.27,186.27,11165
2026-01-16 19:55:00.000,186.26,186.3,186.25,186.2518,27102
2026-01-19 20:00:00.000,183.6,185.8,181.8,182.82,50707
2026-01-19 20:05:00.000,182.8,182.9,182.6,182.62,12708
2026-01-19 20:10:00.000,182.62,183.0,182.62,182.99,10097
2026-01-19 20:15:00.000,183.0,183.38,183.0,183.38,14126
2026-01-19 20:20:00.000,183.36,183.4,183.19,183.29,8460
2026-01-19 20:25:00.000,183.28,183.38,183.27,183.38,3460
2026-01-19 20:30:00.000,183.38,183.4,183.34,183.35,2013
2026-01-19 20:35:00.000,183.35,183.38,183.35,183.38,1779
2026-01-19 20:40:00.000,183.36,183.51,183.36,183.49,2598
2026-01-19 20:45:00.000,183.5,183.81,183.5,183.81,3000
2026-01-19 20:50:00.000,183.78,183.9,183.55,183.6,4251
2026-01-19 20:55:00.000,183.53,183.53,183.16,183.32,7283
2026-01-19 21:00:00.000,183.35,183.63,183.33,183.61,2984
2026-01-19 21:05:00.000,183.61,183.62,183.39,183.5,1793
2026-01-19 21:10:00.000,183.5,183.5,183.39,183.42,885
2026-01-19 21:15:00.000,183.4,183.41,183.19,183.19,2275
2026-01-19 21:20:00.000,183.19,183.4,183.19,183.31,4067
2026-01-19 21:25:00.000,183.25,183.42,183.23,183.35,1252
2026-01-19 21:30:00.000,183.37,183.69,183.35,183.6,5154
2026-01-19 21:35:00.000,183.6,183.73,183.59,183.64,1503
2026-01-19 21:40:00.000,183.6,183.62,183.51,183.57,607
2026-01-19 21:45:00.000,183.58,183.67,183.5,183.66,1478
2026-01-19 21:50:00.000,183.65,183.75,183.57,183.6,1912
2026-01-19 21:55:00.000,183.58,183.72,183.53,183.67,1655
2026-01-19 22:00:00.000,183.67,183.67,183.58,183.58,1873
2026-01-19 22:05:00.000,183.6,183.73,183.57,183.73,1624
2026-01-19 22:10:00.000,183.7,183.7,183.6,183.6,2677
2026-01-19 22:15:00.000,183.6,183.62,183.56,183.57,2055
2026-01-19 22:20:00.000,183.6,183.62,183.44,183.45,1176
2026-01-19 22:25:00.000,183.44,183.6,183.44,183.46,868
2026-01-19 22:30:00.000,183.47,183.47,183.36,183.37,1496
2026-01-19 22:35:00.000,183.37,183.44,183.36,183.36,998
2026-01-19 22:40:00.000,183.39,183.42,183.33,183.41,664
2026-01-19 22:45:00.000,183.46,183.56,183.46,183.54,2199
2026-01-19 22:50:00.000,183.52,183.55,183.37,183.4,544
2026-01-19 22:55:00.000,183.38,183.41,183.33,183.34,3290
2026-01-19 23:00:00.000,183.31,183.36,183.28,183.28,736
2026-01-19 23:05:00.000,183.32,183.35,183.21,183.21,1311
2026-01-19 23:10:00.000,183.2,183.21,183.16,183.19,994
2026-01-19 23:15:00.000,183.16,183.16,182.9,182.99,8945
2026-01-19 23:20:00.000,182.99,183.0,182.99,183.0,3074
2026-01-19 23:25:00.000,182.99,183.07,182.99,183.03,1242
2026-01-19 23:30:00.000,183.04,183.06,183.0,183.05,1632
2026-01-19 23:35:00.000,183.03,183.15,183.02,183.12,2355
2026-01-19 23:40:00.000,183.08,183.1,183.03,183.03,879
2026-01-19 23:45:00.000,183.05,183.08,183.02,183.03,587
2026-01-19 23:50:00.000,183.04,183.05,183.0,183.0,846
2026-01-19 23:55:00.000,183.0,183.01,182.86,182.88,2790
2026-01-20 00:00:00.000,182.86,182.88,182.8,182.86,2492
2026-01-20 00:05:00.000,182.86,182.91,182.8,182.88,5863
2026-01-20 00:10:00.000,182.88,183.13,182.88,183.03,1445
2026-01-20 00:15:00.000,183.03,183.04,183.0,183.0,1571
2026-01-20 00:20:00.000,183.06,183.06,183.01,183.06,1776
2026-01-20 00:25:00.000,183.06,183.3,183.05,183.3,2089
2026-01-20 00:30:00.000,183.29,183.37,183.22,183.24,1032
2026-01-20 00:35:00.000,183.25,183.29,183.22,183.23,679
2026-01-20 00:40:00.000,183.18,183.18,183.02,183.02,562
2026-01-20 00:45:00.000,183.04,183.1,183.0,183.1,5313
2026-01-20 00:50:00.000,183.1,183.18,183.1,183.18,1459
2026-01-20 00:55:00.000,183.16,183.19,183.1,183.1,1320
2026-01-20 01:00:00.000,183.1,183.19,183.05,183.07,1637
2026-01-20 01:05:00.000,183.03,183.05,183.0,183.0,3052
2026-01-20 01:10:00.000,183.0,183.0,182.87,182.87,6416
2026-01-20 01:15:00.000,182.89,182.89,182.8,182.84,5052
2026-01-20 01:20:00.000,182.82,182.82,182.59,182.59,4747
2026-01-20 01:25:00.000,182.6,182.6,182.27,182.3,4949
2026-01-20 01:30:00.000,182.3,182.37,182.17,182.18,1030
2026-01-20 01:35:00.000,182.18,182.25,182.13,182.15,2574
2026-01-20 01:40:00.000,182.13,182.16,182.07,182.12,2190
2026-01-20 01:45:00.000,182.17,182.2,182.01,182.15,1062
2026-01-20 01:50:00.000,182.15,182.32,182.11,182.31,2177
2026-01-20 01:55:00.000,182.31,182.5,182.31,182.5,2563
2026-01-20 02:00:00.000,182.49,182.55,182.3,182.35,1111
2026-01-20 02:05:00.000,182.31,182.35,182.1,182.2,1850
2026-01-20 02:10:00.000,182.3,182.4,182.16,182.22,916
2026-01-20 02:15:00.000,182.24,182.35,182.07,182.1,916
2026-01-20 02:20:00.000,182.07,182.34,182.05,182.28,1230
2026-01-20 02:25:00.000,182.22,182.32,182.2,182.2,357
2026-01-20 02:30:00.000,182.2,182.2,182.08,182.13,880
2026-01-20 02:35:00.000,182.11,182.14,182.09,182.11,1111
2026-01-20 02:40:00.000,182.12,182.16,182.09,182.1,901
2026-01-20 02:45:00.000,182.06,182.08,181.95,181.98,3122
2026-01-20 02:50:00.000,181.94,182.17,181.92,182.06,1473
2026-01-20 02:55:00.000,182.06,182.18,182.01,182.01,865
2026-01-20 03:00:00.000,182.02,182.1,181.78,181.78,1769
2026-01-20 03:05:00.000,181.78,181.94,181.57,181.9,5119
2026-01-20 03:10:00.000,181.9,182.04,181.87,181.93,2762
2026-01-20 03:15:00.000,181.96,181.96,181.58,181.62,4064
2026-01-20 03:20:00.000,181.62,181.71,181.44,181.57,6606
2026-01-20 03:25:00.000,181.57,181.62,181.5,181.53,1641
2026-01-20 03:30:00.000,181.55,181.55,181.2,181.2,1538
2026-01-20 03:35:00.000,181.2,181.2,180.81,180.82,8266
2026-01-20 03:40:00.000,180.82,181.07,180.77,181.04,3964
2026-01-20 03:45:00.000,181.09,181.28,181.08,181.28,1501
2026-01-20 03:50:00.000,181.31,181.4,181.3,181.31,231
2026-01-20 03:55:00.000,181.35,181.5,181.35,181.35,826
2026-01-20 04:00:00.000,181.49,182.14,181.12,181.12,29728
2026-01-20 04:05:00.000,181.06,181.12,180.67,180.74,66329
2026-01-20 04:10:00.000,180.77,180.94,180.7,180.7,20972
2026-01-20 04:15:00.000,180.69,180.81,180.6,180.8,9790
2026-01-20 04:20:00.000,180.79,180.82,180.5,180.73,5744
2026-01-20 04:25:00.000,180.61,180.74,180.28,180.29,5148
2026-01-20 04:30:00.000,180.25,180.25,180.01,180.01,16921
2026-01-20 04:35:00.000,180.07,180.25,180.01,180.13,17089
2026-01-20 04:40:00.000,180.12,180.5,180.09,180.3,7814
2026-01-20 04:45:00.000,180.38,180.39,180.2,180.33,2218
2026-01-20 04:50:00.000,180.27,180.7,180.27,180.63,3111
2026-01-20 04:55:00.000,180.63,180.9,180.59,180.8,5699
2026-01-20 05:00:00.000,180.83,180.96,180.73,180.75,7829
2026-01-20 05:05:00.000,180.73,180.92,180.73,180.92,2303
2026-01-20 05:10:00.000,181.0,181.15,180.9,181.07,5572
2026-01-20 05:15:00.000,181.11,181.35,181.08,181.35,5273
2026-01-20 05:20:00.000,181.29,181.39,181.27,181.31,3129
2026-01-20 05:25:00.000,181.35,181.52,181.3,181.47,1396
2026-01-20 05:30:00.000,181.6,181.6,181.2,181.29,3483
2026-01-20 05:35:00.000,181.24,181.25,181.24,181.25,459
2026-01-20 05:40:00.000,181.25,181.3,181.25,181.3,3567
2026-01-20 05:45:00.000,181.36,181.64,181.36,181.64,1533
2026-01-20 05:50:00.000,181.51,181.51,181.39,181.39,6245
2026-01-20 05:55:00.000,181.39,181.4,181.3,181.3,4650
2026-01-20 06:00:00.000,181.34,181.81,181.34,181.81,11104
2026-01-20 06:05:00.000,181.8,181.8,181.72,181.78,500
2026-01-20 06:10:00.000,181.7,181.8,181.7,181.77,925
2026-01-20 06:15:00.000,181.76,181.8,181.49,181.5,8932
2026-01-20 06:20:00.000,181.55,181.77,181.48,181.76,934
2026-01-20 06:25:00.000,181.73,181.81,181.61,181.61,2205
2026-01-20 06:30:00.000,181.69,181.69,181.56,181.61,600
2026-01-20 06:35:00.000,181.59,181.8,181.5,181.8,7499
2026-01-20 06:40:00.000,181.72,181.75,181.63,181.64,3381
2026-01-20 06:45:00.000,181.64,181.7,181.63,181.7,3979
2026-01-20 06:50:00.000,181.6,181.77,181.5,181.77,3332
2026-01-20 06:55:00.000,181.8,181.92,181.8,181.91,4349
2026-01-20 07:00:00.000,181.99,182.42,181.7,182.25,15540
2026-01-20 07:05:00.000,182.25,182.55,182.2,182.55,11989
2026-01-20 07:10:00.000,182.55,182.78,182.55,182.7,8565
2026-01-20 07:15:00.000,182.72,182.89,182.37,182.38,13698
2026-01-20 07:20:00.000,182.41,182.66,182.41,182.61,7115
2026-01-20 07:25:00.000,182.41,182.5,182.3,182.38,2801
2026-01-20 07:30:00.000,182.5,182.51,182.42,182.43,4799
2026-01-20 07:35:00.000,182.45,182.6,182.36,182.58,1656
2026-01-20 07:40:00.000,182.6,182.76,182.6,182.74,3548
2026-01-20 07:45:00.000,182.74,182.85,182.64,182.8,4395
2026-01-20 07:50:00.000,182.8,182.8,182.46,182.47,3243
2026-01-20 07:55:00.000,182.45,182.51,182.31,182.31,9146
2026-01-20 08:00:00.000,182.4,185.765,180.01,182.1423,719795
2026-01-20 08:05:00.000,182.18,182.2199,182.0,182.17,65792
2026-01-20 08:10:00.000,182.1762,183.37,180.88,182.08,54383
2026-01-20 08:15:00.000,182.0662,182.2868,182.05,182.2217,32641
2026-01-20 08:20:00.000,182.2394,182.48,182.15,182.39,53739
2026-01-20 08:25:00.000,182.37,182.39,182.0,182.1,35121
2026-01-20 08:30:00.000,182.07,182.14,181.57,181.99,79893
2026-01-20 08:35:00.000,181.9399,181.99,181.69,181.88,34000
2026-01-20 08:40:00.000,181.8601,181.8938,181.7,181.84,21100
2026-01-20 08:45:00.000,181.7682,181.9,181.74,181.7862,22646
2026-01-20 08:50:00.000,181.7969,181.84,181.6,181.81,33918
2026-01-20 08:55:00.000,181.8205,181.9575,181.59,181.59,19668
2026-01-20 09:00:00.000,181.58,182.0297,181.5,181.86,52651
2026-01-20 09:05:00.000,181.86,181.9001,181.65,181.6801,33933
2026-01-20 09:10:00.000,181.6802,181.7313,181.54,181.6854,44768
2026-01-20 09:15:00.000,181.66,181.88,181.48,181.48,38031
2026-01-20 09:20:00.000,181.4607,181.47,181.2,181.24,95626
2026-01-20 09:25:00.000,181.25,181.9,180.82,181.9,179179
2026-01-20 09:30:00.000,181.9,182.3786,180.365,182.09,7307289
2026-01-20 09:35:00.000,182.09,182.199,180.44,180.48,3308902
2026-01-20 09:40:00.000,180.49,180.72,179.69,180.67,3875315
2026-01-20 09:45:00.000,180.675,180.88,179.81,179.94,2865306
2026-01-20 09:50:00.000,179.94,180.71,179.8,180.28,2581046
2026-01-20 09:55:00.000,180.28,180.47,179.59,179.95,2883955
2026-01-20 10:00:00.000,179.92,181.93,179.66,180.16,1766913
2026-01-20 10:05:00.000,180.17,181.7401,180.11,180.28,2112723
2026-01-20 10:10:00.000,180.26,180.53,179.94,180.06,1466811
2026-01-20 10:15:00.000,180.065,180.17,179.6466,179.7,1530371
2026-01-20 10:20:00.000,179.7024,180.47,179.64,180.235,1678451
2026-01-20 10:25:00.000,180.225,180.88,180.18,180.8,1609156
2026-01-20 10:30:00.000,180.77,181.38,180.66,181.315,2318328
2026-01-20 10:35:00.000,181.31,181.5499,181.15,181.195,1746138
2026-01-20 10:40:00.000,181.18,181.85,181.08,181.44,1683616
2026-01-20 10:45:00.000,181.43,181.48,180.6901,180.8199,1554143
2026-01-20 10:50:00.000,180.765,180.79,180.37,180.59,1484556
2026-01-20 10:55:00.000,180.59,180.6499,180.23,180.5833,1512366
2026-01-20 11:00:00.000,180.6,181.12,180.55,181.025,1343596
2026-01-20 11:05:00.000,181.025,181.26,180.89,180.965,981264
2026-01-20 11:10:00.000,180.9699,181.2,180.77,180.95,1139117
2026-01-20 11:15:00.000,180.94,181.085,180.6275,180.685,985530
2026-01-20 11:20:00.000,180.685,180.695,180.095,180.1099,1226270
2026-01-20 11:25:00.000,180.09,180.36,179.815,180.3199,2481527
2026-01-20 11:30:00.000,180.315,180.38,179.93,180.365,1226315
2026-01-20 11:35:00.000,180.38,180.48,180.04,180.1735,1128110
2026-01-20 11:40:00.000,180.17,180.22,179.64,179.71,1541169
2026-01-20 11:45:00.000,179.71,179.9001,179.635,179.87,1254660
2026-01-20 11:50:00.000,179.87,180.1354,179.56,179.675,1411729
2026-01-20 11:55:00.000,179.69,180.13,179.61,180.0701,1056405
2026-01-20 12:00:00.000,180.06,180.12,179.89,180.04,886255
2026-01-20 12:05:00.000,180.035,180.122,179.62,179.785,1302345
2026-01-20 12:10:00.000,179.77,179.89,179.56,179.825,968794
2026-01-20 12:15:00.000,179.83,179.9,179.6,179.74,752583
2026-01-20 12:20:00.000,179.745,180.0451,179.57,179.98,1297005
2026-01-20 12:25:00.000,179.9801,180.22,179.89,180.0199,1649213
2026-01-20 12:30:00.000,180.01,180.01,179.61,179.79,921977
2026-01-20 12:35:00.000,179.785,179.905,179.62,179.69,831583
2026-01-20 12:40:00.000,179.68,179.7897,179.35,179.495,1438645
2026-01-20 12:45:00.000,179.49,179.64,179.32,179.4809,1168389
2026-01-20 12:50:00.000,179.48,179.68,179.27,179.575,887397
2026-01-20 12:55:00.000,179.57,179.855,179.5301,179.7999,675811
2026-01-20 13:00:00.000,179.8,180.09,179.7507,179.93,788839
2026-01-20 13:05:00.000,179.94,180.0,179.8099,179.965,716583
2026-01-20 13:10:00.000,179.97,180.09,179.77,179.935,698329
2026-01-20 13:15:00.000,179.93,179.95,179.64,179.7558,572945
2026-01-20 13:20:00.000,179.755,179.82,179.59,179.695,668645
2026-01-20 13:25:00.000,179.7,179.83,179.49,179.52,679931
2026-01-20 13:30:00.000,179.5,179.625,179.16,179.32,1357152
2026-01-20 13:35:00.000,179.32,179.38,179.0542,179.095,966424
2026-01-20 13:40:00.000,179.1,179.36,178.9,179.2599,1431092
2026-01-20 13:45:00.000,179.25,179.47,179.17,179.3517,884162
2026-01-20 13:50:00.000,179.34,179.54,179.11,179.239,926915
2026-01-20 13:55:00.000,179.24,179.7699,179.2301,179.75,942314
2026-01-20 14:00:00.000,179.75,179.9,179.71,179.84,818607
2026-01-20 14:05:00.000,179.835,179.98,179.7,179.7899,794428
2026-01-20 14:10:00.000,179.785,179.795,179.5201,179.54,665761
2026-01-20 14:15:00.000,179.5451,179.6,179.29,179.39,591189
2026-01-20 14:20:00.000,179.395,179.55,179.32,179.435,641275
2026-01-20 14:25:00.000,179.43,179.44,179.19,179.435,700179
2026-01-20 14:30:00.000,179.41,179.46,179.155,179.19,773296
2026-01-20 14:35:00.000,179.185,179.525,179.15,179.4827,745706
2026-01-20 14:40:00.000,179.485,179.6,179.33,179.375,764190
2026-01-20 14:45:00.000,179.375,179.5133,179.3,179.435,675415
2026-01-20 14:50:00.000,179.4401,179.64,179.36,179.57,630134
2026-01-20 14:55:00.000,179.57,179.6,179.39,179.5699,648358
2026-01-20 15:00:00.000,179.57,179.605,179.4,179.4601,625662
2026-01-20 15:05:00.000,179.46,179.505,179.1518,179.165,829630
2026-01-20 15:10:00.000,179.165,179.36,178.81,178.865,1269627
2026-01-20 15:15:00.000,178.87,179.02,178.62,178.76,1275225
2026-01-20 15:20:00.000,178.77,178.77,178.355,178.44,1343405
2026-01-20 15:25:00.000,178.46,178.74,178.41,178.495,1199775
2026-01-20 15:30:00.000,178.495,178.84,178.495,178.7101,1038640
2026-01-20 15:35:00.000,178.719,178.88,178.495,178.565,1316437
2026-01-20 15:40:00.000,178.56,178.79,178.425,178.78,1307003
2026-01-20 15:45:00.000,178.785,178.92,178.63,178.85,1676943
2026-01-20 15:50:00.000,178.85,178.93,178.04,178.07,2134730
2026-01-20 15:55:00.000,178.07,178.465,177.62,178.21,5129455
2026-01-20 16:00:00.000,178.22,178.25,177.86,178.04,26101945
2026-01-20 16:05:00.000,178.011,178.1,177.9,178.01,998990
2026-01-20 16:10:00.000,177.97,178.34,177.97,178.32,39442
2026-01-20 16:15:00.000,178.31,178.59,178.07,178.52,160751
2026-01-20 16:20:00.000,178.54,178.59,178.4,178.5501,39704
2026-01-20 16:25:00.000,178.57,178.71,178.37,178.62,51763
2026-01-20 16:30:00.000,178.6,178.6,178.4,178.5,29208
2026-01-20 16:35:00.000,178.5,178.52,178.35,178.44,27535
2026-01-20 16:40:00.000,178.49,178.64,178.45,178.64,21553
2026-01-20 16:45:00.000,178.64,178.91,178.6,178.91,37067
2026-01-20 16:50:00.000,178.9,179.0,178.69,178.88,27775
2026-01-20 16:55:00.000,178.8224,178.89,178.07,178.7335,489905
2026-01-20 17:00:00.000,178.75,178.8,178.75,178.7999,18733
2026-01-20 17:05:00.000,178.8,178.95,178.8,178.8792,14530
2026-01-20 17:10:00.000,178.8546,178.88,178.8,178.87,19248
2026-01-20 17:15:00.000,178.8946,178.9,178.7964,178.7999,14784
2026-01-20 17:20:00.000,178.78,178.89,178.07,178.89,68861
2026-01-20 17:25:00.000,178.87,178.88,178.07,178.86,10477
2026-01-20 17:30:00.000,178.86,178.86,178.8,178.84,4533
2026-01-20 17:35:00.000,178.84,178.84,178.7,178.72,18829
2026-01-20 17:40:00.000,178.73,178.87,178.72,178.85,17886
2026-01-20 17:45:00.000,178.8515,178.9,178.81,178.81,17879
2026-01-20 17:50:00.000,178.8529,178.9,178.83,178.88,4251
2026-01-20 17:55:00.000,178.8803,178.9,178.83,178.87,10791
2026-01-20 18:00:00.000,178.93,179.22,178.9,179.1,29200
2026-01-20 18:05:00.000,179.1,179.22,179.0925,179.2,20023
2026-01-20 18:10:00.000,179.2015,179.24,179.15,179.1884,38753
2026-01-20 18:15:00.000,179.17,179.18,179.1103,179.1103,15274
2026-01-20 18:20:00.000,179.13,179.13,178.95,178.95,30842
2026-01-20 18:25:00.000,178.9823,178.9897,178.9,178.97,15526
2026-01-20 18:30:00.000,178.96,179.01,178.94,179.0,19862
2026-01-20 18:35:00.000,179.0097,179.09,178.07,179.09,211420
2026-01-20 18:40:00.000,179.06,179.08,179.0,179.01,11629
2026-01-20 18:45:00.000,179.0438,179.05,178.71,178.75,19138
2026-01-20 18:50:00.000,178.76,178.87,178.63,178.73,26533
2026-01-20 18:55:00.000,178.7032,178.7795,178.7,178.7108,6712
2026-01-20 19:00:00.000,178.74,178.89,178.7346,178.89,12462
